id,source,date,year,verdict,verdict_origin,claim_text,claim_text_basis,title,url,topic_flags,migrant_match,border_match,frame_flags,text_family,topic_id,retrieval_route,similarity,nearest_seed_id,reviewed_scope,reviewed_frame,review_status,assistant_scope,scope_basis,scope_evidence,human_scope,human_frame,human_review_status
16428,afnc,2020-02-22,2020,misleading,source,รัฐบาลเมินช่วยคนงานเชฟโรเลต ไล่ไปเปิด google หางาน,cleaned_title,ข่าวบิดเบือน อย่าแชร์! รัฐบาลเมินช่วยคนงานเชฟโรเลต ไล่ไปเปิด google หางาน,https://www.antifakenewscenter.com/?p=2187,other,False,False,other,84a65d51f770a7f00eee,-1,semantic_neighbor,0.9316220283508301,14882,,,pending,out_of_scope,"assistant read claim/title, not full-source verification",ข่าวบิดเบือน อย่าแชร์! รัฐบาลเมินช่วยคนงานเชฟโรเลต ไล่ไปเปิด google หางาน,,,pending
16390,afnc,2020-03-05,2020,false,source,การออกบัตรให้มุสลิมต่างด้าวทางสื่อออนไลน์,cleaned_title,ข่าวปลอม อย่าแชร์! การออกบัตรให้มุสลิมต่างด้าวทางสื่อออนไลน์,https://www.antifakenewscenter.com/?p=2430,T06,True,False,other,f359e79f782d2237cd47,-1,keyword_seed,1.0000001192092896,16390,,,pending,resident_refugee_status,"assistant read claim/title, not full-source verification",ข่าวปลอม อย่าแชร์! การออกบัตรให้มุสลิมต่างด้าวทางสื่อออนไลน์,,,pending
16852,afp,2020-03-11,2020,false,source,"ชายต่างด้าวสมรสหญิงไอซ์แลนด์ได้เงินเดือน 170,000 บาทจากรัฐบาล?",source,รัฐบาลไอซ์แลนด์ได้ชี้แจงหลายครั้งแล้วตั้งแต่ข่าวลือเริ่มขึ้นในปี 2559 ว่าไม่มีโครงการแต่งงานแลกเงิน,https://factcheckthailand.afp.com/rathbaalaichaelndaidchiiaecchnghlaaykhrangaelwtangaetkhaawluueerimkhuenainpii-2559,T06,True,False,other,7e8e5b1b868122b45d3d,-1,keyword_seed,1.0000004768371582,16852,,,pending,out_of_scope,"assistant read claim/title, not full-source verification",รัฐบาลไอซ์แลนด์ได้ชี้แจงหลายครั้งแล้วตั้งแต่ข่าวลือเริ่มขึ้นในปี 2559 ว่าไม่มีโครงการแต่งงานแลกเงิน,,,pending
16192,afnc,2020-04-04,2020,misleading,source,กระทรวงการต่างประเทศฝ่าฝืนคำสั่ง ออกเอกสารให้คนเดินทางเข้าประเทศไทย,cleaned_title,ข่าวบิดเบือน อย่าแชร์! กระทรวงการต่างประเทศฝ่าฝืนคำสั่ง ออกเอกสารให้คนเดินทางเข้าประเทศไทย,https://www.antifakenewscenter.com/?p=3855,other,False,False,other,33d29ba48f6e37ed0393,-1,semantic_neighbor,0.9367911219596863,1905,,,pending,out_of_scope,"assistant read claim/title, not full-source verification",ข่าวบิดเบือน อย่าแชร์! กระทรวงการต่างประเทศฝ่าฝืนคำสั่ง ออกเอกสารให้คนเดินทางเข้าประเทศไทย,,,pending
15735,afnc,2020-10-04,2020,false,source,ชาวพม่ามาตรวจไทรอยด์ที่รพ.ราชวิถี แต่,cleaned_title,ข่าวปลอม อย่าแชร์! ชาวพม่ามาตรวจไทรอยด์ที่รพ.ราชวิถี แต่พบติดเชื้อโควิด-19,https://www.antifakenewscenter.com/?p=6476,T06,False,False,health,fb3c3b7d6b0fc3b87c6a,-1,keyword_seed,1.000000238418579,15735,,,pending,resident_refugee_status,"assistant read claim/title, not full-source verification",ข่าวปลอม อย่าแชร์! ชาวพม่ามาตรวจไทรอยด์ที่รพ.ราชวิถี แต่พบติดเชื้อโควิด-19,,,pending
15731,afnc,2020-10-06,2020,false,source,ชาวพม่าอพยพเข้าไทยหนีโควิด-19 ที่ด่านพรมแดนแม่สอด จ.ตาก,cleaned_title,ข่าวปลอม อย่าแชร์! ชาวพม่าอพยพเข้าไทยหนีโควิด-19 ที่ด่านพรมแดนแม่สอด จ.ตาก,https://www.antifakenewscenter.com/?p=6499,T02;T06,False,False,health,78d93258ccd7caa03003,-1,keyword_seed,1.0000003576278687,15731,,,pending,resident_refugee_status,"assistant read claim/title, not full-source verification",ข่าวปลอม อย่าแชร์! ชาวพม่าอพยพเข้าไทยหนีโควิด-19 ที่ด่านพรมแดนแม่สอด จ.ตาก,,,pending
15549,afnc,2020-12-22,2020,false,source,แรงงานต่างชาติลักลอบทุบกำแพง หลังพื้นที่กักกันเพื่อหลบหนี,cleaned_title,ข่าวปลอม อย่าแชร์! แรงงานต่างชาติลักลอบทุบกำแพง หลังพื้นที่กักกันเพื่อหลบหนี,https://www.antifakenewscenter.com/?p=7482,other,True,False,security,a5e6d6a13b9306148595,-1,keyword_seed,0.9999998807907104,15549,,,pending,resident_refugee_status,"assistant read claim/title, not full-source verification",ข่าวปลอม อย่าแชร์! แรงงานต่างชาติลักลอบทุบกำแพง หลังพื้นที่กักกันเพื่อหลบหนี,,,pending
15481,afnc,2021-01-11,2021,false,source,คลังอนุมัติ ให้ยกเลิกจ่ายเงินบำนาญแก่ข้าราชการ,cleaned_title,ข่าวปลอม อย่าแชร์! คลังอนุมัติ ให้ยกเลิกจ่ายเงินบำนาญแก่ข้าราชการ,https://www.antifakenewscenter.com/?p=7877,other,False,False,other,6811ee37029eb36bacaf,13,semantic_neighbor,0.9370235800743103,14882,,,pending,out_of_scope,"assistant read claim/title, not full-source verification",ข่าวปลอม อย่าแชร์! คลังอนุมัติ ให้ยกเลิกจ่ายเงินบำนาญแก่ข้าราชการ,,,pending
15406,afnc,2021-02-01,2021,false,source,กระทรวงแรงงาน ปลดล็อก 5 อาชีพ ให้แรงงานต่างชาติ,cleaned_title,ข่าวปลอม อย่าแชร์! กระทรวงแรงงาน ปลดล็อก 5 อาชีพ ให้แรงงานต่างชาติ,https://www.antifakenewscenter.com/?p=8236,other,True,False,jobs,9b9e350fe75036ba75ca,49,keyword_seed,1.0000003576278687,15406,,,pending,resident_refugee_status,"assistant read claim/title, not full-source verification",ข่าวปลอม อย่าแชร์! กระทรวงแรงงาน ปลดล็อก 5 อาชีพ ให้แรงงานต่างชาติ,,,pending
14882,afnc,2021-07-16,2021,misleading,source,กรมการจัดหางาน ยกเลิกโครงการช่วยเหลือคนต่างด้าวด้านสาธารณสุข,cleaned_title,ข่าวบิดเบือน กรมการจัดหางาน ยกเลิกโครงการช่วยเหลือคนต่างด้าวด้านสาธารณสุข,https://www.antifakenewscenter.com/?p=11374,T06,True,False,health,ac1acdbc9a876d41585c,-1,keyword_seed,1.0000004768371582,14882,,,pending,resident_refugee_status,"assistant read claim/title, not full-source verification",ข่าวบิดเบือน กรมการจัดหางาน ยกเลิกโครงการช่วยเหลือคนต่างด้าวด้านสาธารณสุข,,,pending
14480,afnc,2021-10-24,2021,false,source,ผู้ว่าฯ จังหวัดภูเก็ต แอบลักลอบนำมุสลิมต่างด้าวเข้ามาในประเทศอย่างผิดกฎหมาย,cleaned_title,ข่าวปลอม อย่าแชร์! ผู้ว่าฯ จังหวัดภูเก็ต แอบลักลอบนำมุสลิมต่างด้าวเข้ามาในประเทศอย่างผิดกฎหมาย,https://www.antifakenewscenter.com/?p=15331,T06,True,False,security,e3e51593e0d4c446d190,33,keyword_seed,0.9999998807907104,14480,,,pending,resident_refugee_status,"assistant read claim/title, not full-source verification",ข่าวปลอม อย่าแชร์! ผู้ว่าฯ จังหวัดภูเก็ต แอบลักลอบนำมุสลิมต่างด้าวเข้ามาในประเทศอย่างผิดกฎหมาย,,,pending
14318,afnc,2021-11-24,2021,false,source,ข้าราชการไทย ออกบัตรประชาชนให้มุสลิมต่างด้าว โดยไม่ทำตามกฎหมาย,cleaned_title,ข่าวปลอม อย่าแชร์! ข้าราชการไทย ออกบัตรประชาชนให้มุสลิมต่างด้าว โดยไม่ทำตามกฎหมาย,https://www.antifakenewscenter.com/?p=15491,T06,True,False,rights,7fd3887bbd8e2ea0a997,33,keyword_seed,1.0000003576278687,14318,,,pending,resident_refugee_status,"assistant read claim/title, not full-source verification",ข่าวปลอม อย่าแชร์! ข้าราชการไทย ออกบัตรประชาชนให้มุสลิมต่างด้าว โดยไม่ทำตามกฎหมาย,,,pending
13929,afnc,2022-01-29,2022,false,source,กระทรวงแรงงาน ปลดล็อก 5 อาชีพ ให้สามารถจ้างแรงงานต่างชาติทำงานได้,cleaned_title,ข่าวปลอม อย่าแชร์! กระทรวงแรงงาน ปลดล็อก 5 อาชีพ ให้สามารถจ้างแรงงานต่างชาติทำงานได้,https://www.antifakenewscenter.com/?p=18343,other,True,False,jobs,0c5b1c62985629687f68,49,keyword_seed,0.999999463558197,13929,,,pending,resident_refugee_status,"assistant read claim/title, not full-source verification",ข่าวปลอม อย่าแชร์! กระทรวงแรงงาน ปลดล็อก 5 อาชีพ ให้สามารถจ้างแรงงานต่างชาติทำงานได้,,,pending
13918,afnc,2022-01-31,2022,false,source,มีการแอบลักลอบนำชาวมุสลิมต่างด้าวหลายคนเข้า จ.ภูเก็ต ในเวลากลางคืนด้วยรถตู้,cleaned_title,ข่าวปลอม อย่าแชร์! มีการแอบลักลอบนำชาวมุสลิมต่างด้าวหลายคนเข้า จ.ภูเก็ต ในเวลากลางคืนด้วยรถตู้,https://www.antifakenewscenter.com/?p=18404,T06,True,False,security,bc0eca5d589078ed2a79,-1,keyword_seed,1.000000238418579,13918,,,pending,resident_refugee_status,"assistant read claim/title, not full-source verification",ข่าวปลอม อย่าแชร์! มีการแอบลักลอบนำชาวมุสลิมต่างด้าวหลายคนเข้า จ.ภูเก็ต ในเวลากลางคืนด้วยรถตู้,,,pending
13904,afnc,2022-02-02,2022,false,source,ผู้นำซาอุฯ แต่งตั้งตำแหน่งให้นายกฯ นำคนอิสลามเข้าไทยแบบผิดกฎหมาย,cleaned_title,ข่าวปลอม อย่าแชร์! ผู้นำซาอุฯ แต่งตั้งตำแหน่งให้นายกฯ นำคนอิสลามเข้าไทยแบบผิดกฎหมาย,https://www.antifakenewscenter.com/?p=18511,other,False,False,other,7e4e8fbd7c3af237dc7e,33,semantic_neighbor,0.9341774582862854,14480,,,pending,resident_refugee_status,"assistant read claim/title, not full-source verification",ข่าวปลอม อย่าแชร์! ผู้นำซาอุฯ แต่งตั้งตำแหน่งให้นายกฯ นำคนอิสลามเข้าไทยแบบผิดกฎหมาย,,,pending
13599,afnc,2022-03-17,2022,false,source,คลังอนุมัติ ให้ยกเลิกจ่ายเงินบำนาญแก่ข้าราชการ,cleaned_title,ข่าวปลอม อย่าแชร์! คลังอนุมัติ ให้ยกเลิกจ่ายเงินบำนาญแก่ข้าราชการ,https://www.antifakenewscenter.com/?p=20678,other,False,False,other,6811ee37029eb36bacaf,13,semantic_neighbor,0.9370235800743103,14882,,,pending,out_of_scope,"assistant read claim/title, not full-source verification",ข่าวปลอม อย่าแชร์! คลังอนุมัติ ให้ยกเลิกจ่ายเงินบำนาญแก่ข้าราชการ,,,pending
13339,afnc,2022-04-22,2022,false,source,ข้าราชการไทยออกบัตรประชาชนให้มุสลิม โดยไม่ทำตามกฎหมาย,cleaned_title,ข่าวปลอม อย่าแชร์! ข้าราชการไทยออกบัตรประชาชนให้มุสลิม โดยไม่ทำตามกฎหมาย,https://www.antifakenewscenter.com/?p=21798,other,False,False,rights,2315e666be254b78ec10,33,semantic_neighbor,0.9898830056190491,14318,,,pending,unclear,"assistant read claim/title, not full-source verification",ข่าวปลอม อย่าแชร์! ข้าราชการไทยออกบัตรประชาชนให้มุสลิม โดยไม่ทำตามกฎหมาย,,,pending
13229,afnc,2022-05-08,2022,false,source,ตำรวจเตือน มีแก๊งค้าอวัยวะระบาดในประเทศไทย,cleaned_title,ข่าวปลอม อย่าแชร์! ตำรวจเตือน มีแก๊งค้าอวัยวะระบาดในประเทศไทย,https://www.antifakenewscenter.com/?p=22546,other,False,False,other,8a3bdcc5df654e25e19d,-1,semantic_neighbor,0.9336963891983032,4644,,,pending,out_of_scope,"assistant read claim/title, not full-source verification",ข่าวปลอม อย่าแชร์! ตำรวจเตือน มีแก๊งค้าอวัยวะระบาดในประเทศไทย,,,pending
13201,afnc,2022-05-12,2022,false,source,ทหารไทยทำลายสะพานข้ามพรมแดนของผู้ลี้ภัยชาวเมียนมา,cleaned_title,ข่าวปลอม อย่าแชร์! ทหารไทยทำลายสะพานข้ามพรมแดนของผู้ลี้ภัยชาวเมียนมา,https://www.antifakenewscenter.com/?p=22675,other,True,False,other,896d4429135c2b49e93e,-1,keyword_seed,1.000000238418579,13201,,,pending,resident_refugee_status,"assistant read claim/title, not full-source verification",ข่าวปลอม อย่าแชร์! ทหารไทยทำลายสะพานข้ามพรมแดนของผู้ลี้ภัยชาวเมียนมา,,,pending
13177,afnc,2022-05-15,2022,false,source,กระทรวงแรงงาน ปลดล็อก 5 อาชีพ ให้สามารถจ้างแรงงานต่างชาติทำงานได้,cleaned_title,ข่าวปลอม อย่าแชร์! กระทรวงแรงงาน ปลดล็อก 5 อาชีพ ให้สามารถจ้างแรงงานต่างชาติทำงานได้,https://www.antifakenewscenter.com/?p=22789,other,True,False,jobs,0c5b1c62985629687f68,49,keyword_seed,0.999999463558197,13929,,,pending,resident_refugee_status,"assistant read claim/title, not full-source verification",ข่าวปลอม อย่าแชร์! กระทรวงแรงงาน ปลดล็อก 5 อาชีพ ให้สามารถจ้างแรงงานต่างชาติทำงานได้,,,pending
12750,afnc,2022-07-13,2022,false,source,รับทำใบขับขี่แบบเร่งด่วน ไม่ต้องสอบ บัตรออกโดยกรมขนส่งทางบก มีในระบบถูกต้องตามกฎหมาย,cleaned_title,ข่าวปลอม อย่าแชร์! รับทำใบขับขี่แบบเร่งด่วน ไม่ต้องสอบ บัตรออกโดยกรมขนส่งทางบก มีในระบบถูกต้องตามกฎหมาย,https://www.antifakenewscenter.com/?p=24813,other,False,False,other,74d83ed49cad7ff86076,2,semantic_neighbor,0.9417332410812378,2232,,,pending,out_of_scope,"assistant read claim/title, not full-source verification",ข่าวปลอม อย่าแชร์! รับทำใบขับขี่แบบเร่งด่วน ไม่ต้องสอบ บัตรออกโดยกรมขนส่งทางบก มีในระบบถูกต้องตามกฎหมาย,,,pending
12277,afnc,2022-09-17,2022,false,source,ทำใบขับขี่ไม่ต้องสอบที่ขนส่ง แบบถูกกฎหมาย 100% ผ่านไลน์,cleaned_title,ข่าวปลอม อย่าแชร์! ทำใบขับขี่ไม่ต้องสอบที่ขนส่ง แบบถูกกฎหมาย 100% ผ่านไลน์,https://www.antifakenewscenter.com/?p=27058,other,False,False,other,45cc9eb5464623159a12,2,semantic_neighbor,0.9467775225639343,2232,,,pending,out_of_scope,"assistant read claim/title, not full-source verification",ข่าวปลอม อย่าแชร์! ทำใบขับขี่ไม่ต้องสอบที่ขนส่ง แบบถูกกฎหมาย 100% ผ่านไลน์,,,pending
12068,afnc,2022-10-16,2022,false,source,ทำใบขับขี่แบบเร่งด่วนจากขนส่ง กทม. ผ่านช่องทางออนไลน์,cleaned_title,ข่าวปลอม อย่าแชร์! ทำใบขับขี่แบบเร่งด่วนจากขนส่ง กทม. ผ่านช่องทางออนไลน์,https://www.antifakenewscenter.com/?p=28041,other,False,False,other,6788553206194030886b,2,semantic_neighbor,0.9388925433158875,2232,,,pending,out_of_scope,"assistant read claim/title, not full-source verification",ข่าวปลอม อย่าแชร์! ทำใบขับขี่แบบเร่งด่วนจากขนส่ง กทม. ผ่านช่องทางออนไลน์,,,pending
12036,afnc,2022-10-21,2022,false,source,มีการแอบลักลอบนำชาวมุสลิมต่างด้าวหลายคนเข้า จ.ภูเก็ต ในเวลากลางคืนด้วยรถตู้,cleaned_title,ข่าวปลอม อย่าแชร์! มีการแอบลักลอบนำชาวมุสลิมต่างด้าวหลายคนเข้า จ.ภูเก็ต ในเวลากลางคืนด้วยรถตู้,https://www.antifakenewscenter.com/?p=28205,T06,True,False,security,bc0eca5d589078ed2a79,-1,keyword_seed,1.000000238418579,13918,,,pending,resident_refugee_status,"assistant read claim/title, not full-source verification",ข่าวปลอม อย่าแชร์! มีการแอบลักลอบนำชาวมุสลิมต่างด้าวหลายคนเข้า จ.ภูเก็ต ในเวลากลางคืนด้วยรถตู้,,,pending
11947,afnc,2022-11-02,2022,false,source,กรมการจัดหางานเปิดรับคนไทยไปทำงานที่เกาหลี,cleaned_title,ข่าวปลอม อย่าแชร์! กรมการจัดหางานเปิดรับคนไทยไปทำงานที่เกาหลี,https://www.antifakenewscenter.com/?p=28686,other,False,False,jobs,ae9af9890fc62b7ad417,35,semantic_neighbor,0.9316562414169312,14882,,,pending,out_of_scope,"assistant read claim/title, not full-source verification",ข่าวปลอม อย่าแชร์! กรมการจัดหางานเปิดรับคนไทยไปทำงานที่เกาหลี,,,pending
11596,afnc,2022-12-16,2022,false,source,กรมขนส่งเปิดลงทะเบียนทำใบขับขี่ออนไลน์ ผ่านเพจ Drive safe,cleaned_title,ข่าวปลอม อย่าแชร์! กรมขนส่งเปิดลงทะเบียนทำใบขับขี่ออนไลน์ ผ่านเพจ Drive safe,https://www.antifakenewscenter.com/?p=30326,other,False,False,other,6797cc80d7b33c5531c4,2,semantic_neighbor,0.9318662881851196,10046,,,pending,out_of_scope,"assistant read claim/title, not full-source verification",ข่าวปลอม อย่าแชร์! กรมขนส่งเปิดลงทะเบียนทำใบขับขี่ออนไลน์ ผ่านเพจ Drive safe,,,pending
11489,afnc,2022-12-29,2022,false,source,ข้าราชการไทยออกบัตรประชาชนให้มุสลิม โดยไม่ทำตามกฎหมาย,cleaned_title,ข่าวปลอม อย่าแชร์! ข้าราชการไทยออกบัตรประชาชนให้มุสลิม โดยไม่ทำตามกฎหมาย,https://www.antifakenewscenter.com/?p=30790,other,False,False,rights,2315e666be254b78ec10,33,semantic_neighbor,0.9898830056190491,14318,,,pending,unclear,"assistant read claim/title, not full-source verification",ข่าวปลอม อย่าแชร์! ข้าราชการไทยออกบัตรประชาชนให้มุสลิม โดยไม่ทำตามกฎหมาย,,,pending
11436,afnc,2023-01-04,2023,false,source,ทำใบขับขี่แบบเร่งด่วน ไม่ต้องสอบ ออกบัตรโดยกรมขนส่งทางบก มีในระบบถูกต้องตามกฎหมาย,cleaned_title,ข่าวปลอม อย่าแชร์! ทำใบขับขี่แบบเร่งด่วน ไม่ต้องสอบ ออกบัตรโดยกรมขนส่งทางบก มีในระบบถูกต้องตามกฎหมาย,https://www.antifakenewscenter.com/?p=31043,other,False,False,other,1acc751183f2c3cdc69d,2,semantic_neighbor,0.9413262009620667,2232,,,pending,out_of_scope,"assistant read claim/title, not full-source verification",ข่าวปลอม อย่าแชร์! ทำใบขับขี่แบบเร่งด่วน ไม่ต้องสอบ ออกบัตรโดยกรมขนส่งทางบก มีในระบบถูกต้องตามกฎหมาย,,,pending
11408,afnc,2023-01-07,2023,false,source,กระทรวงแรงงานเปิดลงทะเบียนช่วยเหลือการว่างงานของรัฐ,cleaned_title,ข่าวปลอม อย่าแชร์! กระทรวงแรงงานเปิดลงทะเบียนช่วยเหลือการว่างงานของรัฐ,https://www.antifakenewscenter.com/?p=31182,other,False,False,other,614d109537607eb20307,9,semantic_neighbor,0.9368810057640076,14882,,,pending,out_of_scope,"assistant read claim/title, not full-source verification",ข่าวปลอม อย่าแชร์! กระทรวงแรงงานเปิดลงทะเบียนช่วยเหลือการว่างงานของรัฐ,,,pending
11337,afnc,2023-01-16,2023,false,source,เพจรับทำใบขับขี่ถูกกฎหมาย จากกรมการขนส่งทางบก,cleaned_title,ข่าวปลอม อย่าแชร์! เพจรับทำใบขับขี่ถูกกฎหมาย จากกรมการขนส่งทางบก,https://www.antifakenewscenter.com/?p=31522,other,False,False,other,80429ae6b0ba5f6c1cb3,2,semantic_neighbor,0.9339265823364258,2232,,,pending,out_of_scope,"assistant read claim/title, not full-source verification",ข่าวปลอม อย่าแชร์! เพจรับทำใบขับขี่ถูกกฎหมาย จากกรมการขนส่งทางบก,,,pending
11134,afnc,2023-02-10,2023,false,source,เริ่มเก็บค่าบริการสำหรับการต่อใบอนุญาตทำงานและวีซ่าของแรงงานต่างด้าว ตั้งแต่วันที่ 13 ก.พ. 66 ถึง 68,cleaned_title,ข่าวปลอม อย่าแชร์! เริ่มเก็บค่าบริการสำหรับการต่อใบอนุญาตทำงานและวีซ่าของแรงงานต่างด้าว ตั้งแต่วันที่ 13 ก.พ. 66 ถึง 68,https://www.antifakenewscenter.com/?p=32540,T06,True,False,jobs,bc71b7c74c5ee25a30a6,49,keyword_seed,1.0000001192092896,11134,,,pending,resident_refugee_status,"assistant read claim/title, not full-source verification",ข่าวปลอม อย่าแชร์! เริ่มเก็บค่าบริการสำหรับการต่อใบอนุญาตทำงานและวีซ่าของแรงงานต่างด้าว ตั้งแต่วันที่ 13 ก.พ. 66 ถึง 68,,,pending
11087,afnc,2023-02-15,2023,false,source,เพจเปิดรับลงทะเบียนทำบัตรประชาชน สำหรับผู้ที่อาศัยอยู่ในประเทศไทยมานาน,cleaned_title,ข่าวปลอม อย่าแชร์! เพจเปิดรับลงทะเบียนทำบัตรประชาชน สำหรับผู้ที่อาศัยอยู่ในประเทศไทยมานาน,https://www.antifakenewscenter.com/?p=32779,other,False,False,rights,2d60000d209ebab945c9,-1,semantic_neighbor,0.9412099123001099,10046,,,pending,resident_refugee_status,"assistant read claim/title, not full-source verification",ข่าวปลอม อย่าแชร์! เพจเปิดรับลงทะเบียนทำบัตรประชาชน สำหรับผู้ที่อาศัยอยู่ในประเทศไทยมานาน,,,pending
11070,afnc,2023-02-17,2023,false,source,ออมสินเปิดลงทะเบียนสินเชื่อประชาชน ผ่านเพจ BKBTH,cleaned_title,ข่าวปลอม อย่าแชร์! ออมสินเปิดลงทะเบียนสินเชื่อประชาชน ผ่านเพจ BKBTH,https://www.antifakenewscenter.com/?p=32872,T03,False,False,other,fe4c66e956a01220ca79,12,semantic_neighbor,0.929253876209259,10046,,,pending,out_of_scope,"assistant read claim/title, not full-source verification",ข่าวปลอม อย่าแชร์! ออมสินเปิดลงทะเบียนสินเชื่อประชาชน ผ่านเพจ BKBTH,,,pending
10936,afnc,2023-03-05,2023,false,source,กรมการขนส่งทางบกรับทำใบขับขี่แบบเร่งด่วนทุกชนิดผ่านไลน์,cleaned_title,ข่าวปลอม อย่าแชร์! กรมการขนส่งทางบกรับทำใบขับขี่แบบเร่งด่วนทุกชนิดผ่านไลน์,https://www.antifakenewscenter.com/?p=33502,other,False,False,other,bcecdb7285978542f8d0,2,semantic_neighbor,0.939060389995575,2232,,,pending,out_of_scope,"assistant read claim/title, not full-source verification",ข่าวปลอม อย่าแชร์! กรมการขนส่งทางบกรับทำใบขับขี่แบบเร่งด่วนทุกชนิดผ่านไลน์,,,pending
10912,afnc,2023-03-08,2023,false,source,ทำใบขับขี่ออนไลน์ผ่านเพจ ไม่ต้องสอบเองที่ขนส่ง ถูกกฎหมาย 100%,cleaned_title,ข่าวปลอม อย่าแชร์! ทำใบขับขี่ออนไลน์ผ่านเพจ ไม่ต้องสอบเองที่ขนส่ง ถูกกฎหมาย 100%,https://www.antifakenewscenter.com/?p=33653,other,False,False,other,b47d251b58aafb101517,2,semantic_neighbor,0.9531211853027344,2232,,,pending,out_of_scope,"assistant read claim/title, not full-source verification",ข่าวปลอม อย่าแชร์! ทำใบขับขี่ออนไลน์ผ่านเพจ ไม่ต้องสอบเองที่ขนส่ง ถูกกฎหมาย 100%,,,pending
10770,afnc,2023-03-24,2023,false,source,ทำใบขับขี่ผ่านไลน์ถูกกฎหมาย 100%,cleaned_title,ข่าวปลอม อย่าแชร์ ทำใบขับขี่ผ่านไลน์ถูกกฎหมาย 100%,https://www.antifakenewscenter.com/?p=34315,other,False,False,other,884a5590ef0b1c02fc3a,2,semantic_neighbor,0.947324275970459,2232,,,pending,out_of_scope,"assistant read claim/title, not full-source verification",ข่าวปลอม อย่าแชร์ ทำใบขับขี่ผ่านไลน์ถูกกฎหมาย 100%,,,pending
10723,afnc,2023-03-30,2023,false,source,กรมการจัดหางานเปิดรับสมัครพนักงานผ่านโครงการเพื่อสร้างรายได้,cleaned_title,ข่าวปลอม อย่าแชร์! กรมการจัดหางานเปิดรับสมัครพนักงานผ่านโครงการเพื่อสร้างรายได้,https://www.antifakenewscenter.com/?p=34472,other,False,False,other,ce2793f719467822f346,9,semantic_neighbor,0.9297754168510437,14882,,,pending,out_of_scope,"assistant read claim/title, not full-source verification",ข่าวปลอม อย่าแชร์! กรมการจัดหางานเปิดรับสมัครพนักงานผ่านโครงการเพื่อสร้างรายได้,,,pending
10601,afnc,2023-04-14,2023,false,source,กรมการจัดหางานช่วยเหลือผู้ที่อยู่บ้านทั่วประเทศ ให้ทำงานรายได้ 300 บาทขึ้นไป,cleaned_title,ข่าวปลอม อย่าแชร์! กรมการจัดหางานช่วยเหลือผู้ที่อยู่บ้านทั่วประเทศ ให้ทำงานรายได้ 300 บาทขึ้นไป,https://www.antifakenewscenter.com/?p=35128,other,False,False,jobs,d6d41f55e74092a3b8a5,26,semantic_neighbor,0.9305053353309631,14882,,,pending,out_of_scope,"assistant read claim/title, not full-source verification",ข่าวปลอม อย่าแชร์! กรมการจัดหางานช่วยเหลือผู้ที่อยู่บ้านทั่วประเทศ ให้ทำงานรายได้ 300 บาทขึ้นไป,,,pending
10204,afnc,2023-06-01,2023,false,source,กรมการขนส่งทางบกเปิดเพจ รับทำใบขับขี่-รถทุกชนิด เพื่อให้บริการทางออนไลน์,cleaned_title,ข่าวปลอม อย่าแชร์! กรมการขนส่งทางบกเปิดเพจ รับทำใบขับขี่-รถทุกชนิด เพื่อให้บริการทางออนไลน์,https://www.antifakenewscenter.com/?p=37177,other,False,False,other,118220ced1053e2d7bdb,2,semantic_neighbor,0.9329200983047485,2232,,,pending,out_of_scope,"assistant read claim/title, not full-source verification",ข่าวปลอม อย่าแชร์! กรมการขนส่งทางบกเปิดเพจ รับทำใบขับขี่-รถทุกชนิด เพื่อให้บริการทางออนไลน์,,,pending
10114,afnc,2023-06-12,2023,false,source,กรมการขนส่งรับทำใบขับขี่รถทุกชนิด ทุกสัญชาติ ผ่านเพจรับทำใบขับขี่ รถยนต์ มอเตอร์ไซค์,cleaned_title,ข่าวปลอม อย่าแชร์! กรมการขนส่งรับทำใบขับขี่รถทุกชนิด ทุกสัญชาติ ผ่านเพจรับทำใบขับขี่ รถยนต์ มอเตอร์ไซค์,https://www.antifakenewscenter.com/?p=37628,other,False,False,rights,291bb88f47f25229ad12,2,semantic_neighbor,0.9336941838264465,2232,,,pending,unclear,"assistant read claim/title, not full-source verification",ข่าวปลอม อย่าแชร์! กรมการขนส่งรับทำใบขับขี่รถทุกชนิด ทุกสัญชาติ ผ่านเพจรับทำใบขับขี่ รถยนต์ มอเตอร์ไซค์,,,pending
10083,afnc,2023-06-16,2023,false,source,กรมการจัดหางาน ส่ง SMS แจ้งกลุ่มรายชื่อตกหล่น รับเงินชดเชยว่างงาน,cleaned_title,ข่าวปลอม อย่าแชร์! กรมการจัดหางาน ส่ง SMS แจ้งกลุ่มรายชื่อตกหล่น รับเงินชดเชยว่างงาน,https://www.antifakenewscenter.com/?p=37773,other,False,False,other,2a50205f8485946d92b4,-1,semantic_neighbor,0.9393864274024963,14882,,,pending,out_of_scope,"assistant read claim/title, not full-source verification",ข่าวปลอม อย่าแชร์! กรมการจัดหางาน ส่ง SMS แจ้งกลุ่มรายชื่อตกหล่น รับเงินชดเชยว่างงาน,,,pending
10046,afnc,2023-06-20,2023,false,source,เปิดลงทะเบียนทำบัตรประชาชนต่างด้าว ผ่านเพจสำนักบริหารการทะเบียนกลาง,cleaned_title,ข่าวปลอม อย่าแชร์! เปิดลงทะเบียนทำบัตรประชาชนต่างด้าว ผ่านเพจสำนักบริหารการทะเบียนกลาง,https://www.antifakenewscenter.com/?p=37944,T06,True,False,rights,f7cdd0d0cc15068b845f,-1,keyword_seed,0.9999999403953552,10046,,,pending,resident_refugee_status,"assistant read claim/title, not full-source verification",ข่าวปลอม อย่าแชร์! เปิดลงทะเบียนทำบัตรประชาชนต่างด้าว ผ่านเพจสำนักบริหารการทะเบียนกลาง,,,pending
9938,afnc,2023-07-03,2023,false,source,กรมการจัดหางาน เปิดโครงการ “ไม่เลือกงาน ไม่ยากจน” ให้คนไทยมีรายได้เสริม,cleaned_title,ข่าวปลอม อย่าแชร์! กรมการจัดหางาน เปิดโครงการ “ไม่เลือกงาน ไม่ยากจน” ให้คนไทยมีรายได้เสริม,https://www.antifakenewscenter.com/?p=38528,other,False,False,other,692a3af61c742755f96e,-1,semantic_neighbor,0.93326735496521,14882,,,pending,out_of_scope,"assistant read claim/title, not full-source verification",ข่าวปลอม อย่าแชร์! กรมการจัดหางาน เปิดโครงการ “ไม่เลือกงาน ไม่ยากจน” ให้คนไทยมีรายได้เสริม,,,pending
9882,afnc,2023-07-10,2023,false,source,ขบ. รับทำและต่อใบขับขี่เร่งด่วนผ่านเพจเฟซบุ๊ก,cleaned_title,ข่าวปลอม อย่าแชร์! ขบ. รับทำและต่อใบขับขี่เร่งด่วนผ่านเพจเฟซบุ๊ก,https://www.antifakenewscenter.com/?p=38860,other,False,False,other,d0d31927de419373a256,2,semantic_neighbor,0.937034010887146,2232,,,pending,out_of_scope,"assistant read claim/title, not full-source verification",ข่าวปลอม อย่าแชร์! ขบ. รับทำและต่อใบขับขี่เร่งด่วนผ่านเพจเฟซบุ๊ก,,,pending
9833,afnc,2023-07-16,2023,false,source,กรมการจัดหางานจับมือบริษัททั่วประเทศ เปิดโครงการสร้างอาชีพอบรมฟรี,cleaned_title,ข่าวปลอม อย่าแชร์! กรมการจัดหางานจับมือบริษัททั่วประเทศ เปิดโครงการสร้างอาชีพอบรมฟรี,https://www.antifakenewscenter.com/?p=39108,other,False,False,jobs,4ce626991ff3bc1f2aeb,9,semantic_neighbor,0.9315122365951538,14882,,,pending,out_of_scope,"assistant read claim/title, not full-source verification",ข่าวปลอม อย่าแชร์! กรมการจัดหางานจับมือบริษัททั่วประเทศ เปิดโครงการสร้างอาชีพอบรมฟรี,,,pending
9791,afnc,2023-07-21,2023,false,source,กรมการจัดหางานร่วมกับ DBD รับสมัครงานอาชีพเสริมหลังเลิกงาน,cleaned_title,ข่าวปลอม อย่าแชร์! กรมการจัดหางานร่วมกับ DBD รับสมัครงานอาชีพเสริมหลังเลิกงาน,https://www.antifakenewscenter.com/?p=39286,other,False,False,jobs,6f78a986ba7e9c53acfb,9,semantic_neighbor,0.9333508610725403,14882,,,pending,out_of_scope,"assistant read claim/title, not full-source verification",ข่าวปลอม อย่าแชร์! กรมการจัดหางานร่วมกับ DBD รับสมัครงานอาชีพเสริมหลังเลิกงาน,,,pending
9781,afnc,2023-07-22,2023,false,source,ผู้อื่นสามารถสอบใบขับขี่แทนได้,cleaned_title,ข่าวปลอม อย่าแชร์! ผู้อื่นสามารถสอบใบขับขี่แทนได้,https://www.antifakenewscenter.com/?p=39336,other,False,False,other,f01257c1be188269eb4d,19,semantic_neighbor,0.9390592575073242,5541,,,pending,out_of_scope,"assistant read claim/title, not full-source verification",ข่าวปลอม อย่าแชร์! ผู้อื่นสามารถสอบใบขับขี่แทนได้,,,pending
9740,afnc,2023-07-27,2023,false,source,ลักลอบนำชาวต่างด้าวหลายคนเข้าภูเก็ตในเวลากลางคืนด้วยรถตู้,cleaned_title,ข่าวปลอม อย่าแชร์! ลักลอบนำชาวต่างด้าวหลายคนเข้าภูเก็ตในเวลากลางคืนด้วยรถตู้,https://www.antifakenewscenter.com/?p=39586,T06,True,False,security,a861cc949b6addfa1652,-1,keyword_seed,1.0,9740,,,pending,resident_refugee_status,"assistant read claim/title, not full-source verification",ข่าวปลอม อย่าแชร์! ลักลอบนำชาวต่างด้าวหลายคนเข้าภูเก็ตในเวลากลางคืนด้วยรถตู้,,,pending
9705,afnc,2023-08-01,2023,false,source,เพจสำนักงานขนส่งทางบก รับทำใบขับขี่ผ่านระบบออนไลน์,cleaned_title,ข่าวปลอม อย่าแชร์! เพจสำนักงานขนส่งทางบก รับทำใบขับขี่ผ่านระบบออนไลน์,https://www.antifakenewscenter.com/?p=39766,other,False,False,other,5ce051b8a73ffbe1af86,2,semantic_neighbor,0.930143415927887,2232,,,pending,out_of_scope,"assistant read claim/title, not full-source verification",ข่าวปลอม อย่าแชร์! เพจสำนักงานขนส่งทางบก รับทำใบขับขี่ผ่านระบบออนไลน์,,,pending
9668,afnc,2023-08-05,2023,false,source,ทำใบขับขี่ออนไลน์แบบใหม่ผ่านเพจใบการขับรถครบวงจร ของกรมการขนส่งฯ,cleaned_title,ข่าวปลอม อย่าแชร์! ทำใบขับขี่ออนไลน์แบบใหม่ผ่านเพจใบการขับรถครบวงจร ของกรมการขนส่งฯ,https://www.antifakenewscenter.com/?p=39895,other,False,False,other,a271359340e77558f226,2,semantic_neighbor,0.9411976933479309,2232,,,pending,out_of_scope,"assistant read claim/title, not full-source verification",ข่าวปลอม อย่าแชร์! ทำใบขับขี่ออนไลน์แบบใหม่ผ่านเพจใบการขับรถครบวงจร ของกรมการขนส่งฯ,,,pending
9660,afnc,2023-08-06,2023,false,source,กรมบัญชีกลางเปิดเว็บ https://dps.pr-th.cc/ ให้โหลดแอปพลิเคชัน,cleaned_title,ข่าวปลอม อย่าแชร์! กรมบัญชีกลางเปิดเว็บ https://dps.pr-th.cc/ ให้โหลดแอปพลิเคชัน,https://www.antifakenewscenter.com/?p=39938,other,False,False,other,1baece5deb2872eb3da0,-1,semantic_neighbor,0.9297992587089539,10046,,,pending,out_of_scope,"assistant read claim/title, not full-source verification",ข่าวปลอม อย่าแชร์! กรมบัญชีกลางเปิดเว็บ https://dps.pr-th.cc/ ให้โหลดแอปพลิเคชัน,,,pending
9196,afnc,2023-09-30,2023,false,source,รับทำบัตรประชาชนถูกต้องตามกฎหมาย ออกบัตรโดยกระทรวงมหาดไทย ผ่านเพจเฟซบุ๊ก,cleaned_title,ข่าวปลอม อย่าแชร์! รับทำบัตรประชาชนถูกต้องตามกฎหมาย ออกบัตรโดยกระทรวงมหาดไทย ผ่านเพจเฟซบุ๊ก,https://www.antifakenewscenter.com/?p=42144,other,False,False,rights,d40039d2437d96ca17fb,-1,semantic_neighbor,0.9339260458946228,10046,,,pending,out_of_scope,"assistant read claim/title, not full-source verification",ข่าวปลอม อย่าแชร์! รับทำบัตรประชาชนถูกต้องตามกฎหมาย ออกบัตรโดยกระทรวงมหาดไทย ผ่านเพจเฟซบุ๊ก,,,pending
9151,afnc,2023-10-05,2023,false,source,เพจ “ขับขี่ปลอดภัยเร่งด่วน.v1” รับทำใบขับขี่ ทุกประเภท,cleaned_title,ข่าวปลอม อย่าแชร์! เพจ “ขับขี่ปลอดภัยเร่งด่วน.v1” รับทำใบขับขี่ ทุกประเภท,https://www.antifakenewscenter.com/?p=42301,other,False,False,other,cf4c0be1d16fff5ae567,2,semantic_neighbor,0.9448137283325195,2232,,,pending,out_of_scope,"assistant read claim/title, not full-source verification",ข่าวปลอม อย่าแชร์! เพจ “ขับขี่ปลอดภัยเร่งด่วน.v1” รับทำใบขับขี่ ทุกประเภท,,,pending
8990,afnc,2023-10-25,2023,false,source,กรมขนส่งทางบกรับทำใบขับขี่ ผ่านเพจ ทำใบขับขี่ออนไลน์,cleaned_title,ข่าวปลอม อย่าแชร์! กรมขนส่งทางบกรับทำใบขับขี่ ผ่านเพจ ทำใบขับขี่ออนไลน์,https://www.antifakenewscenter.com/?p=43071,other,False,False,other,715c6d57bbe881c45b22,2,semantic_neighbor,0.9367932081222534,2232,,,pending,out_of_scope,"assistant read claim/title, not full-source verification",ข่าวปลอม อย่าแชร์! กรมขนส่งทางบกรับทำใบขับขี่ ผ่านเพจ ทำใบขับขี่ออนไลน์,,,pending
17279,afp,2023-11-21,2023,false,source,กัมพูชาล้มละลาย หันหน้าขอเงินจากไทย,source,หุ้นกู้ไร้หลักทรัพย์ค้ำประกันของธนาคารพาณิชย์กัมพูชา ไม่ได้เป็นหลักฐานว่าประเทศกำลังจะล้มละลาย ผู้เชี่ยวชาญระบุ,https://factcheckthailand.afp.com/doc.afp.com.343K24Y,other,False,False,other,f90feb8160daa939a1b1,28,semantic_neighbor,0.9492277503013611,7946,,,pending,out_of_scope,"assistant read claim/title, not full-source verification",หุ้นกู้ไร้หลักทรัพย์ค้ำประกันของธนาคารพาณิชย์กัมพูชา ไม่ได้เป็นหลักฐานว่าประเทศกำลังจะล้มละลาย ผู้เชี่ยวชาญระบุ,,,pending
8761,afnc,2023-11-22,2023,false,source,เพจเฟซบุ๊กสำนักงานขนส่ง ทางบก รับทำใบขับขี่ทุกประเภท,cleaned_title,ข่าวปลอม อย่าแชร์! เพจเฟซบุ๊กสำนักงานขนส่ง ทางบก รับทำใบขับขี่ทุกประเภท,https://www.antifakenewscenter.com/?p=50505,other,False,False,other,57a60d326a3589038e8b,2,semantic_neighbor,0.9314185976982117,2232,,,pending,out_of_scope,"assistant read claim/title, not full-source verification",ข่าวปลอม อย่าแชร์! เพจเฟซบุ๊กสำนักงานขนส่ง ทางบก รับทำใบขับขี่ทุกประเภท,,,pending
8746,afnc,2023-11-24,2023,false,source,รอง ผบ.ตร. เปิดรับทำใบขับขี่ ผ่านเพจรับ ทำใบขับขี่เร่งด่วน,cleaned_title,ข่าวปลอม อย่าแชร์! รอง ผบ.ตร. เปิดรับทำใบขับขี่ ผ่านเพจรับ ทำใบขับขี่เร่งด่วน,https://www.antifakenewscenter.com/?p=50566,other,False,False,other,6d2985d7d4ad96e800a2,2,semantic_neighbor,0.9416840672492981,2232,,,pending,out_of_scope,"assistant read claim/title, not full-source verification",ข่าวปลอม อย่าแชร์! รอง ผบ.ตร. เปิดรับทำใบขับขี่ ผ่านเพจรับ ทำใบขับขี่เร่งด่วน,,,pending
8739,afnc,2023-11-25,2023,false,source,วัดไทยในประเทศกัมพูชา สร้างขึ้นสมัยรัชกาลที่ 5 ได้ถูกรื้อทิ้ง และมียอดปรางค์หล่นทับคนกัมพูชาเสียชีวิต 1 ราย,cleaned_title,ข่าวปลอม อย่าแชร์! วัดไทยในประเทศกัมพูชา สร้างขึ้นสมัยรัชกาลที่ 5 ได้ถูกรื้อทิ้ง และมียอดปรางค์หล่นทับคนกัมพูชาเสียชีวิต 1 ราย,https://www.antifakenewscenter.com/?p=50625,other,False,False,other,e31ac24753dd31863476,6,keyword_seed,1.0000003576278687,8739,,,pending,out_of_scope,"assistant read claim/title, not full-source verification",ข่าวปลอม อย่าแชร์! วัดไทยในประเทศกัมพูชา สร้างขึ้นสมัยรัชกาลที่ 5 ได้ถูกรื้อทิ้ง และมียอดปรางค์หล่นทับคนกัมพูชาเสียชีวิต 1 ราย,,,pending
8661,afnc,2023-12-06,2023,false,source,เพจเฟซบุ๊กเปิดรับทำใบขับขี่ทุกประเภท ไม่ต้องอบรม ไม่ต้องสอบ ถูกต้องตามกฎหมาย 100%,cleaned_title,ข่าวปลอม อย่าแชร์! เพจเฟซบุ๊กเปิดรับทำใบขับขี่ทุกประเภท ไม่ต้องอบรม ไม่ต้องสอบ ถูกต้องตามกฎหมาย 100%,https://www.antifakenewscenter.com/?p=50952,other,False,False,other,c79fa70831ce89ecfc43,2,semantic_neighbor,0.9323899149894714,2232,,,pending,out_of_scope,"assistant read claim/title, not full-source verification",ข่าวปลอม อย่าแชร์! เพจเฟซบุ๊กเปิดรับทำใบขับขี่ทุกประเภท ไม่ต้องอบรม ไม่ต้องสอบ ถูกต้องตามกฎหมาย 100%,,,pending
8467,afnc,2024-01-06,2024,false,source,คลังอนุมัติให้ยกเลิกจ่ายเงินบำนาญแก่ข้าราชการ,cleaned_title,ข่าวปลอม อย่าแชร์! คลังอนุมัติให้ยกเลิกจ่ายเงินบำนาญแก่ข้าราชการ,https://www.antifakenewscenter.com/?p=51815,other,False,False,other,6811ee37029eb36bacaf,13,semantic_neighbor,0.9386129379272461,14882,,,pending,out_of_scope,"assistant read claim/title, not full-source verification",ข่าวปลอม อย่าแชร์! คลังอนุมัติให้ยกเลิกจ่ายเงินบำนาญแก่ข้าราชการ,,,pending
8340,afnc,2024-01-27,2024,false,source,กัมพูชาทวงคืน 31 จังหวัดของประเทศไทย,cleaned_title,ข่าวปลอม อย่าแชร์! กัมพูชาทวงคืน 31 จังหวัดของประเทศไทย,https://www.antifakenewscenter.com/?p=52318,other,False,False,other,f2c048db393bdd41f477,-1,semantic_neighbor,0.9316281676292419,1003,,,pending,out_of_scope,"assistant read claim/title, not full-source verification",ข่าวปลอม อย่าแชร์! กัมพูชาทวงคืน 31 จังหวัดของประเทศไทย,,,pending
7946,afnc,2024-03-20,2024,false,source,กัมพูชาตัดขาดไทย ดึงแรงงานกัมพูชากลับประเทศ,cleaned_title,ข่าวปลอม อย่าแชร์! กัมพูชาตัดขาดไทย ดึงแรงงานกัมพูชากลับประเทศ,https://www.antifakenewscenter.com/?p=53985,other,True,False,other,a853b5f8425fc7859218,28,keyword_seed,1.0000001192092896,7946,,,pending,resident_refugee_status,"assistant read claim/title, not full-source verification",ข่าวปลอม อย่าแชร์! กัมพูชาตัดขาดไทย ดึงแรงงานกัมพูชากลับประเทศ,,,pending
7940,afnc,2024-03-21,2024,false,source,กระทรวงแรงงานปลดล็อก 5 อาชีพ ให้แรงงานต่างชาติ,cleaned_title,ข่าวปลอม อย่าแชร์! กระทรวงแรงงานปลดล็อก 5 อาชีพ ให้แรงงานต่างชาติ,https://www.antifakenewscenter.com/?p=54008,other,True,False,jobs,9b9e350fe75036ba75ca,49,keyword_seed,1.000000238418579,7940,,,pending,resident_refugee_status,"assistant read claim/title, not full-source verification",ข่าวปลอม อย่าแชร์! กระทรวงแรงงานปลดล็อก 5 อาชีพ ให้แรงงานต่างชาติ,,,pending
7616,afnc,2024-04-25,2024,false,source,ลงทะเบียนทำใบขับขี่ออนไลน์กับกรมการขนส่งทางบกผ่านเพจ จัดทำ ออกใบขับขี่ โดยตรงจาก DLT,cleaned_title,ข่าวปลอม อย่าแชร์! ลงทะเบียนทำใบขับขี่ออนไลน์กับกรมการขนส่งทางบกผ่านเพจ จัดทำ ออกใบขับขี่ โดยตรงจาก DLT,https://www.antifakenewscenter.com/?p=55369,other,False,False,other,92cbca0f0f1d7fd3e803,2,semantic_neighbor,0.9323286414146423,2232,,,pending,out_of_scope,"assistant read claim/title, not full-source verification",ข่าวปลอม อย่าแชร์! ลงทะเบียนทำใบขับขี่ออนไลน์กับกรมการขนส่งทางบกผ่านเพจ จัดทำ ออกใบขับขี่ โดยตรงจาก DLT,,,pending
7566,afnc,2024-04-30,2024,false,source,ทำใบขับขี่หรือต่อใบขับขี่ ผ่านเพจ DLT รับต่อและทำใบขับขี่-เร่งด่วน,cleaned_title,ข่าวปลอม อย่าแชร์! ทำใบขับขี่หรือต่อใบขับขี่ ผ่านเพจ DLT รับต่อและทำใบขับขี่-เร่งด่วน,https://www.antifakenewscenter.com/?p=55563,other,False,False,other,071bb8529691acfdb6a5,2,semantic_neighbor,0.9445610046386719,2232,,,pending,out_of_scope,"assistant read claim/title, not full-source verification",ข่าวปลอม อย่าแชร์! ทำใบขับขี่หรือต่อใบขับขี่ ผ่านเพจ DLT รับต่อและทำใบขับขี่-เร่งด่วน,,,pending
7501,afnc,2024-05-07,2024,false,source,ตำรวจเตือน มีแก๊งค้าอวัยวะระบาดในประเทศไทย,cleaned_title,ข่าวปลอม อย่าแชร์! ตำรวจเตือน มีแก๊งค้าอวัยวะระบาดในประเทศไทย,https://www.antifakenewscenter.com/?p=55819,other,False,False,other,8a3bdcc5df654e25e19d,-1,semantic_neighbor,0.9336963891983032,4644,,,pending,out_of_scope,"assistant read claim/title, not full-source verification",ข่าวปลอม อย่าแชร์! ตำรวจเตือน มีแก๊งค้าอวัยวะระบาดในประเทศไทย,,,pending
7425,afnc,2024-05-16,2024,false,source,ทำใบขับขี่ออนไลน์ผ่านเพจ ใบขับขี่ออนไลน์,cleaned_title,ข่าวปลอม อย่าแชร์! ทำใบขับขี่ออนไลน์ผ่านเพจ ใบขับขี่ออนไลน์,https://www.antifakenewscenter.com/?p=56123,other,False,False,other,a25f3d210baa96176169,2,semantic_neighbor,0.9356829524040222,2232,,,pending,out_of_scope,"assistant read claim/title, not full-source verification",ข่าวปลอม อย่าแชร์! ทำใบขับขี่ออนไลน์ผ่านเพจ ใบขับขี่ออนไลน์,,,pending
7337,afnc,2024-05-25,2024,false,source,ทำใบขับขี่ไม่ต้องสอบที่ขนส่ง แบบถูกกฎหมาย 100% ผ่านไลน์,cleaned_title,ข่าวปลอม อย่าแชร์! ทำใบขับขี่ไม่ต้องสอบที่ขนส่ง แบบถูกกฎหมาย 100% ผ่านไลน์,https://www.antifakenewscenter.com/?p=56421,other,False,False,other,45cc9eb5464623159a12,2,semantic_neighbor,0.9467775225639343,2232,,,pending,out_of_scope,"assistant read claim/title, not full-source verification",ข่าวปลอม อย่าแชร์! ทำใบขับขี่ไม่ต้องสอบที่ขนส่ง แบบถูกกฎหมาย 100% ผ่านไลน์,,,pending
7333,afnc,2024-05-26,2024,false,source,ทำใบขับขี่ได้ที่บ้าน ผ่านเพจรับจัดทำใบขับขี่ แบบออนไลน์ ทั่วประเทศ,cleaned_title,ข่าวปลอม อย่าแชร์! ทำใบขับขี่ได้ที่บ้าน ผ่านเพจรับจัดทำใบขับขี่ แบบออนไลน์ ทั่วประเทศ,https://www.antifakenewscenter.com/?p=57025,other,False,False,other,282879457a84896ab617,2,semantic_neighbor,0.9357510209083557,2232,,,pending,out_of_scope,"assistant read claim/title, not full-source verification",ข่าวปลอม อย่าแชร์! ทำใบขับขี่ได้ที่บ้าน ผ่านเพจรับจัดทำใบขับขี่ แบบออนไลน์ ทั่วประเทศ,,,pending
7311,afnc,2024-05-28,2024,false,source,เพจรับทำใบขับขี่ ทุกชนิด เปิดให้ทำและต่อใบขับขี่ถูกกฎหมาย 100%,cleaned_title,ข่าวปลอม อย่าแชร์! เพจรับทำใบขับขี่ ทุกชนิด เปิดให้ทำและต่อใบขับขี่ถูกกฎหมาย 100%,https://www.antifakenewscenter.com/?p=57269,other,False,False,other,5aae55eb8bac911d4e3c,2,semantic_neighbor,0.954896092414856,2232,,,pending,out_of_scope,"assistant read claim/title, not full-source verification",ข่าวปลอม อย่าแชร์! เพจรับทำใบขับขี่ ทุกชนิด เปิดให้ทำและต่อใบขับขี่ถูกกฎหมาย 100%,,,pending
7273,afnc,2024-06-01,2024,false,source,รับทำใบขับขี่ สำหรับชาวต่างชาติ ผ่านเพจ DLT Smart Queue,cleaned_title,ข่าวปลอม อย่าแชร์! รับทำใบขับขี่ สำหรับชาวต่างชาติ ผ่านเพจ DLT Smart Queue,https://www.antifakenewscenter.com/?p=57501,other,False,False,other,c047dc5e6c9e0d851d5f,2,semantic_neighbor,0.9293310046195984,2232,,,pending,resident_refugee_status,"assistant read claim/title, not full-source verification",ข่าวปลอม อย่าแชร์! รับทำใบขับขี่ สำหรับชาวต่างชาติ ผ่านเพจ DLT Smart Queue,,,pending
7225,afnc,2024-06-07,2024,false,source,รับทำใบขับขี่ออนไลน์ ผ่านเพจ Transport888,cleaned_title,ข่าวปลอม อย่าแชร์! รับทำใบขับขี่ออนไลน์ ผ่านเพจ Transport888,https://www.antifakenewscenter.com/?p=57785,other,False,False,other,37c2175398e18f16c84a,2,semantic_neighbor,0.9295822381973267,2232,,,pending,out_of_scope,"assistant read claim/title, not full-source verification",ข่าวปลอม อย่าแชร์! รับทำใบขับขี่ออนไลน์ ผ่านเพจ Transport888,,,pending
7205,afnc,2024-06-09,2024,false,source,ใบขับขี่ออนไลน์ ไม่ต้องไปขนส่ง ผ่านเพจ รับทำใบขับขี่รถทุกรุ่น A,cleaned_title,ข่าวปลอม อย่าแชร์! ใบขับขี่ออนไลน์ ไม่ต้องไปขนส่ง ผ่านเพจ รับทำใบขับขี่รถทุกรุ่น A,https://www.antifakenewscenter.com/?p=58007,other,False,False,other,8f38e9537654a381b152,2,semantic_neighbor,0.9292823672294617,2232,,,pending,out_of_scope,"assistant read claim/title, not full-source verification",ข่าวปลอม อย่าแชร์! ใบขับขี่ออนไลน์ ไม่ต้องไปขนส่ง ผ่านเพจ รับทำใบขับขี่รถทุกรุ่น A,,,pending
7177,afnc,2024-06-12,2024,false,source,ลงทะเบียนต่อใบขับขี่ออนไลน์ ผ่านเพจ ศูนย์ทำใบขับขี่ จัดส่งทั่วประเทศ,cleaned_title,ข่าวปลอม อย่าแชร์! ลงทะเบียนต่อใบขับขี่ออนไลน์ ผ่านเพจ ศูนย์ทำใบขับขี่ จัดส่งทั่วประเทศ,https://www.antifakenewscenter.com/?p=58118,other,False,False,other,8a5236ac01e8a7d032ab,2,semantic_neighbor,0.9338687658309937,2232,,,pending,out_of_scope,"assistant read claim/title, not full-source verification",ข่าวปลอม อย่าแชร์! ลงทะเบียนต่อใบขับขี่ออนไลน์ ผ่านเพจ ศูนย์ทำใบขับขี่ จัดส่งทั่วประเทศ,,,pending
7146,afnc,2024-06-15,2024,false,source,ทำใบขับขี่ได้ที่บ้าน ไม่ต้องไปขนส่ง ผ่านเพจ จัดทำใบขับขี่ กรมการขนส่งทางบก,cleaned_title,ข่าวปลอม อย่าแชร์! ทำใบขับขี่ได้ที่บ้าน ไม่ต้องไปขนส่ง ผ่านเพจ จัดทำใบขับขี่ กรมการขนส่งทางบก,https://www.antifakenewscenter.com/?p=58263,other,False,False,other,8ca9c37fa0f6faeb4a14,2,semantic_neighbor,0.9334219694137573,2232,,,pending,out_of_scope,"assistant read claim/title, not full-source verification",ข่าวปลอม อย่าแชร์! ทำใบขับขี่ได้ที่บ้าน ไม่ต้องไปขนส่ง ผ่านเพจ จัดทำใบขับขี่ กรมการขนส่งทางบก,,,pending
7102,afnc,2024-06-20,2024,false,source,ทำใบขับขี่ผ่านเพจ รับทำใบขับขี่ออนไลน์ ราคาถูก,cleaned_title,ข่าวปลอม อย่าแชร์! ทำใบขับขี่ผ่านเพจ รับทำใบขับขี่ออนไลน์ ราคาถูก,https://www.antifakenewscenter.com/?p=58438,other,False,False,other,db1decd6fe21b7bcae26,2,semantic_neighbor,0.9411595463752747,2232,,,pending,out_of_scope,"assistant read claim/title, not full-source verification",ข่าวปลอม อย่าแชร์! ทำใบขับขี่ผ่านเพจ รับทำใบขับขี่ออนไลน์ ราคาถูก,,,pending
16888,afp,2024-06-27,2024,false,source,ผู้ลี้ภัยเผาธงชาติฝรั่งเศสในประเทศฝรั่งเศส,source,วิดีโอนี้แสดงภาพผู้ชุมนุมเผาธงชาติฝรั่งเศสในโมร็อกโก,https://factcheckthailand.afp.com/doc.afp.com.34YP4F7,other,True,False,other,eceb314f92bbbfe0d4e3,10,keyword_seed,0.9999997019767761,16888,,,pending,out_of_scope,"assistant read claim/title, not full-source verification",วิดีโอนี้แสดงภาพผู้ชุมนุมเผาธงชาติฝรั่งเศสในโมร็อกโก,,,pending
7030,afnc,2024-06-28,2024,false,source,รับทำใบขับขี่ถูกกฎหมาย ไม่ต้องไปสอบเอง ทางเพจสอบให้,cleaned_title,ข่าวปลอม อย่าแชร์! รับทำใบขับขี่ถูกกฎหมาย ไม่ต้องไปสอบเอง ทางเพจสอบให้,https://www.antifakenewscenter.com/?p=58720,other,False,False,other,31b3367df853bf0cae2d,2,semantic_neighbor,0.9347794055938721,2232,,,pending,out_of_scope,"assistant read claim/title, not full-source verification",ข่าวปลอม อย่าแชร์! รับทำใบขับขี่ถูกกฎหมาย ไม่ต้องไปสอบเอง ทางเพจสอบให้,,,pending
6922,afnc,2024-07-09,2024,false,source,เพจศูนย์ออกบัตรใบขับขี่ จาก กรมการขนส่ง รับทำใบขับขี่ ต่อใบขับขี่ออนไลน์,cleaned_title,ข่าวปลอม อย่าแชร์! เพจศูนย์ออกบัตรใบขับขี่ จาก กรมการขนส่ง รับทำใบขับขี่ ต่อใบขับขี่ออนไลน์,https://www.antifakenewscenter.com/?p=59228,other,False,False,other,bd45abc2961215413876,2,semantic_neighbor,0.9320825934410095,2232,,,pending,out_of_scope,"assistant read claim/title, not full-source verification",ข่าวปลอม อย่าแชร์! เพจศูนย์ออกบัตรใบขับขี่ จาก กรมการขนส่ง รับทำใบขับขี่ ต่อใบขับขี่ออนไลน์,,,pending
6909,afnc,2024-07-11,2024,false,source,ทำใบขับขี่ออนไลน์ผ่านเพจ รับออกบัตรใบขับขี่ ออนไลน์ DLT โดยตรง,cleaned_title,ข่าวปลอม อย่าแชร์! ทำใบขับขี่ออนไลน์ผ่านเพจ รับออกบัตรใบขับขี่ ออนไลน์ DLT โดยตรง,https://www.antifakenewscenter.com/?p=59301,other,False,False,other,c2cd2456cfb2d74fdd15,2,semantic_neighbor,0.9355676174163818,2232,,,pending,out_of_scope,"assistant read claim/title, not full-source verification",ข่าวปลอม อย่าแชร์! ทำใบขับขี่ออนไลน์ผ่านเพจ รับออกบัตรใบขับขี่ ออนไลน์ DLT โดยตรง,,,pending
6896,afnc,2024-07-12,2024,false,source,เพจ ครูโชด รับทำใบขับขี่ทุกชนิดครับ เปิดรับทำใบขับขี่ถูกกฎหมาย 100% ไม่ต้องสอบเองที่ขนส่ง มีผู้สอบให้,cleaned_title,ข่าวปลอม อย่าแชร์! เพจ ครูโชด รับทำใบขับขี่ทุกชนิดครับ เปิดรับทำใบขับขี่ถูกกฎหมาย 100% ไม่ต้องสอบเองที่ขนส่ง มีผู้สอบให้,https://www.antifakenewscenter.com/?p=59357,other,False,False,other,3a30fd367086672a70a9,2,semantic_neighbor,0.9366519451141357,2232,,,pending,out_of_scope,"assistant read claim/title, not full-source verification",ข่าวปลอม อย่าแชร์! เพจ ครูโชด รับทำใบขับขี่ทุกชนิดครับ เปิดรับทำใบขับขี่ถูกกฎหมาย 100% ไม่ต้องสอบเองที่ขนส่ง มีผู้สอบให้,,,pending
27645,cofact,2024-07-15,2024,misleading,human,“บัตรสีชมพู” เปิดช่องแรงงานข้ามชาติ ได้สัญชาติไทยจริงหรือ?,human,ความจริงจากมหาดไทย “บัตรสีชมพู” เปิดช่องแรงงานข้ามชาติ ได้สัญชาติไทยจริงหรือ?,https://blog.cofact.org/th/migrant-workers-identification/,T06,True,False,rights,c0c5a9b90a5011e11308,49,keyword_seed,1.0,27645,,,pending,resident_refugee_status,"assistant read claim/title, not full-source verification",ความจริงจากมหาดไทย “บัตรสีชมพู” เปิดช่องแรงงานข้ามชาติ ได้สัญชาติไทยจริงหรือ?,,,pending
6851,afnc,2024-07-17,2024,false,source,ต่อใบขับขี่ถูกกฎหมาย 100% ทางเพจรับทำต่อใบขับขี่,cleaned_title,ข่าวปลอม อย่าแชร์! ต่อใบขับขี่ถูกกฎหมาย 100% ทางเพจรับทำต่อใบขับขี่,https://www.antifakenewscenter.com/?p=59602,other,False,False,other,3a1d3fdfd37cf7fe0c03,2,semantic_neighbor,0.9567142128944397,2232,,,pending,out_of_scope,"assistant read claim/title, not full-source verification",ข่าวปลอม อย่าแชร์! ต่อใบขับขี่ถูกกฎหมาย 100% ทางเพจรับทำต่อใบขับขี่,,,pending
6758,afnc,2024-07-27,2024,false,source,DLT รับทำใบขับขี่ทุกประเภท ผ่านเพจสอบใบขับขี่ด่วน.,cleaned_title,ข่าวปลอม อย่าแชร์! DLT รับทำใบขับขี่ทุกประเภท ผ่านเพจสอบใบขับขี่ด่วน.,https://www.antifakenewscenter.com/?p=60127,other,False,False,other,b1bb1ef25fcdc955ecdb,2,semantic_neighbor,0.9360439777374268,2232,,,pending,out_of_scope,"assistant read claim/title, not full-source verification",ข่าวปลอม อย่าแชร์! DLT รับทำใบขับขี่ทุกประเภท ผ่านเพจสอบใบขับขี่ด่วน.,,,pending
6743,afnc,2024-07-29,2024,false,source,รับทำและต่ออายุใบขับขี่ถูกต้องตามกฎหมาย บัตรออกโดยขนส่ง ผ่านเพจรับทำใบขับขี่ทุกชนิด,cleaned_title,ข่าวปลอม อย่าแชร์! รับทำและต่ออายุใบขับขี่ถูกต้องตามกฎหมาย บัตรออกโดยขนส่ง ผ่านเพจรับทำใบขับขี่ทุกชนิด,https://www.antifakenewscenter.com/?p=60188,other,False,False,other,0603766c73ae08f00804,2,semantic_neighbor,0.9491992592811584,2232,,,pending,out_of_scope,"assistant read claim/title, not full-source verification",ข่าวปลอม อย่าแชร์! รับทำและต่ออายุใบขับขี่ถูกต้องตามกฎหมาย บัตรออกโดยขนส่ง ผ่านเพจรับทำใบขับขี่ทุกชนิด,,,pending
6542,afnc,2024-08-19,2024,false,source,แรงงานชาวเมียนมาร์ เรียกร้องสิทธิเทียบเท่าคนไทย,cleaned_title,ข่าวปลอม อย่าแชร์! แรงงานชาวเมียนมาร์ เรียกร้องสิทธิเทียบเท่าคนไทย,https://www.antifakenewscenter.com/?p=61035,other,False,False,rights,250ab4eff0db423f4dd6,49,keyword_seed,0.9999998211860657,6542,,,pending,resident_refugee_status,"assistant read claim/title, not full-source verification",ข่าวปลอม อย่าแชร์! แรงงานชาวเมียนมาร์ เรียกร้องสิทธิเทียบเท่าคนไทย,,,pending
6395,afnc,2024-09-05,2024,false,source,รับทำใบขับขี่ทุกประเภท ผ่านเพจนางวัชราภรณ์,cleaned_title,ข่าวปลอม อย่าแชร์! รับทำใบขับขี่ทุกประเภท ผ่านเพจนางวัชราภรณ์,https://www.antifakenewscenter.com/?p=61607,other,False,False,other,a22f5f8ba7d4e81532a9,2,semantic_neighbor,0.9306276440620422,2232,,,pending,out_of_scope,"assistant read claim/title, not full-source verification",ข่าวปลอม อย่าแชร์! รับทำใบขับขี่ทุกประเภท ผ่านเพจนางวัชราภรณ์,,,pending
6381,afnc,2024-09-06,2024,false,source,ธุรกิจนายหน้า นำแรงงานพม่าเข้าประเทศไทย ไร้การควบคุม,cleaned_title,ข่าวปลอม อย่าแชร์! ธุรกิจนายหน้า นำแรงงานพม่าเข้าประเทศไทย ไร้การควบคุม,https://www.antifakenewscenter.com/?p=61670,other,True,False,security,16204bd7fdaba00c0423,49,keyword_seed,0.9999999403953552,6381,,,pending,resident_refugee_status,"assistant read claim/title, not full-source verification",ข่าวปลอม อย่าแชร์! ธุรกิจนายหน้า นำแรงงานพม่าเข้าประเทศไทย ไร้การควบคุม,,,pending
6349,afnc,2024-09-10,2024,false,source,เพจทำใบขับขี่ กับครูโชคแบบเร่งด่วน รับเป็นตัวแทนสอบและอบรมทำใบขับขี่ที่ขนส่งฯ,cleaned_title,ข่าวปลอม อย่าแชร์! เพจทำใบขับขี่ กับครูโชคแบบเร่งด่วน รับเป็นตัวแทนสอบและอบรมทำใบขับขี่ที่ขนส่งฯ,https://www.antifakenewscenter.com/?p=61810,other,False,False,other,cc15d9a4a6a911163f41,2,semantic_neighbor,0.9337195158004761,2232,,,pending,out_of_scope,"assistant read claim/title, not full-source verification",ข่าวปลอม อย่าแชร์! เพจทำใบขับขี่ กับครูโชคแบบเร่งด่วน รับเป็นตัวแทนสอบและอบรมทำใบขับขี่ที่ขนส่งฯ,,,pending
6278,afnc,2024-09-17,2024,misleading,source,"แรงงานต่างด้าวเข้าประเทศทำงานแล้วหลายแสนคน ส่งผลให้แรงงานไทยตกงานแล้วกว่า 430,000 คน",cleaned_title,"ข่าวบิดเบือน แรงงานต่างด้าวเข้าประเทศทำงานแล้วหลายแสนคน ส่งผลให้แรงงานไทยตกงานแล้วกว่า 430,000 คน",https://www.antifakenewscenter.com/?p=62152,T06,True,False,jobs,4ea29307857d3720dcb9,-1,keyword_seed,0.9999997615814209,6278,,,pending,resident_refugee_status,"assistant read claim/title, not full-source verification","ข่าวบิดเบือน แรงงานต่างด้าวเข้าประเทศทำงานแล้วหลายแสนคน ส่งผลให้แรงงานไทยตกงานแล้วกว่า 430,000 คน",,,pending
6249,afnc,2024-09-20,2024,false,source,บัตร 10 ปีที่ต่างด้าวได้รับ ถูกจำหน่ายออกจากระบบ,cleaned_title,ข่าวปลอม อย่าแชร์! บัตร 10 ปีที่ต่างด้าวได้รับ ถูกจำหน่ายออกจากระบบ,https://www.antifakenewscenter.com/?p=62268,T06,True,False,other,76ff78ad9388ffb1529f,-1,keyword_seed,1.0000003576278687,6249,,,pending,resident_refugee_status,"assistant read claim/title, not full-source verification",ข่าวปลอม อย่าแชร์! บัตร 10 ปีที่ต่างด้าวได้รับ ถูกจำหน่ายออกจากระบบ,,,pending
6120,afnc,2024-10-04,2024,false,source,สาวพม่าจ่ายเงินซื้อสัญชาติไทยจำนวน 8 หมื่นบาท,cleaned_title,ข่าวปลอม อย่าแชร์! สาวพม่าจ่ายเงินซื้อสัญชาติไทยจำนวน 8 หมื่นบาท,https://www.antifakenewscenter.com/?p=62850,T06,True,False,rights,f0827ddc34730a6e6752,49,keyword_seed,1.000000238418579,6120,,,pending,resident_refugee_status,"assistant read claim/title, not full-source verification",ข่าวปลอม อย่าแชร์! สาวพม่าจ่ายเงินซื้อสัญชาติไทยจำนวน 8 หมื่นบาท,,,pending
6100,afnc,2024-10-06,2024,false,source,พบแรงงานต่างด้าวจ้างคนไทยเป็นเจ้านาย หรือเรียกว่า นายจ้างให้เช่า,cleaned_title,ข่าวปลอม อย่าแชร์! พบแรงงานต่างด้าวจ้างคนไทยเป็นเจ้านาย หรือเรียกว่า นายจ้างให้เช่า,https://www.antifakenewscenter.com/?p=62955,T06,True,False,other,9c37a9cebb369d9c0c25,49,keyword_seed,0.9999998211860657,6100,,,pending,resident_refugee_status,"assistant read claim/title, not full-source verification",ข่าวปลอม อย่าแชร์! พบแรงงานต่างด้าวจ้างคนไทยเป็นเจ้านาย หรือเรียกว่า นายจ้างให้เช่า,,,pending
5947,afnc,2024-10-23,2024,false,source,รับทำใบขับขี่ออนไลน์ได้ทุกประเภท ผ่านเพจ สำนักงานขนส่งกรุงเทพมหานครพื้นที่ 2 ตลิ่งชัน,cleaned_title,ข่าวปลอม อย่าแชร์! รับทำใบขับขี่ออนไลน์ได้ทุกประเภท ผ่านเพจ สำนักงานขนส่งกรุงเทพมหานครพื้นที่ 2 ตลิ่งชัน,https://www.antifakenewscenter.com/?p=63646,other,False,False,other,8f9522e50abd44b97e63,2,semantic_neighbor,0.930377721786499,2232,,,pending,out_of_scope,"assistant read claim/title, not full-source verification",ข่าวปลอม อย่าแชร์! รับทำใบขับขี่ออนไลน์ได้ทุกประเภท ผ่านเพจ สำนักงานขนส่งกรุงเทพมหานครพื้นที่ 2 ตลิ่งชัน,,,pending
5929,afnc,2024-10-25,2024,false,source,ไทยตัดขาดความสัมพันธ์ระหว่างประเทศกับลาว และกัมพูชา จึงได้ทำการส่งตัวแรงงานจากลาว และกัมพูชากลับประเทศ,cleaned_title,ข่าวปลอม อย่าแชร์! ไทยตัดขาดความสัมพันธ์ระหว่างประเทศกับลาว และกัมพูชา จึงได้ทำการส่งตัวแรงงานจากลาว และกัมพูชากลับประเทศ,https://www.antifakenewscenter.com/?p=63714,other,False,False,other,50ee3ec30a499cc39f97,28,semantic_neighbor,0.9551513195037842,7946,,,pending,resident_refugee_status,"assistant read claim/title, not full-source verification",ข่าวปลอม อย่าแชร์! ไทยตัดขาดความสัมพันธ์ระหว่างประเทศกับลาว และกัมพูชา จึงได้ทำการส่งตัวแรงงานจากลาว และกัมพูชากลับประเทศ,,,pending
5894,afnc,2024-10-29,2024,false,source,เพจเฟซบุ๊ก วราพร เปิดให้ทำใบขับขี่เร่งด่วนแบบถูกกฎหมาย,cleaned_title,ข่าวปลอม อย่าแชร์! เพจเฟซบุ๊ก วราพร เปิดให้ทำใบขับขี่เร่งด่วนแบบถูกกฎหมาย,https://www.antifakenewscenter.com/?p=63868,other,False,False,other,643cffebe462054e7575,2,semantic_neighbor,0.9296646118164062,2232,,,pending,out_of_scope,"assistant read claim/title, not full-source verification",ข่าวปลอม อย่าแชร์! เพจเฟซบุ๊ก วราพร เปิดให้ทำใบขับขี่เร่งด่วนแบบถูกกฎหมาย,,,pending
5889,afnc,2024-10-29,2024,false,source,รับสมัครแรงงานไทยไปต่างประเทศ แบบถูกกฎหมาย รับรองจากกรมแรงงาน,cleaned_title,ข่าวปลอม อย่าแชร์! รับสมัครแรงงานไทยไปต่างประเทศ แบบถูกกฎหมาย รับรองจากกรมแรงงาน,https://www.antifakenewscenter.com/?p=63864,other,False,False,other,7bd172abf276bff57e94,35,semantic_neighbor,0.9384762048721313,5235,,,pending,out_of_scope,"assistant read claim/title, not full-source verification",ข่าวปลอม อย่าแชร์! รับสมัครแรงงานไทยไปต่างประเทศ แบบถูกกฎหมาย รับรองจากกรมแรงงาน,,,pending
5871,afnc,2024-10-31,2024,false,source,เพจเฟซบุ๊ก รับทำใบขับขี่รถทุกชนิด ถูกกฎหมาย รับทำใบขับขี่ออนไลน์ บัตรออกโดยกรมการขนส่งทางบก,cleaned_title,ข่าวปลอม อย่าแชร์! เพจเฟซบุ๊ก รับทำใบขับขี่รถทุกชนิด ถูกกฎหมาย รับทำใบขับขี่ออนไลน์ บัตรออกโดยกรมการขนส่งทางบก,https://www.antifakenewscenter.com/?p=63931,other,False,False,other,1185ba52afa4d7954c88,2,semantic_neighbor,0.9361532926559448,2232,,,pending,out_of_scope,"assistant read claim/title, not full-source verification",ข่าวปลอม อย่าแชร์! เพจเฟซบุ๊ก รับทำใบขับขี่รถทุกชนิด ถูกกฎหมาย รับทำใบขับขี่ออนไลน์ บัตรออกโดยกรมการขนส่งทางบก,,,pending
5828,afnc,2024-11-05,2024,false,source,เพจเฟซบุ๊ก ขับขีปลอดภัย by DLT รับทำต่อใบขับขี่ทุกชนิดถูกกฎหมาย,cleaned_title,ข่าวปลอม อย่าแชร์! เพจเฟซบุ๊ก ขับขีปลอดภัย by DLT รับทำต่อใบขับขี่ทุกชนิดถูกกฎหมาย,https://www.antifakenewscenter.com/?p=64100,other,False,False,other,30b2e76612a468709fdc,2,semantic_neighbor,0.929119884967804,2232,,,pending,out_of_scope,"assistant read claim/title, not full-source verification",ข่าวปลอม อย่าแชร์! เพจเฟซบุ๊ก ขับขีปลอดภัย by DLT รับทำต่อใบขับขี่ทุกชนิดถูกกฎหมาย,,,pending
5698,afnc,2024-11-19,2024,false,source,เพจเจ้าหน้าที่ขนส่งแห่งประเทศไทย รับทำใบขับขี่ ต่อใบขับขี่ แบบออนไลน์ บัตรออกจากกรมขนส่งโดยตรง ทำได้ทั่วประเทศ,cleaned_title,ข่าวปลอม อย่าแชร์! เพจเจ้าหน้าที่ขนส่งแห่งประเทศไทย รับทำใบขับขี่ ต่อใบขับขี่ แบบออนไลน์ บัตรออกจากกรมขนส่งโดยตรง ทำได้ทั่วประเทศ,https://www.antifakenewscenter.com/?p=64609,other,False,False,other,ff4192fad40fdf619e7c,2,semantic_neighbor,0.9310170412063599,2232,,,pending,out_of_scope,"assistant read claim/title, not full-source verification",ข่าวปลอม อย่าแชร์! เพจเจ้าหน้าที่ขนส่งแห่งประเทศไทย รับทำใบขับขี่ ต่อใบขับขี่ แบบออนไลน์ บัตรออกจากกรมขนส่งโดยตรง ทำได้ทั่วประเทศ,,,pending
5683,afnc,2024-11-21,2024,false,source,กรมการขนส่งทางบก เปิดเพจ ใบขับขี่ออนไลน์ เพื่อให้บริการทำใบขับขี่อย่างถูกกฎหมาย,cleaned_title,ข่าวปลอม อย่าแชร์! กรมการขนส่งทางบก เปิดเพจ ใบขับขี่ออนไลน์ เพื่อให้บริการทำใบขับขี่อย่างถูกกฎหมาย,https://www.antifakenewscenter.com/?p=64680,other,False,False,other,80fbddd47a8ac42cee43,2,semantic_neighbor,0.9401732683181763,2232,,,pending,out_of_scope,"assistant read claim/title, not full-source verification",ข่าวปลอม อย่าแชร์! กรมการขนส่งทางบก เปิดเพจ ใบขับขี่ออนไลน์ เพื่อให้บริการทำใบขับขี่อย่างถูกกฎหมาย,,,pending
5626,afnc,2024-11-27,2024,false,source,ลงทะเบียนทำใบขับขี่ออนไลน์ ผ่านเพจ ต่ออายุใบขับขี่ทุกประเภท DLT,cleaned_title,ข่าวปลอม อย่าแชร์! ลงทะเบียนทำใบขับขี่ออนไลน์ ผ่านเพจ ต่ออายุใบขับขี่ทุกประเภท DLT,https://www.antifakenewscenter.com/?p=64916,other,False,False,other,a5389683f55637f55ab5,2,semantic_neighbor,0.9344705939292908,2232,,,pending,out_of_scope,"assistant read claim/title, not full-source verification",ข่าวปลอม อย่าแชร์! ลงทะเบียนทำใบขับขี่ออนไลน์ ผ่านเพจ ต่ออายุใบขับขี่ทุกประเภท DLT,,,pending
5600,afnc,2024-11-30,2024,misleading,source,เปิดให้แรงงานต่างด้าวขึ้นทะเบียน หรือต่ออายุทำงาน และแรงงานเถื่อนก็สามารถขึ้นทะเบียนได้,cleaned_title,ข่าวบิดเบือน เปิดให้แรงงานต่างด้าวขึ้นทะเบียน หรือต่ออายุทำงาน และแรงงานเถื่อนก็สามารถขึ้นทะเบียนได้,https://www.antifakenewscenter.com/?p=65110,T06,True,False,jobs,a5edbf2a413f4bbda279,49,keyword_seed,0.9999998211860657,5600,,,pending,resident_refugee_status,"assistant read claim/title, not full-source verification",ข่าวบิดเบือน เปิดให้แรงงานต่างด้าวขึ้นทะเบียน หรือต่ออายุทำงาน และแรงงานเถื่อนก็สามารถขึ้นทะเบียนได้,,,pending
5597,afnc,2024-11-30,2024,false,source,กรมการขนส่งทางบก เปิดให้ลงทะเบียนทำใบขับขี่ออนไลน์ ผ่านเพจ ข้อมูลใบขับขี่ Thailand,cleaned_title,ข่าวปลอม อย่าแชร์! กรมการขนส่งทางบก เปิดให้ลงทะเบียนทำใบขับขี่ออนไลน์ ผ่านเพจ ข้อมูลใบขับขี่ Thailand,https://www.antifakenewscenter.com/?p=65088,other,False,False,other,1eb732112e5cd70bfdda,2,semantic_neighbor,0.929855227470398,10046,,,pending,out_of_scope,"assistant read claim/title, not full-source verification",ข่าวปลอม อย่าแชร์! กรมการขนส่งทางบก เปิดให้ลงทะเบียนทำใบขับขี่ออนไลน์ ผ่านเพจ ข้อมูลใบขับขี่ Thailand,,,pending
5541,afnc,2024-12-06,2024,false,source,ชาวเมียนมาสามารถทำใบขับขี่ได้โดยไม่ต้องสอบ,cleaned_title,ข่าวปลอม อย่าแชร์! ชาวเมียนมาสามารถทำใบขับขี่ได้โดยไม่ต้องสอบ,https://www.antifakenewscenter.com/?p=65326,other,False,False,other,219457278db4104b0aa4,2,keyword_seed,1.000000238418579,5541,,,pending,resident_refugee_status,"assistant read claim/title, not full-source verification",ข่าวปลอม อย่าแชร์! ชาวเมียนมาสามารถทำใบขับขี่ได้โดยไม่ต้องสอบ,,,pending
5522,afnc,2024-12-08,2024,misleading,source,พบต่างด้าวผลิตไอศกรีมรถเข็นขายเอง ไม่ได้มาตรฐาน ไม่มี อย,llm,ข่าวบิดเบือน พบต่างด้าวผลิตไอศกรีมรถเข็นขายเอง ไม่ได้มาตรฐาน ไม่มี อย.,https://www.antifakenewscenter.com/?p=65450,T06,True,False,other,c5d80e40c31266fda917,-1,keyword_seed,1.0000001192092896,5522,,,pending,resident_refugee_status,"assistant read claim/title, not full-source verification",ข่าวบิดเบือน พบต่างด้าวผลิตไอศกรีมรถเข็นขายเอง ไม่ได้มาตรฐาน ไม่มี อย.,,,pending
5515,afnc,2024-12-09,2024,false,source,กระทรวงแรงงานเปลี่ยนแปลงกฎหมายเอื้อคนพม่า ประกาศขึ้นทะเบียนอาชีพอิสระมากถึง 9 ล้านคน,cleaned_title,ข่าวปลอม อย่าแชร์! กระทรวงแรงงานเปลี่ยนแปลงกฎหมายเอื้อคนพม่า ประกาศขึ้นทะเบียนอาชีพอิสระมากถึง 9 ล้านคน,https://www.antifakenewscenter.com/?p=65462,other,False,False,jobs,45e8bd4c5ecc57570700,49,keyword_seed,0.9999996423721313,5515,,,pending,resident_refugee_status,"assistant read claim/title, not full-source verification",ข่าวปลอม อย่าแชร์! กระทรวงแรงงานเปลี่ยนแปลงกฎหมายเอื้อคนพม่า ประกาศขึ้นทะเบียนอาชีพอิสระมากถึง 9 ล้านคน,,,pending
17349,afp,2024-12-11,2024,false,source,ภาพอดีตปธน.บาชาร์ อัล-อัสซาด ปรากฏตัวที่กรุงมอสโกในฐานะผู้ลี้ภัย,source,ภาพจากปี 2566 ถูกแชร์ในโพสต์เท็จว่าเป็นภาพอดีตประธานาธิบดีซีเรียลี้ภัยในกรุงมอสโก,https://factcheckthailand.afp.com/doc.afp.com.36Q32ZV,other,True,False,other,18613b70da59b4fdcccf,10,keyword_seed,0.9999998211860657,17349,,,pending,out_of_scope,"assistant read claim/title, not full-source verification",ภาพจากปี 2566 ถูกแชร์ในโพสต์เท็จว่าเป็นภาพอดีตประธานาธิบดีซีเรียลี้ภัยในกรุงมอสโก,,,pending
5485,afnc,2024-12-12,2024,false,source,กรมการขนส่งทางบกเปิดเพจ รับทำใบขับขี่ออนไลน์ ทุกชนิด,cleaned_title,ข่าวปลอม อย่าแชร์! กรมการขนส่งทางบกเปิดเพจ รับทำใบขับขี่ออนไลน์ ทุกชนิด,https://www.antifakenewscenter.com/?p=65623,other,False,False,other,e8276d54f25904a39d8a,2,semantic_neighbor,0.9353212118148804,2232,,,pending,out_of_scope,"assistant read claim/title, not full-source verification",ข่าวปลอม อย่าแชร์! กรมการขนส่งทางบกเปิดเพจ รับทำใบขับขี่ออนไลน์ ทุกชนิด,,,pending
5432,afnc,2024-12-18,2024,false,source,เพจ ครูกร ที่ปรึกษาสอนขับ เปิดรับทำใบขับขี่ออนไลน์ รับรองโดย กรมการขนส่งทางบก,cleaned_title,ข่าวปลอม อย่าแชร์! เพจ ครูกร ที่ปรึกษาสอนขับ เปิดรับทำใบขับขี่ออนไลน์ รับรองโดย กรมการขนส่งทางบก,https://www.antifakenewscenter.com/?p=65865,other,False,False,other,d5a1f7864a2a070f8a7b,2,semantic_neighbor,0.9297456741333008,2232,,,pending,out_of_scope,"assistant read claim/title, not full-source verification",ข่าวปลอม อย่าแชร์! เพจ ครูกร ที่ปรึกษาสอนขับ เปิดรับทำใบขับขี่ออนไลน์ รับรองโดย กรมการขนส่งทางบก,,,pending
5366,afnc,2024-12-25,2024,false,source,คนไทยถูกหักเงินประกันสังคม 750 บาท เพื่อเอื้อประโยชน์ให้แรงงานต่างด้าว,cleaned_title,ข่าวปลอม อย่าแชร์! คนไทยถูกหักเงินประกันสังคม 750 บาท เพื่อเอื้อประโยชน์ให้แรงงานต่างด้าว,https://www.antifakenewscenter.com/?p=66111,T06;T05,True,False,rights,b030ab685f9a5197534d,49,keyword_seed,1.0000001192092896,5366,,,pending,resident_refugee_status,"assistant read claim/title, not full-source verification",ข่าวปลอม อย่าแชร์! คนไทยถูกหักเงินประกันสังคม 750 บาท เพื่อเอื้อประโยชน์ให้แรงงานต่างด้าว,,,pending
5309,afnc,2024-12-31,2024,false,source,ทำใบขับขี่ถูกกฎหมาย ไม่ต้องสอบเองที่กรมการขนส่งทางบก ผ่านเพจ กมลวรรณ์ นามวงศ์,cleaned_title,ข่าวปลอม อย่าแชร์! ทำใบขับขี่ถูกกฎหมาย ไม่ต้องสอบเองที่กรมการขนส่งทางบก ผ่านเพจ กมลวรรณ์ นามวงศ์,https://www.antifakenewscenter.com/?p=66341,other,False,False,other,e97a4c5236366061694d,2,semantic_neighbor,0.9308144450187683,2232,,,pending,out_of_scope,"assistant read claim/title, not full-source verification",ข่าวปลอม อย่าแชร์! ทำใบขับขี่ถูกกฎหมาย ไม่ต้องสอบเองที่กรมการขนส่งทางบก ผ่านเพจ กมลวรรณ์ นามวงศ์,,,pending
5235,afnc,2025-01-08,2025,misleading,source,ลูกแรงงานต่างด้าว มีสิทธิ์ขอสัญชาติไทย,cleaned_title,ลูกแรงงานต่างด้าว มีสิทธิ์ขอสัญชาติไทย?,https://www.antifakenewscenter.com/?p=66678,T06,True,False,rights,f166c5fdce8d1a51ac76,49,keyword_seed,1.0000003576278687,5235,,,pending,resident_refugee_status,"assistant read claim/title, not full-source verification",ลูกแรงงานต่างด้าว มีสิทธิ์ขอสัญชาติไทย?,,,pending
5170,afnc,2025-01-15,2025,false,source,ออกบัตรประชาชนให้พม่าเป็นสัญชาติไทย โดยไม่ตรวจประวัติ,cleaned_title,ออกบัตรประชาชนให้พม่าเป็นสัญชาติไทย โดยไม่ตรวจประวัติ,https://www.antifakenewscenter.com/?p=66967,T06,True,False,rights,5373af0e812579711ecf,49,keyword_seed,1.0000001192092896,5170,,,pending,resident_refugee_status,"assistant read claim/title, not full-source verification",ออกบัตรประชาชนให้พม่าเป็นสัญชาติไทย โดยไม่ตรวจประวัติ,,,pending
5062,afnc,2025-01-27,2025,false,source,ไทยปล่อยต่างด้าวเข้าประเทศแบบไม่คัดกรอง จีนเทาฉวยโอกาส จับเด็กไปขอทาน,cleaned_title,ไทยปล่อยต่างด้าวเข้าประเทศแบบไม่คัดกรอง จีนเทาฉวยโอกาส จับเด็กไปขอทาน,https://www.antifakenewscenter.com/?p=67426,T06,True,False,other,a4c08f002880a3907a59,-1,keyword_seed,1.000000238418579,5062,,,pending,resident_refugee_status,"assistant read claim/title, not full-source verification",ไทยปล่อยต่างด้าวเข้าประเทศแบบไม่คัดกรอง จีนเทาฉวยโอกาส จับเด็กไปขอทาน,,,pending
27802,cofact,2025-02-06,2025,false,human,พม่าเรียกค่าแรง 600-700 บาท พร้อมโลโก้พรรคประชาชนในคลิป,llm,4 ปี รัฐประหารเมียนมา คลิปเก่า-เนื้อหาเท็จระบาด ปั่นความเกลียดชังแรงงานข้ามชาติ,https://blog.cofact.org/th/myanmar-06022025/,T09,False,False,other,8998894796b2ff1e1a38,49,semantic_neighbor,0.9583553075790405,16862,,,pending,resident_refugee_status,"assistant read claim/title, not full-source verification",4 ปี รัฐประหารเมียนมา คลิปเก่า-เนื้อหาเท็จระบาด ปั่นความเกลียดชังแรงงานข้ามชาติ,,,pending
16862,afp,2025-02-06,2025,false,source,ภาพแรงงานพม่าเรียกร้องค่าแรงขั้นต่ำ 700 บาท,source,ภาพเก่าถูกแชร์ในโพสต์เท็จว่าแรงงานพม่าเรียกร้องค่าแรงขั้นต่ำ 700 บาท,https://factcheckthailand.afp.com/doc.afp.com.36X87V2,other,True,False,other,cd9d8c13738c8339cb15,49,keyword_seed,0.9999998211860657,16862,,,pending,resident_refugee_status,"assistant read claim/title, not full-source verification",ภาพเก่าถูกแชร์ในโพสต์เท็จว่าแรงงานพม่าเรียกร้องค่าแรงขั้นต่ำ 700 บาท,,,pending
17289,afp,2025-02-06,2025,false,source,วิดีโอแรงงานเมียนมาประท้วงขอขึ้นค่าแรงเป็น 700 บาท,source,วิดีโอเก่าถูกนำมาแชร์ในโพสต์เท็จว่าแรงงานเมียนมาประท้วงขอขึ้นค่าแรงขั้นต่ำ,https://factcheckthailand.afp.com/doc.afp.com.36X84TJ,other,True,False,other,934040b79484f5080460,49,keyword_seed,0.9999996423721313,17289,,,pending,resident_refugee_status,"assistant read claim/title, not full-source verification",วิดีโอเก่าถูกนำมาแชร์ในโพสต์เท็จว่าแรงงานเมียนมาประท้วงขอขึ้นค่าแรงขั้นต่ำ,,,pending
27076,thaipbs,2025-02-17,2025,false,source,แรงงานพม่าในไทยเหิมเกริมมากเกิน ทำการเดินขบวนชุมนุมที่หน้าสนง.ยูเอ็น เรียกร้องค่าแรงขั้นต่ำวันละ 700 บาท,llm,ภาพเก่าปี 64 ถูกอ้างแรงงานเมียนมาร้องขอค่าแรง 700/วัน,https://www.thaipbs.or.th/verify/content/431,other,True,False,other,1909fdbf0e4e01c01ad8,49,keyword_seed,1.0000003576278687,27076,,,pending,resident_refugee_status,"assistant read claim/title, not full-source verification",ภาพเก่าปี 64 ถูกอ้างแรงงานเมียนมาร้องขอค่าแรง 700/วัน,,,pending
4807,afnc,2025-02-24,2025,false,source,กรมการขนส่งทางบกเปิดลงทะเบียนทำใบขับขี่ออนไลน์ ผ่านเพจ บริการขับขี่ปลอดภัย,cleaned_title,กรมการขนส่งทางบกเปิดลงทะเบียนทำใบขับขี่ออนไลน์ ผ่านเพจ บริการขับขี่ปลอดภัย,https://www.antifakenewscenter.com/?p=68490,other,False,False,other,8944b2e541767987fe53,2,semantic_neighbor,0.9304438829421997,10046,,,pending,out_of_scope,"assistant read claim/title, not full-source verification",กรมการขนส่งทางบกเปิดลงทะเบียนทำใบขับขี่ออนไลน์ ผ่านเพจ บริการขับขี่ปลอดภัย,,,pending
4787,afnc,2025-02-26,2025,false,source,ต่างด้าวใน อ.ปาย มีบัตร ปชช. เป็นคนไทย,cleaned_title,ต่างด้าวใน อ.ปาย มีบัตร ปชช. เป็นคนไทย,https://www.antifakenewscenter.com/?p=68575,T06,True,False,other,760891dcdc703a581a4c,49,keyword_seed,0.9999999403953552,4787,,,pending,resident_refugee_status,"assistant read claim/title, not full-source verification",ต่างด้าวใน อ.ปาย มีบัตร ปชช. เป็นคนไทย,,,pending
4785,afnc,2025-02-26,2025,false,source,บริการทำใบขับขี่ออนไลน์! แค่ 1 ชั่วโมง ได้รับบัตรรับรองโดยกรมการขนส่งทางบก,cleaned_title,บริการทำใบขับขี่ออนไลน์! แค่ 1 ชั่วโมง ได้รับบัตรรับรองโดยกรมการขนส่งทางบก,https://www.antifakenewscenter.com/?p=68592,other,False,False,other,9013ed3f74d2c940823a,2,semantic_neighbor,0.931029736995697,2232,,,pending,out_of_scope,"assistant read claim/title, not full-source verification",บริการทำใบขับขี่ออนไลน์! แค่ 1 ชั่วโมง ได้รับบัตรรับรองโดยกรมการขนส่งทางบก,,,pending
4776,afnc,2025-02-27,2025,misleading,source,นายจ้างที่มีต่างด้าวผิดกฎหมาย ต้องส่งแรงงานเข้าไปจัดเก็บอัตลักษณ์บุคคล ภายในวันที่ 28 มิ.ย. 68,cleaned_title,นายจ้างที่มีต่างด้าวผิดกฎหมาย ต้องส่งแรงงานเข้าไปจัดเก็บอัตลักษณ์บุคคล ภายในวันที่ 28 มิ.ย. 68,https://www.antifakenewscenter.com/?p=68620,T06,True,False,other,9db26f369c9795a52ec6,49,keyword_seed,1.0000003576278687,4776,,,pending,resident_refugee_status,"assistant read claim/title, not full-source verification",นายจ้างที่มีต่างด้าวผิดกฎหมาย ต้องส่งแรงงานเข้าไปจัดเก็บอัตลักษณ์บุคคล ภายในวันที่ 28 มิ.ย. 68,,,pending
4768,afnc,2025-02-28,2025,false,source,ทำใบขับขี่ออนไลน์ บัตรออกจากกรมขนส่งโดยตรง ทำได้ทั่วประเทศ,cleaned_title,ทำใบขับขี่ออนไลน์ บัตรออกจากกรมขนส่งโดยตรง ทำได้ทั่วประเทศ,https://www.antifakenewscenter.com/?p=68648,other,False,False,other,3a8b3d1703e84ee64427,2,semantic_neighbor,0.9326508045196533,2232,,,pending,out_of_scope,"assistant read claim/title, not full-source verification",ทำใบขับขี่ออนไลน์ บัตรออกจากกรมขนส่งโดยตรง ทำได้ทั่วประเทศ,,,pending
4750,afnc,2025-03-02,2025,false,source,รับทำใบขับขี่ออนไลน์ทุกชนิดให้คนไทยและคนต่างชาติ ผ่านเพจ รับทำใบขับขี่ออนไลน์,cleaned_title,รับทำใบขับขี่ออนไลน์ทุกชนิดให้คนไทยและคนต่างชาติ ผ่านเพจ รับทำใบขับขี่ออนไลน์,https://www.antifakenewscenter.com/?p=68730,other,False,False,other,b9652e9d60074ed0fbf3,2,semantic_neighbor,0.9488041996955872,2232,,,pending,resident_refugee_status,"assistant read claim/title, not full-source verification",รับทำใบขับขี่ออนไลน์ทุกชนิดให้คนไทยและคนต่างชาติ ผ่านเพจ รับทำใบขับขี่ออนไลน์,,,pending
4743,afnc,2025-03-03,2025,false,source,รับทำบัตรประชาชนไทย ผ่านเพจเฟซบุ๊ก รับใบอนุญาต,cleaned_title,รับทำบัตรประชาชนไทย ผ่านเพจเฟซบุ๊ก รับใบอนุญาต,https://www.antifakenewscenter.com/?p=68757,other,False,False,jobs;rights,fc88bbe8bb6b95a9958f,-1,semantic_neighbor,0.9465022087097168,10046,,,pending,out_of_scope,"assistant read claim/title, not full-source verification",รับทำบัตรประชาชนไทย ผ่านเพจเฟซบุ๊ก รับใบอนุญาต,,,pending
4720,afnc,2025-03-05,2025,misleading,source,ต่างด้าวยกพวกตีกัน ในหมู่บ้านเอื้ออาทร อ.พิมาย,cleaned_title,ต่างด้าวยกพวกตีกัน ในหมู่บ้านเอื้ออาทร อ.พิมาย,https://www.antifakenewscenter.com/?p=68843,T06,True,False,other,b4abbb002034583c4276,-1,keyword_seed,0.9999998211860657,4720,,,pending,resident_refugee_status,"assistant read claim/title, not full-source verification",ต่างด้าวยกพวกตีกัน ในหมู่บ้านเอื้ออาทร อ.พิมาย,,,pending
4669,afnc,2025-03-11,2025,misleading,source,กลาโหม สั่งประชาชนไทย-กัมพูชา ห้ามจัดกิจกรรมบนปราสาทตาเมือนธม,cleaned_title,กลาโหม สั่งประชาชนไทย-กัมพูชา ห้ามจัดกิจกรรมบนปราสาทตาเมือนธม,https://www.antifakenewscenter.com/?p=69057,other,False,False,other,c9dd6f7324a796b347da,6,semantic_neighbor,0.9345139265060425,1543,,,pending,out_of_scope,"assistant read claim/title, not full-source verification",กลาโหม สั่งประชาชนไทย-กัมพูชา ห้ามจัดกิจกรรมบนปราสาทตาเมือนธม,,,pending
4644,afnc,2025-03-13,2025,false,source,แก๊งค้ามนุษย์-ขอทานต่างด้าวระบาดทั่วไทย ไร้การจัดการ,cleaned_title,แก๊งค้ามนุษย์-ขอทานต่างด้าวระบาดทั่วไทย ไร้การจัดการ,https://www.antifakenewscenter.com/?p=69156,T06,True,False,security,068992f12a50880f3502,-1,keyword_seed,1.000000238418579,4644,,,pending,resident_refugee_status,"assistant read claim/title, not full-source verification",แก๊งค้ามนุษย์-ขอทานต่างด้าวระบาดทั่วไทย ไร้การจัดการ,,,pending
4586,afnc,2025-03-20,2025,false,source,เพจใบขับขี่ออนไลน์ เปิดให้ทำใบขับขี่ถูกกฎหมาย 100% ไม่ต้องสอบ,cleaned_title,เพจใบขับขี่ออนไลน์ เปิดให้ทำใบขับขี่ถูกกฎหมาย 100% ไม่ต้องสอบ,https://www.antifakenewscenter.com/?p=69450,other,False,False,other,79b14118bf3793caf5f4,2,semantic_neighbor,0.9510751962661743,2232,,,pending,out_of_scope,"assistant read claim/title, not full-source verification",เพจใบขับขี่ออนไลน์ เปิดให้ทำใบขับขี่ถูกกฎหมาย 100% ไม่ต้องสอบ,,,pending
4489,afnc,2025-03-30,2025,false,source,รับสมัครแรงงานไทย รับรองวีซ่าและอบรมผ่านกรมแรงงาน,cleaned_title,รับสมัครแรงงานไทย รับรองวีซ่าและอบรมผ่านกรมแรงงาน,https://www.antifakenewscenter.com/?p=69978,other,False,False,other,019f91be7a013ac01837,-1,semantic_neighbor,0.9309815168380737,5235,,,pending,out_of_scope,"assistant read claim/title, not full-source verification",รับสมัครแรงงานไทย รับรองวีซ่าและอบรมผ่านกรมแรงงาน,,,pending
4327,afnc,2025-04-16,2025,false,source,ลูกชาวพม่าและเขมร สามารถเรียนหลักสูตรนักศึกษาวิชาทหารไทยได้,cleaned_title,ลูกชาวพม่าและเขมร สามารถเรียนหลักสูตรนักศึกษาวิชาทหารไทยได้,https://www.antifakenewscenter.com/?p=70708,T06,False,False,other,79b3fe2080066e0bf514,-1,keyword_seed,0.9999998211860657,4327,,,pending,resident_refugee_status,"assistant read claim/title, not full-source verification",ลูกชาวพม่าและเขมร สามารถเรียนหลักสูตรนักศึกษาวิชาทหารไทยได้,,,pending
4176,afnc,2025-05-02,2025,false,source,ตม. เปิดเว็บไซต์ลงทะเบียนบัตรขาเข้าประเทศแบบเก็บค่าธรรมเนียม รองรับนักท่องเที่ยว VIP,cleaned_title,ตม. เปิดเว็บไซต์ลงทะเบียนบัตรขาเข้าประเทศแบบเก็บค่าธรรมเนียม รองรับนักท่องเที่ยว VIP,https://www.antifakenewscenter.com/?p=71405,other,False,False,other,721c603179b760e1d292,-1,semantic_neighbor,0.9295505285263062,10046,,,pending,out_of_scope,"assistant read claim/title, not full-source verification",ตม. เปิดเว็บไซต์ลงทะเบียนบัตรขาเข้าประเทศแบบเก็บค่าธรรมเนียม รองรับนักท่องเที่ยว VIP,,,pending
4169,afnc,2025-05-03,2025,false,source,กัมพูชาให้ไทยขุดหลักแดนออก เนื่องจากล้ำเขตประเทศกัมพูชา,cleaned_title,กัมพูชาให้ไทยขุดหลักแดนออก เนื่องจากล้ำเขตประเทศกัมพูชา,https://www.antifakenewscenter.com/?p=71389,other,False,False,other,7764caa14334e7152c10,6,semantic_neighbor,0.9448139071464539,7946,,,pending,out_of_scope,"assistant read claim/title, not full-source verification",กัมพูชาให้ไทยขุดหลักแดนออก เนื่องจากล้ำเขตประเทศกัมพูชา,,,pending
3885,afnc,2025-06-03,2025,false,source,ไทยเตรียมประกาศปิดด่านชายแดนไทย-กัมพูชา 6 แห่ง,cleaned_title,ไทยเตรียมประกาศปิดด่านชายแดนไทย-กัมพูชา 6 แห่ง,https://www.antifakenewscenter.com/?p=72556,T10,False,True,other,e3ed8ae4b3f073c04f24,-1,semantic_neighbor,0.9316023588180542,16922,,,pending,out_of_scope,"assistant read claim/title, not full-source verification",ไทยเตรียมประกาศปิดด่านชายแดนไทย-กัมพูชา 6 แห่ง,,,pending
3877,afnc,2025-06-04,2025,false,source,รัฐบาลกัมพูชาสั่งนายกรัฐมนตรีไทย ห้ามปิดด่านชายแดน,cleaned_title,รัฐบาลกัมพูชาสั่งนายกรัฐมนตรีไทย ห้ามปิดด่านชายแดน,https://www.antifakenewscenter.com/?p=72602,T09,False,True,other,2509dc55240b38b2bbb4,28,semantic_neighbor,0.94279545545578,1543,,,pending,out_of_scope,"assistant read claim/title, not full-source verification",รัฐบาลกัมพูชาสั่งนายกรัฐมนตรีไทย ห้ามปิดด่านชายแดน,,,pending
27012,thaipbs,2025-06-10,2025,false,source,คลิปทหารกัมพูชา พร้อมอาวุธ เป็นภาพจริงจากเหตุการณ์ตึงเครียดชายแดนไทย-กัมพูชา,llm,ตรวจสอบแล้ว: คลิปทหารกัมพูชา พร้อมอาวุธ เป็นภาพสร้างจาก AI,https://www.thaipbs.or.th/verify/content/2305,T10,False,True,other,4605491df59c175e315d,63,semantic_neighbor,0.9312008619308472,26867,,,pending,out_of_scope,"assistant read claim/title, not full-source verification",ตรวจสอบแล้ว: คลิปทหารกัมพูชา พร้อมอาวุธ เป็นภาพสร้างจาก AI,,,pending
16772,afp,2025-06-18,2025,false,source,วิดีโอชาวกัมพูชาประท้วงขับไล่ผู้นำคนปัจจุบัน,source,วิดีโองานเฉลิมฉลองปี 2567 ถูกแชร์ในโพสต์เท็จว่าเป็นการชุมนุมขับไล่ผู้นำกัมพูชา,https://factcheckthailand.afp.com/doc.afp.com.62HT3KD,T06,False,False,security,4e6aba7037e5033366ff,63,keyword_seed,0.9999996423721313,16772,,,pending,out_of_scope,"assistant read claim/title, not full-source verification",วิดีโองานเฉลิมฉลองปี 2567 ถูกแชร์ในโพสต์เท็จว่าเป็นการชุมนุมขับไล่ผู้นำกัมพูชา,,,pending
3739,afnc,2025-06-18,2025,false,source,ประเทศไทย เตรียมบุกไปกัมพูชาแล้ว,cleaned_title,ประเทศไทย เตรียมบุกไปกัมพูชาแล้ว,https://www.antifakenewscenter.com/?p=73192,other,False,False,other,31327e558bbfeeb341b8,6,semantic_neighbor,0.9350463151931763,1311,,,pending,out_of_scope,"assistant read claim/title, not full-source verification",ประเทศไทย เตรียมบุกไปกัมพูชาแล้ว,,,pending
3661,afnc,2025-06-27,2025,false,source,กัมพูชาปิดด่าน จ.จันทบุรี ทำให้รถขนสินค้าไทยกลับเข้าประเทศไม่ได้,cleaned_title,กัมพูชาปิดด่าน จ.จันทบุรี ทำให้รถขนสินค้าไทยกลับเข้าประเทศไม่ได้,https://www.antifakenewscenter.com/?p=73496,other,False,False,other,88794c4d3c80a811a642,28,semantic_neighbor,0.9389955401420593,7946,,,pending,out_of_scope,"assistant read claim/title, not full-source verification",กัมพูชาปิดด่าน จ.จันทบุรี ทำให้รถขนสินค้าไทยกลับเข้าประเทศไม่ได้,,,pending
3659,afnc,2025-06-27,2025,false,source,สั่งห้ามกัมพูชาขนเกลือจากไทยกลับประเทศ,cleaned_title,สั่งห้ามกัมพูชาขนเกลือจากไทยกลับประเทศ,https://www.antifakenewscenter.com/?p=73504,other,False,False,other,41995322a3df9b48932e,28,semantic_neighbor,0.9527083039283752,3233,,,pending,out_of_scope,"assistant read claim/title, not full-source verification",สั่งห้ามกัมพูชาขนเกลือจากไทยกลับประเทศ,,,pending
3658,afnc,2025-06-27,2025,misleading,source,ระงับนำเข้าสินค้าเกษตร ระหว่างไทย–กัมพูชา ทำไทยเสียหายหลักแสน,cleaned_title,ระงับนำเข้าสินค้าเกษตร ระหว่างไทย–กัมพูชา ทำไทยเสียหายหลักแสน,https://www.antifakenewscenter.com/?p=73529,other,False,False,other,398569e26397057d7c32,-1,semantic_neighbor,0.9383120536804199,7946,,,pending,out_of_scope,"assistant read claim/title, not full-source verification",ระงับนำเข้าสินค้าเกษตร ระหว่างไทย–กัมพูชา ทำไทยเสียหายหลักแสน,,,pending
3650,afnc,2025-06-28,2025,false,source,แรงงานลาวแห่ทะลักเข้าไทย หลังแรงงานกัมพูชาทยอยกลับ,cleaned_title,แรงงานลาวแห่ทะลักเข้าไทย หลังแรงงานกัมพูชาทยอยกลับ,https://www.antifakenewscenter.com/?p=73547,other,True,False,other,8ccffbd8cd6d2fe672b9,28,keyword_seed,1.000000238418579,3650,,,pending,resident_refugee_status,"assistant read claim/title, not full-source verification",แรงงานลาวแห่ทะลักเข้าไทย หลังแรงงานกัมพูชาทยอยกลับ,,,pending
3628,afnc,2025-06-30,2025,false,source,เพจ Alinda รับทำใบขับขี่ออนไลน์ ถูกกฎหมาย ทั้งรถยนต์-มอเตอร์ไซค์,cleaned_title,เพจ Alinda รับทำใบขับขี่ออนไลน์ ถูกกฎหมาย ทั้งรถยนต์-มอเตอร์ไซค์,https://www.antifakenewscenter.com/?p=73659,other,False,False,other,726b3100c31bdc7e48c3,2,semantic_neighbor,0.9311466217041016,2232,,,pending,out_of_scope,"assistant read claim/title, not full-source verification",เพจ Alinda รับทำใบขับขี่ออนไลน์ ถูกกฎหมาย ทั้งรถยนต์-มอเตอร์ไซค์,,,pending
3625,afnc,2025-07-01,2025,misleading,source,กองกำลังบูรพา ออกหนังสือยกเลิกผ่อนผันแรงงานกัมพูชา ที่ถือ Border Pass อยู่ไทย,cleaned_title,กองกำลังบูรพา ออกหนังสือยกเลิกผ่อนผันแรงงานกัมพูชา ที่ถือ Border Pass อยู่ไทย,https://www.antifakenewscenter.com/?p=73703,other,True,False,other,f8ee161db3a55f70777e,28,keyword_seed,1.0000003576278687,3625,,,pending,resident_refugee_status,"assistant read claim/title, not full-source verification",กองกำลังบูรพา ออกหนังสือยกเลิกผ่อนผันแรงงานกัมพูชา ที่ถือ Border Pass อยู่ไทย,,,pending
27614,cofact,2025-07-04,2025,false,human,จีนออกโรงห้ามกัมพูชาใช้อาวุธของจีนโจมตีไทย,human,ผู้ใช้ X นำความเห็นของนักวิเคราะห์มาสร้างเนื้อหาเท็จเกี่ยวกับท่าทีของจีนต่อความขัดแย้งไทย-กัมพูชา,https://blog.cofact.org/th/fact-check-thai-cambodia-04072025/,other,False,False,other,f45888b2dd45330b9468,6,semantic_neighbor,0.9306748509407043,3233,,,pending,out_of_scope,"assistant read claim/title, not full-source verification",ผู้ใช้ X นำความเห็นของนักวิเคราะห์มาสร้างเนื้อหาเท็จเกี่ยวกับท่าทีของจีนต่อความขัดแย้งไทย-กัมพูชา,,,pending
3587,afnc,2025-07-05,2025,misleading,source,กัมพูชา สั่งห้ามนำเข้าสินค้าไทยผ่านทางทะเล,cleaned_title,กัมพูชา สั่งห้ามนำเข้าสินค้าไทยผ่านทางทะเล,https://www.antifakenewscenter.com/?p=73854,other,False,False,other,654ed43f1f40ebdbed9a,28,semantic_neighbor,0.9474763870239258,3233,,,pending,out_of_scope,"assistant read claim/title, not full-source verification",กัมพูชา สั่งห้ามนำเข้าสินค้าไทยผ่านทางทะเล,,,pending
3552,afnc,2025-07-09,2025,false,source,กัมพูชาสั่งห้ามไทย ส่งยาให้ผู้ป่วยผ่านด่านช่องจอม,cleaned_title,กัมพูชาสั่งห้ามไทย ส่งยาให้ผู้ป่วยผ่านด่านช่องจอม,https://www.antifakenewscenter.com/?p=74013,other,False,False,other,a1083fbbc1d3ebf54c0a,28,semantic_neighbor,0.9405020475387573,3045,,,pending,out_of_scope,"assistant read claim/title, not full-source verification",กัมพูชาสั่งห้ามไทย ส่งยาให้ผู้ป่วยผ่านด่านช่องจอม,,,pending
3548,afnc,2025-07-09,2025,false,source,คนต่างด้าวทำบัตรประชาชนคนไทยได้แล้ว,cleaned_title,คนต่างด้าวทำบัตรประชาชนคนไทยได้แล้ว,https://www.antifakenewscenter.com/?p=74026,T06,True,False,rights,1f3adb6b3a30c4d3fd0a,49,keyword_seed,0.9999997615814209,3548,,,pending,resident_refugee_status,"assistant read claim/title, not full-source verification",คนต่างด้าวทำบัตรประชาชนคนไทยได้แล้ว,,,pending
3536,afnc,2025-07-10,2025,false,source,เจ้าหน้าที่สำนักงานตรวจคนเข้าเมือง เป็นเพื่อนกับเจ้าของร้านอาหารชาวจีน,llm,เผยคลิปลับ เจ้าหน้าที่สำนักงานตรวจคนเข้าเมือง เป็นเพื่อนกับเจ้าของร้านอาหารชาวจีน,https://www.antifakenewscenter.com/?p=74071,T01,True,False,other,e6662a58e1c30fb1b684,-1,keyword_seed,1.0000005960464478,3536,,,pending,unclear,"assistant read claim/title, not full-source verification",เผยคลิปลับ เจ้าหน้าที่สำนักงานตรวจคนเข้าเมือง เป็นเพื่อนกับเจ้าของร้านอาหารชาวจีน,,,pending
3528,afnc,2025-07-11,2025,false,source,กัมพูชายื่น UNESCO ขอชุดไทยแลกเปลี่ยนเพื่อจบปัญหาชายแดน,cleaned_title,กัมพูชายื่น UNESCO ขอชุดไทยแลกเปลี่ยนเพื่อจบปัญหาชายแดน,https://www.antifakenewscenter.com/?p=74098,other,False,True,other,2b04db2669d5a5f4311a,52,semantic_neighbor,0.933440089225769,7946,,,pending,out_of_scope,"assistant read claim/title, not full-source verification",กัมพูชายื่น UNESCO ขอชุดไทยแลกเปลี่ยนเพื่อจบปัญหาชายแดน,,,pending
17214,afp,2025-07-14,2025,false,source,ภาพมาครงนำสนธิสัญญาให้ไทยกรณีพิพาทชายแดนกับกัมพูชา,source,โพสต์เท็จอ้างว่าประธานาธิบดีฝรั่งเศสเข้าข้างไทยในข้อพิพาทชายแดนกับกัมพูชา,https://factcheckthailand.afp.com/doc.afp.com.66GJ99E,other,False,True,other,27cb10ad014359313ebe,63,semantic_neighbor,0.9300522804260254,16922,,,pending,out_of_scope,"assistant read claim/title, not full-source verification",โพสต์เท็จอ้างว่าประธานาธิบดีฝรั่งเศสเข้าข้างไทยในข้อพิพาทชายแดนกับกัมพูชา,,,pending
16922,afp,2025-07-14,2025,false,source,คลิปชาวกัมพูชาประท้วงหลังไทยปิดด่าน,source,คลิปแฟนบอลอินโดนีเซียก่อจลาจลถูกแชร์ในโพสต์เท็จเกี่ยวกับความขัดแย้งไทย-กัมพูชา,https://factcheckthailand.afp.com/doc.afp.com.669B9ZQ,T06,False,False,other,9d4d0ac2aac9ac60084f,63,keyword_seed,0.9999997615814209,16922,,,pending,out_of_scope,"assistant read claim/title, not full-source verification",คลิปแฟนบอลอินโดนีเซียก่อจลาจลถูกแชร์ในโพสต์เท็จเกี่ยวกับความขัดแย้งไทย-กัมพูชา,,,pending
3466,afnc,2025-07-18,2025,false,source,ทำใบขับขี่ถูกกฎหมาย ได้ทั้งรถยนต์-มอเตอร์ไซค์ ติดต่อเพจเฟซบุ๊กธิติรัตน์ รับทำใบขับขี่ออนไลน์,cleaned_title,ทำใบขับขี่ถูกกฎหมาย ได้ทั้งรถยนต์-มอเตอร์ไซค์ ติดต่อเพจเฟซบุ๊กธิติรัตน์ รับทำใบขับขี่ออนไลน์,https://www.antifakenewscenter.com/?p=74372,other,False,False,other,b4c7c274a9f02533812f,2,semantic_neighbor,0.9335217475891113,2232,,,pending,out_of_scope,"assistant read claim/title, not full-source verification",ทำใบขับขี่ถูกกฎหมาย ได้ทั้งรถยนต์-มอเตอร์ไซค์ ติดต่อเพจเฟซบุ๊กธิติรัตน์ รับทำใบขับขี่ออนไลน์,,,pending
3456,afnc,2025-07-19,2025,false,source,ไทยลักลอบส่งออกนมสดไปกัมพูชา,cleaned_title,ไทยลักลอบส่งออกนมสดไปกัมพูชา,https://www.antifakenewscenter.com/?p=74441,other,False,False,security,cddea6506304ca17414d,-1,semantic_neighbor,0.9393595457077026,3233,,,pending,out_of_scope,"assistant read claim/title, not full-source verification",ไทยลักลอบส่งออกนมสดไปกัมพูชา,,,pending
26997,thaipbs,2025-07-24,2025,false,source,โพสต์อ้างกัมพูชายิงเครื่องบิน F-16 ไทยตกสภาพยับเยิน กองทัพอากาศไทยยืนยันแล้ว ไม่เป็นความจริง,cleaned_title,ตรวจสอบแล้ว: โพสต์อ้างกัมพูชายิงเครื่องบิน F-16 ไทยตกสภาพยับเยิน กองทัพอากาศไทยยืนยันแล้ว ไม่เป็นความจริง,https://www.thaipbs.or.th/verify/content/4508,other,False,False,other,63c8ba17442427236828,6,semantic_neighbor,0.9317689538002014,26880,,,pending,out_of_scope,"assistant read claim/title, not full-source verification",ตรวจสอบแล้ว: โพสต์อ้างกัมพูชายิงเครื่องบิน F-16 ไทยตกสภาพยับเยิน กองทัพอากาศไทยยืนยันแล้ว ไม่เป็นความจริง,,,pending
26998,thaipbs,2025-07-24,2025,false,source,สื่อกัมพูชาอ้าง 'ทหารไทยต่อรองขอยอมจำนน',llm,ตรวจสอบแล้ว: สื่อกัมพูชาอ้าง “ทหารไทยต่อรองขอยอมจำนน” ทบ.ยัน “ข่าวปลอม”,https://www.thaipbs.or.th/verify/content/4495,other,False,False,other,301afc7341c57ac28b2c,6,semantic_neighbor,0.9340410828590393,26872,,,pending,out_of_scope,"assistant read claim/title, not full-source verification",ตรวจสอบแล้ว: สื่อกัมพูชาอ้าง “ทหารไทยต่อรองขอยอมจำนน” ทบ.ยัน “ข่าวปลอม”,,,pending
27728,cofact,2025-07-24,2025,false,human,ทหารกัมพูชาไล่ยิงนักศึกษาใน จ.สุรินทร์,llm,วิทยาลัยการอาชีพสังขะ จ.สุรินทร์ ยืนยันไม่มีเหตุการณ์ “เขมรไล่ยิงนักศึกษา”,https://blog.cofact.org/th/fact-check-thai-cambodia-24072025-3/,T10,False,True,other,01947b560cdc510ee5ec,6,semantic_neighbor,0.9338483810424805,26867,,,pending,out_of_scope,"assistant read claim/title, not full-source verification",วิทยาลัยการอาชีพสังขะ จ.สุรินทร์ ยืนยันไม่มีเหตุการณ์ “เขมรไล่ยิงนักศึกษา”,,,pending
3395,afnc,2025-07-25,2025,false,source,กองทัพกัมพูชา ยิงเครื่องบินรบไทยตกสําเร็จ,cleaned_title,กองทัพกัมพูชา ยิงเครื่องบินรบไทยตกสําเร็จ,https://www.antifakenewscenter.com/?p=74704,other,False,True,other,a0ba93d7ced79c446cd6,6,semantic_neighbor,0.9298367500305176,26880,,,pending,out_of_scope,"assistant read claim/title, not full-source verification",กองทัพกัมพูชา ยิงเครื่องบินรบไทยตกสําเร็จ,,,pending
3358,afnc,2025-07-28,2025,false,source,ทหารไทยใช้เครื่องบินปล่อยสารพิษ สังหารพลเมืองกัมพูชา,cleaned_title,ทหารไทยใช้เครื่องบินปล่อยสารพิษ สังหารพลเมืองกัมพูชา,https://www.antifakenewscenter.com/?p=74869,other,False,False,other,508ff747acb2f2df9871,6,semantic_neighbor,0.9295006990432739,26880,,,pending,out_of_scope,"assistant read claim/title, not full-source verification",ทหารไทยใช้เครื่องบินปล่อยสารพิษ สังหารพลเมืองกัมพูชา,,,pending
3338,afnc,2025-07-29,2025,false,source,ทหารไทยทำร้ายและตัดหัวทหารกัมพูชา,cleaned_title,ทหารไทยทำร้ายและตัดหัวทหารกัมพูชา,https://www.antifakenewscenter.com/?p=74960,T10,False,True,security,edb311811c963bb6291c,6,semantic_neighbor,0.9343824982643127,7946,,,pending,out_of_scope,"assistant read claim/title, not full-source verification",ทหารไทยทำร้ายและตัดหัวทหารกัมพูชา,,,pending
26985,thaipbs,2025-07-31,2025,false,source,เพจอ้าง “บิ๊กเล็ก” ใช้คำแรง ปัดความช่วยเหลือกัมพูชาด้านการแพทย์ในไทย กลาโหมยืนยันไม่เป็นความจริง,cleaned_title,เพจอ้าง “บิ๊กเล็ก” ใช้คำแรง ปัดความช่วยเหลือกัมพูชาด้านการแพทย์ในไทย กลาโหมยืนยันไม่เป็นความจริง,https://www.thaipbs.or.th/verify/content/4674,other,False,False,other,bc99a89fbb8fdc6d1842,63,semantic_neighbor,0.9298072457313538,26872,,,pending,crossborder_people_services,"assistant read claim/title, not full-source verification",เพจอ้าง “บิ๊กเล็ก” ใช้คำแรง ปัดความช่วยเหลือกัมพูชาด้านการแพทย์ในไทย กลาโหมยืนยันไม่เป็นความจริง,,,pending
3323,afnc,2025-07-31,2025,false,source,กองทัพไทยโจมตีพื้นที่พลเรือนของกัมพูชา,cleaned_title,กองทัพไทยโจมตีพื้นที่พลเรือนของกัมพูชา,https://www.antifakenewscenter.com/?p=75019,T10,False,False,other,3075d1af44db8eef5623,6,semantic_neighbor,0.9336493015289307,1794,,,pending,out_of_scope,"assistant read claim/title, not full-source verification",กองทัพไทยโจมตีพื้นที่พลเรือนของกัมพูชา,,,pending
3320,afnc,2025-07-31,2025,false,source,ไทยเสียปราสาทตาควายให้ทหารกัมพูชา,cleaned_title,ไทยเสียปราสาทตาควายให้ทหารกัมพูชา,https://www.antifakenewscenter.com/?p=75027,T10,False,True,other,16d0b2a7c833bc10c589,6,semantic_neighbor,0.9327945113182068,7946,,,pending,out_of_scope,"assistant read claim/title, not full-source verification",ไทยเสียปราสาทตาควายให้ทหารกัมพูชา,,,pending
28031,cofact,2025-08-04,2025,false,human,กองทัพกัมพูชา ยิงเครื่องบินรบไทยตกสำเร็จ,llm,มองการทำงานตรวจสอบข่าวลวงของหลายองค์กร ในสถานการณ์สู้รบไทย-กัมพูชา,https://blog.cofact.org/th/report68-68/,other,False,True,other,3e02434a5e26db32e9f6,6,semantic_neighbor,0.9298368692398071,26880,,,pending,out_of_scope,"assistant read claim/title, not full-source verification",มองการทำงานตรวจสอบข่าวลวงของหลายองค์กร ในสถานการณ์สู้รบไทย-กัมพูชา,,,pending
3252,afnc,2025-08-06,2025,false,source,กรมการขนส่งทางบก เปิดรับทำใบขับขี่ออนไลน์ผ่านเพจ พัชรา,cleaned_title,กรมการขนส่งทางบก เปิดรับทำใบขับขี่ออนไลน์ผ่านเพจ พัชรา,https://www.antifakenewscenter.com/?p=75317,other,False,False,other,8acc91b033f5d6b26426,2,semantic_neighbor,0.930352509021759,10046,,,pending,out_of_scope,"assistant read claim/title, not full-source verification",กรมการขนส่งทางบก เปิดรับทำใบขับขี่ออนไลน์ผ่านเพจ พัชรา,,,pending
16877,afp,2025-08-07,2025,false,source,ชาวกัมพูชาเรียกร้องให้ฮุนเซนออกตามหาทหารแนวหน้าที่ติดต่อไม่ได้,source,ภาพผู้ประท้วงชาวกัมพูชาถูกแชร์อย่างผิด ๆ ว่าเกี่ยวข้องกับความขัดแย้งระหว่างไทย-กัมพูชา,https://factcheckthailand.afp.com/doc.afp.com.68XL8KJ,T06,False,False,other,5ee6a4166f04485f34b2,-1,keyword_seed,1.0000003576278687,16877,,,pending,out_of_scope,"assistant read claim/title, not full-source verification",ภาพผู้ประท้วงชาวกัมพูชาถูกแชร์อย่างผิด ๆ ว่าเกี่ยวข้องกับความขัดแย้งระหว่างไทย-กัมพูชา,,,pending
27891,cofact,2025-08-07,2025,false,human,โรงพยาบาลในจังหวัดสุรินทร์ไม่รับรักษาคนกัมพูชา,llm,รายงานการตรวจสอบข้อเท็จจริง “คลิปปลดป้ายภาษาเขมร” ที่ห้องคลอด รพ.สุรินทร์,https://blog.cofact.org/th/factcheck-surin-hospital-07082025/,other,False,False,health,e2f7822fc0ffb7c49044,-1,keyword_seed,1.0000003576278687,27891,,,pending,crossborder_people_services,"assistant read claim/title, not full-source verification",รายงานการตรวจสอบข้อเท็จจริง “คลิปปลดป้ายภาษาเขมร” ที่ห้องคลอด รพ.สุรินทร์,,,pending
3235,afnc,2025-08-08,2025,false,source,รับทำใบขับขี่ด่วน ทันใจ ถูกต้องตามกฎหมาย ผ่านเพจ ใบขับขี่ปลอดภัยby DLT,cleaned_title,รับทำใบขับขี่ด่วน ทันใจ ถูกต้องตามกฎหมาย ผ่านเพจ ใบขับขี่ปลอดภัยby DLT,https://www.antifakenewscenter.com/?p=75415,other,False,False,other,358baef9bab1d925dce7,2,semantic_neighbor,0.9488659501075745,2232,,,pending,out_of_scope,"assistant read claim/title, not full-source verification",รับทำใบขับขี่ด่วน ทันใจ ถูกต้องตามกฎหมาย ผ่านเพจ ใบขับขี่ปลอดภัยby DLT,,,pending
3233,afnc,2025-08-08,2025,misleading,source,สั่งจับแรงงานกัมพูชาส่งกลับประเทศ ไม่ให้ประกอบอาชีพในไทย,cleaned_title,สั่งจับแรงงานกัมพูชาส่งกลับประเทศ ไม่ให้ประกอบอาชีพในไทย,https://www.antifakenewscenter.com/?p=75450,other,True,False,jobs;security,113678049187e409201a,28,keyword_seed,0.9999999403953552,3233,,,pending,resident_refugee_status,"assistant read claim/title, not full-source verification",สั่งจับแรงงานกัมพูชาส่งกลับประเทศ ไม่ให้ประกอบอาชีพในไทย,,,pending
3206,afnc,2025-08-11,2025,false,source,ไทยควบคุมตัวทหารกัมพูชา 18 นาย ผิดกฎหมายมนุษยธรรมระหว่างประเทศ,cleaned_title,ไทยควบคุมตัวทหารกัมพูชา 18 นาย ผิดกฎหมายมนุษยธรรมระหว่างประเทศ,https://www.antifakenewscenter.com/?p=75581,T10,False,True,other,be4439b7797b83ed453c,6,semantic_neighbor,0.9327213168144226,1543,,,pending,out_of_scope,"assistant read claim/title, not full-source verification",ไทยควบคุมตัวทหารกัมพูชา 18 นาย ผิดกฎหมายมนุษยธรรมระหว่างประเทศ,,,pending
3185,afnc,2025-08-13,2025,false,source,สถานการณ์ชายแดนไทย-กัมพูชา กลับมาตึงเครียดอีกครั้ง ขอให้อพยพออกจากพื้นที่,cleaned_title,สถานการณ์ชายแดนไทย-กัมพูชา กลับมาตึงเครียดอีกครั้ง ขอให้อพยพออกจากพื้นที่,https://www.antifakenewscenter.com/?p=75673,T10,False,True,other,b4c7c0d05ca0c0cb3b65,-1,semantic_neighbor,0.9335134625434875,16922,,,pending,out_of_scope,"assistant read claim/title, not full-source verification",สถานการณ์ชายแดนไทย-กัมพูชา กลับมาตึงเครียดอีกครั้ง ขอให้อพยพออกจากพื้นที่,,,pending
3176,afnc,2025-08-14,2025,misleading,source,แรงงานกัมพูชาในไทยแห่กลับบ้านกว่า 8 แสนคน,cleaned_title,แรงงานกัมพูชาในไทยแห่กลับบ้านกว่า 8 แสนคน ,https://www.antifakenewscenter.com/?p=75714,other,True,False,other,c0c9663aaaba86ac6e79,28,keyword_seed,1.000000238418579,3176,,,pending,resident_refugee_status,"assistant read claim/title, not full-source verification",แรงงานกัมพูชาในไทยแห่กลับบ้านกว่า 8 แสนคน ,,,pending
3174,afnc,2025-08-14,2025,false,source,สั่งอพยพประชาชนบ้านด่าน จ.สุรินทร์ ออกจากพื้นที่เสี่ยงชายแดนไทย-กัมพูชา,cleaned_title,สั่งอพยพประชาชนบ้านด่าน จ.สุรินทร์ ออกจากพื้นที่เสี่ยงชายแดนไทย-กัมพูชา,https://www.antifakenewscenter.com/?p=75718,T10,False,True,other,10763f663dedfe0ce38d,-1,semantic_neighbor,0.9341633319854736,3233,,,pending,out_of_scope,"assistant read claim/title, not full-source verification",สั่งอพยพประชาชนบ้านด่าน จ.สุรินทร์ ออกจากพื้นที่เสี่ยงชายแดนไทย-กัมพูชา,,,pending
3171,afnc,2025-08-14,2025,false,source,รัฐบาลเตรียมยุบ ศบ.ทก. เพื่อแสดงความจริงใจต่อกัมพูชา,cleaned_title,รัฐบาลเตรียมยุบ ศบ.ทก. เพื่อแสดงความจริงใจต่อกัมพูชา,https://www.antifakenewscenter.com/?p=75744,other,False,False,other,c9c4b2ebd042da45001a,6,semantic_neighbor,0.9296087622642517,17033,,,pending,out_of_scope,"assistant read claim/title, not full-source verification",รัฐบาลเตรียมยุบ ศบ.ทก. เพื่อแสดงความจริงใจต่อกัมพูชา,,,pending
3164,afnc,2025-08-15,2025,false,source,รับทำใบขับขี่ออนไลน์ ถูกต้องตามกฎหมาย ติดต่อได้ที่เพจ จุฬาลักษณ์,cleaned_title,รับทำใบขับขี่ออนไลน์ ถูกต้องตามกฎหมาย ติดต่อได้ที่เพจ จุฬาลักษณ์,https://www.antifakenewscenter.com/?p=75732,other,False,False,other,109c0df63cc96d74b810,2,semantic_neighbor,0.9334145784378052,2232,,,pending,out_of_scope,"assistant read claim/title, not full-source verification",รับทำใบขับขี่ออนไลน์ ถูกต้องตามกฎหมาย ติดต่อได้ที่เพจ จุฬาลักษณ์,,,pending
3160,afnc,2025-08-15,2025,false,source,ทหารกัมพูชารื้อถอนลวดหนามในเขตแดนไทย,cleaned_title,ทหารกัมพูชารื้อถอนลวดหนามในเขตแดนไทย,https://www.antifakenewscenter.com/?p=75780,T10,False,True,other,075c91d4ac7024df03d9,6,semantic_neighbor,0.93387371301651,7946,,,pending,out_of_scope,"assistant read claim/title, not full-source verification",ทหารกัมพูชารื้อถอนลวดหนามในเขตแดนไทย,,,pending
28124,cofact,2025-08-15,2025,misleading,human,กฎหมาย พ.ร.บ. ชาติพันธุ์อาจมีแอบแฝงแจกที่ทำกินให้ครอบครัวละ 20 ไร่ สุดท้ายแล้วคนไทยแท้ไม่มีที่ทำกิน แต่กลุ่มต่างด้าวที่แฝงเป็นชาติติพันธุ์อาจได้ที่ทำกิน,llm,แกนนำกลุ่ม “ไทยไม่ทน” โพสต์บิดเบือน พ.ร.บ. ชาติพันธุ์ อ้างเปิดช่องแจกที่ดินให้คนต่างด้าว 20 ไร่,https://blog.cofact.org/th/ethnic-protection-bill/,T06,True,False,other,b3caa9baf25f1aff5a86,49,keyword_seed,0.9999995231628418,28124,,,pending,resident_refugee_status,"assistant read claim/title, not full-source verification",แกนนำกลุ่ม “ไทยไม่ทน” โพสต์บิดเบือน พ.ร.บ. ชาติพันธุ์ อ้างเปิดช่องแจกที่ดินให้คนต่างด้าว 20 ไร่,,,pending
17193,afp,2025-08-15,2025,false,source,ชาวกัมพูชาวางเพลิงตึกคอลเซ็นเตอร์ที่มีคนไทยอยู่จำนวนมาก,source,คลิปไฟไหม้กาสิโนในปี 2565 ถูกแชร์ว่าเป็นคลิปชาวกัมพูชา 'วางเพลิงตึกคอลเซ็นเตอร์',https://factcheckthailand.afp.com/doc.afp.com.68NJ6ZQ,T03;T06,False,False,other,e00c1d8da5aedab11715,-1,keyword_seed,0.9999999403953552,17193,,,pending,out_of_scope,"assistant read claim/title, not full-source verification",คลิปไฟไหม้กาสิโนในปี 2565 ถูกแชร์ว่าเป็นคลิปชาวกัมพูชา 'วางเพลิงตึกคอลเซ็นเตอร์',,,pending
3128,afnc,2025-08-18,2025,false,source,กัมพูชาใช้รถตักดินรื้อถอนหลักเขตแดนไทย,cleaned_title,กัมพูชาใช้รถตักดินรื้อถอนหลักเขตแดนไทย ,https://www.antifakenewscenter.com/?p=75922,other,False,False,other,b8f91a272ecf973137d3,6,semantic_neighbor,0.9358323216438293,7946,,,pending,out_of_scope,"assistant read claim/title, not full-source verification",กัมพูชาใช้รถตักดินรื้อถอนหลักเขตแดนไทย ,,,pending
17235,afp,2025-08-19,2025,false,source,การประท้วงเกี่ยวกับชายแดนไทยกัมพูชา,source,คลิปชาวอินโดนีเซียประท้วงถูกแชร์อย่างผิด ๆ ว่าเกี่ยวข้องกับความขัดแย้งไทย-กัมพูชา,https://factcheckthailand.afp.com/doc.afp.com.69T33TB,T10,False,True,other,d38ac87e1d45b80f6986,-1,semantic_neighbor,0.9474241137504578,16922,,,pending,out_of_scope,"assistant read claim/title, not full-source verification",คลิปชาวอินโดนีเซียประท้วงถูกแชร์อย่างผิด ๆ ว่าเกี่ยวข้องกับความขัดแย้งไทย-กัมพูชา,,,pending
3102,afnc,2025-08-21,2025,false,source,แม่ทัพภาค 2 สั่งรื้อบ้านเรือนชาวกัมพูชา 80 หลังคาเรือน ที่ช่องอานม้า,cleaned_title,แม่ทัพภาค 2 สั่งรื้อบ้านเรือนชาวกัมพูชา 80 หลังคาเรือน ที่ช่องอานม้า,https://www.antifakenewscenter.com/?p=76020,T06,False,False,other,a201ca9fa364e01d1041,6,keyword_seed,0.9999991059303284,3102,,,pending,unclear,"assistant read claim/title, not full-source verification",แม่ทัพภาค 2 สั่งรื้อบ้านเรือนชาวกัมพูชา 80 หลังคาเรือน ที่ช่องอานม้า,,,pending
17033,afp,2025-08-22,2025,false,source,ชาวกัมพูชาประท้วงขับไล่รัฐบาลจากการก่อสงครามและปกปิดความจริงเรื่องศพทหาร,source,คลิป 'ขบวนสามัคคี' ถูกแชร์ในโพสต์เท็จว่าเป็นการชุมนุมต่อต้านรัฐบาลในกัมพูชา,https://factcheckthailand.afp.com/doc.afp.com.723R268,T06,False,False,security,4df122ebda1b0f9b7d1f,-1,keyword_seed,0.9999998211860657,17033,,,pending,out_of_scope,"assistant read claim/title, not full-source verification",คลิป 'ขบวนสามัคคี' ถูกแชร์ในโพสต์เท็จว่าเป็นการชุมนุมต่อต้านรัฐบาลในกัมพูชา,,,pending
3045,afnc,2025-08-27,2025,false,source,ตม. ไทย เปิดด่านให้ชาวกัมพูชาเข้ามาใช้บริการโรงพยาบาลได้ตามปกติแล้ว,cleaned_title,ตม. ไทย เปิดด่านให้ชาวกัมพูชาเข้ามาใช้บริการโรงพยาบาลได้ตามปกติแล้ว,https://www.antifakenewscenter.com/?p=76322,T06,False,False,health,607b13caf585fbdb4ecb,28,keyword_seed,0.9999998807907104,3045,,,pending,crossborder_people_services,"assistant read claim/title, not full-source verification",ตม. ไทย เปิดด่านให้ชาวกัมพูชาเข้ามาใช้บริการโรงพยาบาลได้ตามปกติแล้ว,,,pending
3044,afnc,2025-08-27,2025,misleading,source,ชาวกัมพูชาบ้านหนองจานที่อาศัยในไทยมานาน สามารถยื่นขอสัญชาติไทยได้,cleaned_title,ชาวกัมพูชาบ้านหนองจานที่อาศัยในไทยมานาน สามารถยื่นขอสัญชาติไทยได้,https://www.antifakenewscenter.com/?p=76326,T06,True,False,rights,21a35618335135d5fdc2,6,keyword_seed,1.0000003576278687,3044,,,pending,resident_refugee_status,"assistant read claim/title, not full-source verification",ชาวกัมพูชาบ้านหนองจานที่อาศัยในไทยมานาน สามารถยื่นขอสัญชาติไทยได้,,,pending
3034,afnc,2025-08-28,2025,false,source,แม่ทัพภาค 1 และฝ่ายความมั่นคง เสนอมอบสัญชาติไทยให้ชาวกัมพูชา บ้านหนองจาน,cleaned_title,แม่ทัพภาค 1 และฝ่ายความมั่นคง เสนอมอบสัญชาติไทยให้ชาวกัมพูชา บ้านหนองจาน,https://www.antifakenewscenter.com/?p=76384,T06,True,False,rights,e2bb53842836428b46fc,6,keyword_seed,1.0,3034,,,pending,resident_refugee_status,"assistant read claim/title, not full-source verification",แม่ทัพภาค 1 และฝ่ายความมั่นคง เสนอมอบสัญชาติไทยให้ชาวกัมพูชา บ้านหนองจาน,,,pending
26964,thaipbs,2025-08-29,2025,false,source,แม่ทัพภาคที่ 1 เสนอมอบสัญชาติไทยให้ชาวกัมพูชา พื้นที่บ้านหนองจาน ต.โนนหมากมุ่น อ.โคกสูง จ.สระแก้ว,llm,ตรวจสอบแล้ว : โพสต์อ้างแม่ทัพภาคที่ 1 เสนอมอบสัญชาติไทยให้ชาวกัมพูชา กองทัพภาคที่ 1 ยืนยันเป็นข้อมูลเท็จ,https://www.thaipbs.or.th/verify/content/5129,T06,True,False,rights,1372bb3ac315df865827,6,keyword_seed,1.000000238418579,26964,,,pending,resident_refugee_status,"assistant read claim/title, not full-source verification",ตรวจสอบแล้ว : โพสต์อ้างแม่ทัพภาคที่ 1 เสนอมอบสัญชาติไทยให้ชาวกัมพูชา กองทัพภาคที่ 1 ยืนยันเป็นข้อมูลเท็จ,,,pending
17027,afp,2025-09-09,2025,false,source,วิดีโอพายุถล่มประเทศกัมพูชา,source,ผู้ใช้งานสื่อสังคมออนไลน์ในไทยล้อเลียนกัมพูชาด้วยการแชร์คลิปพายุจากเวียดนามพร้อมคำกล่าวอ้างเท็จ,https://factcheckthailand.afp.com/doc.afp.com.73UC6CQ,T08,False,False,other,0162c2371954269ac56a,-1,semantic_neighbor,0.9309300780296326,16772,,,pending,out_of_scope,"assistant read claim/title, not full-source verification",ผู้ใช้งานสื่อสังคมออนไลน์ในไทยล้อเลียนกัมพูชาด้วยการแชร์คลิปพายุจากเวียดนามพร้อมคำกล่าวอ้างเท็จ,,,pending
2820,afnc,2025-09-20,2025,false,source,กรมการขนส่งทางบก รับทำใบขับขี่เร่งด่วน ถูกกฎหมาย ผ่านเพจ Thai driving license service,cleaned_title,กรมการขนส่งทางบก รับทำใบขับขี่เร่งด่วน ถูกกฎหมาย ผ่านเพจ Thai driving license service,https://www.antifakenewscenter.com/?p=77270,other,False,False,other,44b4909f420e0f38a0a2,2,semantic_neighbor,0.9472041130065918,2232,,,pending,out_of_scope,"assistant read claim/title, not full-source verification",กรมการขนส่งทางบก รับทำใบขับขี่เร่งด่วน ถูกกฎหมาย ผ่านเพจ Thai driving license service,,,pending
27715,cofact,2025-09-23,2025,false,human,ชาวกัมพูชาใช้ “เนปาลโมเดล” ประท้วงขับไล่รัฐบาล,llm,คลิปชาวกัมพูชาเดินขบวนเรียกร้องสันติภาพ ถูกนำมาอ้างเท็จว่าเป็นการประท้วงขับไล่รัฐบาลฮุน มาเนต,https://blog.cofact.org/th/fact-check-thai-cambodia-23092025/,T06,False,False,security,c0b8aaff2cbdce2a3721,-1,keyword_seed,0.9999995827674866,27715,,,pending,out_of_scope,"assistant read claim/title, not full-source verification",คลิปชาวกัมพูชาเดินขบวนเรียกร้องสันติภาพ ถูกนำมาอ้างเท็จว่าเป็นการประท้วงขับไล่รัฐบาลฮุน มาเนต,,,pending
2773,afnc,2025-09-25,2025,false,source,กรมการขนส่งทางบก รับทำใบขับขี่รถทุกชนิดถูกกฎหมาย ผ่านเพจ ธันยนันท์,cleaned_title,กรมการขนส่งทางบก รับทำใบขับขี่รถทุกชนิดถูกกฎหมาย ผ่านเพจ ธันยนันท์,https://www.antifakenewscenter.com/?p=77384,other,False,False,other,90cf14e20cdbc82ec180,2,semantic_neighbor,0.9401397109031677,2232,,,pending,out_of_scope,"assistant read claim/title, not full-source verification",กรมการขนส่งทางบก รับทำใบขับขี่รถทุกชนิดถูกกฎหมาย ผ่านเพจ ธันยนันท์,,,pending
2765,afnc,2025-09-26,2025,false,source,กัมพูชาจะตัดความช่วยเหลือไทยอย่างเด็ดขาด หากยังไม่เปิดด่าน,cleaned_title,กัมพูชาจะตัดความช่วยเหลือไทยอย่างเด็ดขาด หากยังไม่เปิดด่าน ,https://www.antifakenewscenter.com/?p=77509,other,False,False,other,c39aa137cdfb4066984d,28,semantic_neighbor,0.9375729560852051,7946,,,pending,out_of_scope,"assistant read claim/title, not full-source verification",กัมพูชาจะตัดความช่วยเหลือไทยอย่างเด็ดขาด หากยังไม่เปิดด่าน ,,,pending
16837,afp,2025-09-30,2025,false,source,ภาพทหารกัมพูชาประชิดชายแดนไทย,source,ภาพและวิดีโอจากประเทศเมียนมาถูกแชร์ว่าเกี่ยวข้องกับความขัดแย้งระหว่างไทย-กัมพูชา,https://factcheckthailand.afp.com/doc.afp.com.777U69E,T10,False,True,other,5faf6c8dc66febed3aed,63,semantic_neighbor,0.9385006427764893,26867,,,pending,out_of_scope,"assistant read claim/title, not full-source verification",ภาพและวิดีโอจากประเทศเมียนมาถูกแชร์ว่าเกี่ยวข้องกับความขัดแย้งระหว่างไทย-กัมพูชา,,,pending
27851,cofact,2025-10-03,2025,misleading,human,คลิปทหารกัมพูชาโชว์ใช้ฟันลากรถขู่ทหารไทย,human,คลิป “ทหารกัมพูชาใช้ฟันลากรถกระบะ” เป็นคลิปเก่าที่เคยเผยแพร่ตั้งแต่ปี 2563,https://blog.cofact.org/th/fact-check-thai-cambodia-03102025/,T10,False,True,other,72e62831beff0e551561,63,semantic_neighbor,0.9387867450714111,16922,,,pending,out_of_scope,"assistant read claim/title, not full-source verification",คลิป “ทหารกัมพูชาใช้ฟันลากรถกระบะ” เป็นคลิปเก่าที่เคยเผยแพร่ตั้งแต่ปี 2563,,,pending
2644,afnc,2025-10-09,2025,false,source,ไทยขายใบนัดแพทย์ปลอม ให้คนกัมพูชาใช้ผ่านข้ามแดน,cleaned_title,ไทยขายใบนัดแพทย์ปลอม ให้คนกัมพูชาใช้ผ่านข้ามแดน,https://www.antifakenewscenter.com/?p=78022,other,False,False,other,5147195d0173fc970209,28,keyword_seed,0.9999998807907104,2644,,,pending,crossborder_people_services,"assistant read claim/title, not full-source verification",ไทยขายใบนัดแพทย์ปลอม ให้คนกัมพูชาใช้ผ่านข้ามแดน,,,pending
2601,afnc,2025-10-14,2025,false,source,ทำใบขับขี่ออนไลน์ ถูกกฎหมาย ไม่ต้องสอบเอง ได้ที่เพจรับทำใบขับขี่ออนไลน์ ทั่วไทย,cleaned_title,ทำใบขับขี่ออนไลน์ ถูกกฎหมาย ไม่ต้องสอบเอง ได้ที่เพจรับทำใบขับขี่ออนไลน์ ทั่วไทย,https://www.antifakenewscenter.com/?p=78193,other,False,False,other,0d5fefc8edf325ae9eeb,2,semantic_neighbor,0.9365643858909607,2232,,,pending,out_of_scope,"assistant read claim/title, not full-source verification",ทำใบขับขี่ออนไลน์ ถูกกฎหมาย ไม่ต้องสอบเอง ได้ที่เพจรับทำใบขับขี่ออนไลน์ ทั่วไทย,,,pending
2582,afnc,2025-10-16,2025,false,source,ชาวกัมพูชาบ้านหนองจาน ใช้ไฟฟ้าจากไทย,cleaned_title,ชาวกัมพูชาบ้านหนองจาน ใช้ไฟฟ้าจากไทย,https://www.antifakenewscenter.com/?p=78273,T06,False,False,other,7d4564a0ab695f8915c0,6,keyword_seed,1.000000238418579,2582,,,pending,crossborder_people_services,"assistant read claim/title, not full-source verification",ชาวกัมพูชาบ้านหนองจาน ใช้ไฟฟ้าจากไทย,,,pending
27229,cofact,2025-10-16,2025,misleading,human,ภาพชาวเขมรประท้วงเกาหลีใต้ กรณีนักศึกษาเสียชีวิตในกัมพูชา,human,คลิปเก่าชาวเขมรประท้วงไทย ถูกนำมาอ้างเท็จว่าเป็นการชุมนุมกรณี นศ. เกาหลีใต้เสียชีวิตในกัมพูชา,https://blog.cofact.org/th/fact-check-thai-cambodia-16102025/,other,False,False,other,701a8360711f4f394f1d,63,semantic_neighbor,0.9758396744728088,17319,,,pending,out_of_scope,"assistant read claim/title, not full-source verification",คลิปเก่าชาวเขมรประท้วงไทย ถูกนำมาอ้างเท็จว่าเป็นการชุมนุมกรณี นศ. เกาหลีใต้เสียชีวิตในกัมพูชา,,,pending
26928,thaipbs,2025-10-18,2025,misleading,source,ตำรวจเกาหลีใต้จับกุมผีน้อยเขมร หลังแรงงานกัมพูชาเถื่อนออกมาประท้วงเรียกร้องความยุติธรรมให้กับประเทศของเขา (กัมพูชา) ร่วมกับกลุ่มผู้ชุมนุมประมาณ 12 คน ถูกตำรวจจับในเช้าวันนี้,llm,โพสต์เฟซบุ๊กอ้าง “ตำรวจเกาหลีใต้จับกุมผีน้อยเขมร” แท้จริงสร้างจากคลิปเก่า+AI,https://www.thaipbs.or.th/verify/content/6153,other,True,False,other,a0129a314393198fb97a,-1,keyword_seed,1.0000003576278687,26928,,,pending,out_of_scope,"assistant read claim/title, not full-source verification",โพสต์เฟซบุ๊กอ้าง “ตำรวจเกาหลีใต้จับกุมผีน้อยเขมร” แท้จริงสร้างจากคลิปเก่า+AI,,,pending
2566,afnc,2025-10-18,2025,false,source,เปิดให้ทำใบขับขี่ออนไลน์ ผ่านเพจ กรมการขนส่งทางบก - รับทำใบขับขี่ทุกชนิด,cleaned_title,เปิดให้ทำใบขับขี่ออนไลน์ ผ่านเพจ กรมการขนส่งทางบก - รับทำใบขับขี่ทุกชนิด,https://www.antifakenewscenter.com/?p=78352,other,False,False,other,879c0dcc76fd5d92448a,2,semantic_neighbor,0.9432104229927063,2232,,,pending,out_of_scope,"assistant read claim/title, not full-source verification",เปิดให้ทำใบขับขี่ออนไลน์ ผ่านเพจ กรมการขนส่งทางบก - รับทำใบขับขี่ทุกชนิด,,,pending
2529,afnc,2025-10-22,2025,false,source,ทำใบขับขี่ออนไลน์ ไม่ต้องสอบเอง ได้ที่เพจ ทำใบขับขี่ ทุกชนิด,cleaned_title,ทำใบขับขี่ออนไลน์ ไม่ต้องสอบเอง ได้ที่เพจ ทำใบขับขี่ ทุกชนิด,https://www.antifakenewscenter.com/?p=78490,other,False,False,other,1d6cbe233da6d4b88ff0,2,semantic_neighbor,0.9324020147323608,2232,,,pending,out_of_scope,"assistant read claim/title, not full-source verification",ทำใบขับขี่ออนไลน์ ไม่ต้องสอบเอง ได้ที่เพจ ทำใบขับขี่ ทุกชนิด,,,pending
17319,afp,2025-10-22,2025,false,source,คลิปชาวกัมพูชาประท้วงหลังนักศึกษาเกาหลีเสียชีวิตในกัมพูชา,source,วิดีโอประท้วงเก่าในกรุงโซลถูกแชร์อย่างผิด ๆ ว่าเกี่ยวข้องกับศูนย์สแกมเมอร์ในกัมพูชา,https://factcheckthailand.afp.com/doc.afp.com.79G68T3,T06,False,False,other,dafcf4b0af84a1a6b0d3,63,keyword_seed,0.9999998807907104,17319,,,pending,out_of_scope,"assistant read claim/title, not full-source verification",วิดีโอประท้วงเก่าในกรุงโซลถูกแชร์อย่างผิด ๆ ว่าเกี่ยวข้องกับศูนย์สแกมเมอร์ในกัมพูชา,,,pending
17147,afp,2025-10-24,2025,false,source,ภาพแรงงานชาวกัมพูชาถูกจับระหว่างประท้วงในเกาหลีใต้,source,ภาพ 'ตำรวจเกาหลีใต้จับแรงงานชาวกัมพูชา' เป็นภาพที่สร้างด้วยเอไอ,https://factcheckthailand.afp.com/doc.afp.com.79LL7WE,T06,False,False,other,19da88d1b2e23fd52789,63,keyword_seed,1.000000238418579,17147,,,pending,out_of_scope,"assistant read claim/title, not full-source verification",ภาพ 'ตำรวจเกาหลีใต้จับแรงงานชาวกัมพูชา' เป็นภาพที่สร้างด้วยเอไอ,,,pending
16854,afp,2025-10-24,2025,false,source,ึคลิปกองทัพเกาหลีตอบโต้กัมพูชา,source,คลิปขบวนพาเหรดวันกองทัพเกาหลีใต้ในปี 2567 ถูกแชร์ในโพสต์เท็จว่าเป็นการ 'เตรียมตอบโต้ทางทหาร' ต่อกัมพูชา,https://factcheckthailand.afp.com/doc.afp.com.79R89NQ,other,False,False,other,cb42c35f023a80e2c71e,63,semantic_neighbor,0.9437795281410217,17319,,,pending,out_of_scope,"assistant read claim/title, not full-source verification",คลิปขบวนพาเหรดวันกองทัพเกาหลีใต้ในปี 2567 ถูกแชร์ในโพสต์เท็จว่าเป็นการ 'เตรียมตอบโต้ทางทหาร' ต่อกัมพูชา,,,pending
2486,afnc,2025-10-26,2025,false,source,ทำใบขับขี่ออนไลน์ ถูกกฎหมาย ไม่ต้องไปสอบเอง ผ่านเพจ ทำใบขับขี่-ต่ออายุใบขับขี่ ทุกชนิด,cleaned_title,ทำใบขับขี่ออนไลน์ ถูกกฎหมาย ไม่ต้องไปสอบเอง ผ่านเพจ ทำใบขับขี่-ต่ออายุใบขับขี่ ทุกชนิด,https://www.antifakenewscenter.com/?p=78666,other,False,False,other,387c174426dcfeed16fb,2,semantic_neighbor,0.9440294504165649,2232,,,pending,out_of_scope,"assistant read claim/title, not full-source verification",ทำใบขับขี่ออนไลน์ ถูกกฎหมาย ไม่ต้องไปสอบเอง ผ่านเพจ ทำใบขับขี่-ต่ออายุใบขับขี่ ทุกชนิด,,,pending
2442,afnc,2025-10-31,2025,false,source,ทำใบขับขี่ออนไลน์ ถูกกฎหมาย ไม่ต้องสอบเอง ติดต่อเพจ ทำใบขับขี่แบบเร่งด่วน,cleaned_title,ทำใบขับขี่ออนไลน์ ถูกกฎหมาย ไม่ต้องสอบเอง ติดต่อเพจ ทำใบขับขี่แบบเร่งด่วน,https://www.antifakenewscenter.com/?p=78887,other,False,False,other,f712789e14a7106037d1,2,semantic_neighbor,0.9546303749084473,2232,,,pending,out_of_scope,"assistant read claim/title, not full-source verification",ทำใบขับขี่ออนไลน์ ถูกกฎหมาย ไม่ต้องสอบเอง ติดต่อเพจ ทำใบขับขี่แบบเร่งด่วน,,,pending
16848,afp,2025-10-31,2025,false,source,คลิปการบุกทลายศูนย์สแกมเมอร์ในกัมพูชา,source,คลิปเหตุประท้วงในเคนยาถูกแชร์อย่างผิด ๆ ว่าเป็นการบุกทลายศูนย์สแกมเมอร์ในกัมพูชา,https://factcheckthailand.afp.com/doc.afp.com.82KV6CQ,other,False,False,other,4f1a49a091ce6f1b16ce,-1,semantic_neighbor,0.929755449295044,16922,,,pending,out_of_scope,"assistant read claim/title, not full-source verification",คลิปเหตุประท้วงในเคนยาถูกแชร์อย่างผิด ๆ ว่าเป็นการบุกทลายศูนย์สแกมเมอร์ในกัมพูชา,,,pending
2426,afnc,2025-11-02,2025,false,source,ทำใบขับขี่ผ่านระบบออนไลน์ ไม่ต้องเสียเวลาไปทำเอง เจ้าหน้าที่ดำเนินการให้ทุกขั้นตอน,cleaned_title,ทำใบขับขี่ผ่านระบบออนไลน์ ไม่ต้องเสียเวลาไปทำเอง เจ้าหน้าที่ดำเนินการให้ทุกขั้นตอน,https://www.antifakenewscenter.com/?p=78943,other,False,False,other,857620f61ecec80f271e,2,semantic_neighbor,0.9318051338195801,2232,,,pending,out_of_scope,"assistant read claim/title, not full-source verification",ทำใบขับขี่ผ่านระบบออนไลน์ ไม่ต้องเสียเวลาไปทำเอง เจ้าหน้าที่ดำเนินการให้ทุกขั้นตอน,,,pending
2415,afnc,2025-11-03,2025,false,source,กรมการขนส่งทางบก เปิดรับทำใบขับขี่ออนไลน์ ผ่านเพจ DLT License ใบขับขี่เร่งด่วน,cleaned_title,กรมการขนส่งทางบก เปิดรับทำใบขับขี่ออนไลน์ ผ่านเพจ DLT License ใบขับขี่เร่งด่วน,https://www.antifakenewscenter.com/?p=78994,other,False,False,other,cc82e24a3d1c26aa27a3,2,semantic_neighbor,0.9343491196632385,2232,,,pending,out_of_scope,"assistant read claim/title, not full-source verification",กรมการขนส่งทางบก เปิดรับทำใบขับขี่ออนไลน์ ผ่านเพจ DLT License ใบขับขี่เร่งด่วน,,,pending
27940,cofact,2025-11-05,2025,misleading,human,ด่วน! แรงงานเขมร ลักลอบเข้าไทย โดยวิธีการต่างๆ ดัดแปลงกระบะ ขนต่างด้าวเข้าเมือง,llm,คลิปรถกระบะซุกชาวเมียนมาเมื่อ 3 ปีที่แล้ว ถูกนำมาอ้างเท็จว่าเป็นแรงงานเขมรลักลอบเข้าไทย,https://blog.cofact.org/th/fact-check-thai-cambodia-05112025/,T06,True,False,security,519c1411a2c0e01b9b8c,28,keyword_seed,1.0000001192092896,27940,,,pending,resident_refugee_status,"assistant read claim/title, not full-source verification",คลิปรถกระบะซุกชาวเมียนมาเมื่อ 3 ปีที่แล้ว ถูกนำมาอ้างเท็จว่าเป็นแรงงานเขมรลักลอบเข้าไทย,,,pending
2368,afnc,2025-11-08,2025,misleading,source,ใช้สิทธิ์คนละครึ่งพลัส ที่แม็คโคร-โลตัส ได้แล้ว,cleaned_title,ใช้สิทธิ์คนละครึ่งพลัส ที่แม็คโคร-โลตัส ได้แล้ว,https://www.antifakenewscenter.com/?p=79206,T05,False,False,rights,b2eb79aff196ecebffc1,-1,semantic_neighbor,0.9352575540542603,1623,,,pending,out_of_scope,"assistant read claim/title, not full-source verification",ใช้สิทธิ์คนละครึ่งพลัส ที่แม็คโคร-โลตัส ได้แล้ว,,,pending
2362,afnc,2025-11-09,2025,false,source,กรมการขนส่งทางบก เปิดรับทำใบขับขี่ออนไลน์ทุกชนิด ผ่านเพจ DLT Driving License ใบขับขี่ด่วน,cleaned_title,กรมการขนส่งทางบก เปิดรับทำใบขับขี่ออนไลน์ทุกชนิด ผ่านเพจ DLT Driving License ใบขับขี่ด่วน,https://www.antifakenewscenter.com/?p=79226,other,False,False,other,667f87dd28c4183ad847,2,semantic_neighbor,0.9304831027984619,2232,,,pending,out_of_scope,"assistant read claim/title, not full-source verification",กรมการขนส่งทางบก เปิดรับทำใบขับขี่ออนไลน์ทุกชนิด ผ่านเพจ DLT Driving License ใบขับขี่ด่วน,,,pending
2342,afnc,2025-11-11,2025,false,source,DLT รับทำใบขับขี่ทุกประเภท ผ่านเพจ สอบใบขับขี่ เร่งด่วน ไม่ต้องลางาน,cleaned_title,DLT รับทำใบขับขี่ทุกประเภท ผ่านเพจ สอบใบขับขี่ เร่งด่วน ไม่ต้องลางาน,https://www.antifakenewscenter.com/?p=79316,other,False,False,other,3c2db9cc6b699eae2a85,2,semantic_neighbor,0.9323448538780212,2232,,,pending,out_of_scope,"assistant read claim/title, not full-source verification",DLT รับทำใบขับขี่ทุกประเภท ผ่านเพจ สอบใบขับขี่ เร่งด่วน ไม่ต้องลางาน,,,pending
2305,afnc,2025-11-15,2025,false,source,กรมการขนส่งทางบก เปิดรับทำใบขับขี่แบบเร่งด่วน ผ่านเพจ รับทำใบขับขี่ - ทุกชนิด,cleaned_title,กรมการขนส่งทางบก เปิดรับทำใบขับขี่แบบเร่งด่วน ผ่านเพจ รับทำใบขับขี่ - ทุกชนิด,https://www.antifakenewscenter.com/?p=79382,other,False,False,other,7ca56ab86a869b4cd662,2,semantic_neighbor,0.9528576135635376,2232,,,pending,out_of_scope,"assistant read claim/title, not full-source verification",กรมการขนส่งทางบก เปิดรับทำใบขับขี่แบบเร่งด่วน ผ่านเพจ รับทำใบขับขี่ - ทุกชนิด,,,pending
17138,afp,2025-11-17,2025,false,source,คลิปชาวกัมพูชา 2 คน ในกระบะดัดแปลงลักลอบขนต่างด้าวเข้าไทย,source,วิดีโอแรงงานเมียนมาปี 2565 ถูกแชร์ในโพสต์เท็จว่าเป็นชาวกัมพูชาลักลอบเข้าไทย,https://factcheckthailand.afp.com/doc.afp.com.8472963,T06,True,False,security,5286046c63ed0f9604cc,-1,keyword_seed,1.0000003576278687,17138,,,pending,resident_refugee_status,"assistant read claim/title, not full-source verification",วิดีโอแรงงานเมียนมาปี 2565 ถูกแชร์ในโพสต์เท็จว่าเป็นชาวกัมพูชาลักลอบเข้าไทย,,,pending
2272,afnc,2025-11-19,2025,false,source,บริการทำใบขับขี่ออนไลน์แบบครบวงจร ติดต่อได้ที่เพจ รับทำใบขับขี่ออนไลน์ บัตรเสร็จแล้วค่อยจ่าย,cleaned_title,บริการทำใบขับขี่ออนไลน์แบบครบวงจร ติดต่อได้ที่เพจ รับทำใบขับขี่ออนไลน์ บัตรเสร็จแล้วค่อยจ่าย,https://www.antifakenewscenter.com/?p=79601,other,False,False,other,158bb37aa64348bd4fd1,2,semantic_neighbor,0.937406599521637,2232,,,pending,out_of_scope,"assistant read claim/title, not full-source verification",บริการทำใบขับขี่ออนไลน์แบบครบวงจร ติดต่อได้ที่เพจ รับทำใบขับขี่ออนไลน์ บัตรเสร็จแล้วค่อยจ่าย,,,pending
2260,afnc,2025-11-20,2025,false,source,ต้องการทำใบขับขี่ออนไลน์แบบถูกกฎหมาย ไม่ต้องสอบเอง ติดต่อได้ที่เพจ ฉันทยา,cleaned_title,ต้องการทำใบขับขี่ออนไลน์แบบถูกกฎหมาย ไม่ต้องสอบเอง ติดต่อได้ที่เพจ ฉันทยา,https://www.antifakenewscenter.com/?p=79647,other,False,False,other,e71c0e9ee59dc9d9c120,2,semantic_neighbor,0.9316978454589844,2232,,,pending,out_of_scope,"assistant read claim/title, not full-source verification",ต้องการทำใบขับขี่ออนไลน์แบบถูกกฎหมาย ไม่ต้องสอบเอง ติดต่อได้ที่เพจ ฉันทยา,,,pending
2232,afnc,2025-11-23,2025,false,source,รับทำใบขับขี่ถูกกฎหมายแบบเร่งด่วนสำหรับคนต่างด้าว ผ่านเพจ รับทำใบขับขี่แบบถูกกฏหมาย100%,cleaned_title,รับทำใบขับขี่ถูกกฎหมายแบบเร่งด่วนสำหรับคนต่างด้าว ผ่านเพจ รับทำใบขับขี่แบบถูกกฏหมาย100%,https://www.antifakenewscenter.com/?p=79780,T06,True,False,other,2f5355a8ebbf40d77a00,2,keyword_seed,0.9999998807907104,2232,,,pending,resident_refugee_status,"assistant read claim/title, not full-source verification",รับทำใบขับขี่ถูกกฎหมายแบบเร่งด่วนสำหรับคนต่างด้าว ผ่านเพจ รับทำใบขับขี่แบบถูกกฏหมาย100%,,,pending
2215,afnc,2025-11-25,2025,false,source,กรมการขนส่งทางบก เปิดรับทำใบขับขี่ออนไลน์ทุกชนิด ผ่านเพจ Driving License ใบขับขี่ด่วน,cleaned_title,กรมการขนส่งทางบก เปิดรับทำใบขับขี่ออนไลน์ทุกชนิด ผ่านเพจ Driving License ใบขับขี่ด่วน,https://www.antifakenewscenter.com/?p=79846,other,False,False,other,ab04b0b77b61190c6bf9,2,semantic_neighbor,0.9353142380714417,2232,,,pending,out_of_scope,"assistant read claim/title, not full-source verification",กรมการขนส่งทางบก เปิดรับทำใบขับขี่ออนไลน์ทุกชนิด ผ่านเพจ Driving License ใบขับขี่ด่วน,,,pending
2207,afnc,2025-11-26,2025,false,source,ช่องทางใหม่! ทำใบขับขี่เร่งด่วน ถูกกฎหมาย 100% ติดต่อที่ TikTok nordinfitri,cleaned_title,ช่องทางใหม่! ทำใบขับขี่เร่งด่วน ถูกกฎหมาย 100% ติดต่อที่ TikTok nordinfitri ,https://www.antifakenewscenter.com/?p=79876,other,False,False,other,3c711d4f4ab09c0a46da,2,semantic_neighbor,0.9428685307502747,2232,,,pending,out_of_scope,"assistant read claim/title, not full-source verification",ช่องทางใหม่! ทำใบขับขี่เร่งด่วน ถูกกฎหมาย 100% ติดต่อที่ TikTok nordinfitri ,,,pending
2196,afnc,2025-11-27,2025,false,source,เพจ “ทำใบขับขี่ทั่วไทยส่งด่วน” เปิดรับทำใบขับขี่ออนไลน์ ถูกกฎหมาย ไม่ต้องสอบเอง,cleaned_title,เพจ “ทำใบขับขี่ทั่วไทยส่งด่วน” เปิดรับทำใบขับขี่ออนไลน์ ถูกกฎหมาย ไม่ต้องสอบเอง,https://www.antifakenewscenter.com/?p=79921,other,False,False,other,c3e3c1caceec5fec53ba,2,semantic_neighbor,0.9355615377426147,2232,,,pending,out_of_scope,"assistant read claim/title, not full-source verification",เพจ “ทำใบขับขี่ทั่วไทยส่งด่วน” เปิดรับทำใบขับขี่ออนไลน์ ถูกกฎหมาย ไม่ต้องสอบเอง,,,pending
26880,thaipbs,2025-12-08,2025,false,source,ชาวกัมพูชาโพสต์ภาพเครื่องบินทิ้งระเบิดอ้างเป็นเหตุการณ์ไทยปะทะกัมพูชารอบใหม่,llm,กัมพูชาอ้างไทยเริ่มการปะทะรอบใหม่ ที่แท้ภาพจากเกม แถมเครื่องบินยุคสงครามโลกครั้งที่ 2,https://www.thaipbs.or.th/verify/content/7420,T06,False,True,other,8b148bcc01304999b219,63,keyword_seed,1.0000001192092896,26880,,,pending,out_of_scope,"assistant read claim/title, not full-source verification",กัมพูชาอ้างไทยเริ่มการปะทะรอบใหม่ ที่แท้ภาพจากเกม แถมเครื่องบินยุคสงครามโลกครั้งที่ 2,,,pending
26872,thaipbs,2025-12-12,2025,misleading,source,“สื่อกัมพูชา” อ้าง “ทหารไทย” กักตัว “ชาวกัมพูชา” คาด่าน,cleaned_title,“สื่อกัมพูชา” อ้าง “ทหารไทย” กักตัว “ชาวกัมพูชา” คาด่าน แท้จริงกัมพูชากักคนไทยไว้ปอยเปต,https://www.thaipbs.or.th/verify/content/7599,T06,False,False,other,74b3669e65e8f8fe433f,-1,keyword_seed,1.0000004768371582,26872,,,pending,crossborder_people_services,"assistant read claim/title, not full-source verification",“สื่อกัมพูชา” อ้าง “ทหารไทย” กักตัว “ชาวกัมพูชา” คาด่าน แท้จริงกัมพูชากักคนไทยไว้ปอยเปต,,,pending
2035,afnc,2025-12-13,2025,false,source,รัฐบาลไทยยังส่งออกน้ำมันให้กัมพูชา,cleaned_title,รัฐบาลไทยยังส่งออกน้ำมันให้กัมพูชา,https://www.antifakenewscenter.com/?p=80602,other,False,False,other,4b8dfff3e8c447339e43,-1,semantic_neighbor,0.9290416240692139,1311,,,pending,out_of_scope,"assistant read claim/title, not full-source verification",รัฐบาลไทยยังส่งออกน้ำมันให้กัมพูชา,,,pending
2031,afnc,2025-12-14,2025,false,source,กรมการขนส่งทางบก เปิดรับทำใบขับขี่ออนไลน์ทุกชนิด ผ่านเพจ รับทำใบขับขี่ของแท้100%,cleaned_title,กรมการขนส่งทางบก เปิดรับทำใบขับขี่ออนไลน์ทุกชนิด ผ่านเพจ รับทำใบขับขี่ของแท้100%,https://www.antifakenewscenter.com/?p=80414,other,False,False,other,99b0ea52dc90e7b630d2,2,semantic_neighbor,0.951287567615509,2232,,,pending,out_of_scope,"assistant read claim/title, not full-source verification",กรมการขนส่งทางบก เปิดรับทำใบขับขี่ออนไลน์ทุกชนิด ผ่านเพจ รับทำใบขับขี่ของแท้100%,,,pending
2009,afnc,2025-12-16,2025,false,source,สั่งปิดอ่าวไทย สกัดเส้นทางลำเลียงอาวุธที่อาจเชื่อมไปกัมพูชา,cleaned_title,สั่งปิดอ่าวไทย สกัดเส้นทางลำเลียงอาวุธที่อาจเชื่อมไปกัมพูชา,https://www.antifakenewscenter.com/?p=80716,other,False,False,other,c7873bf86492acf6e554,6,semantic_neighbor,0.937236487865448,3233,,,pending,out_of_scope,"assistant read claim/title, not full-source verification",สั่งปิดอ่าวไทย สกัดเส้นทางลำเลียงอาวุธที่อาจเชื่อมไปกัมพูชา,,,pending
26867,thaipbs,2025-12-17,2025,misleading,source,ชาวกัมพูชาโพสต์ภาพร่างทหาร ชี้ให้ชาวสุรินทร์ดูไว้,cleaned_title,ชาวกัมพูชาโพสต์ภาพร่างทหาร ชี้ให้ชาวสุรินทร์ดูไว้ ตรวจสอบพบเป็นเพียงภาพทหารกะเหรี่ยงคาเรนนี ไม่เกี่ยวไทย-กัมพูชา,https://www.thaipbs.or.th/verify/content/7736,T06,False,False,other,8840158e28ed9d535658,63,keyword_seed,0.9999998211860657,26867,,,pending,out_of_scope,"assistant read claim/title, not full-source verification",ชาวกัมพูชาโพสต์ภาพร่างทหาร ชี้ให้ชาวสุรินทร์ดูไว้ ตรวจสอบพบเป็นเพียงภาพทหารกะเหรี่ยงคาเรนนี ไม่เกี่ยวไทย-กัมพูชา,,,pending
1998,afnc,2025-12-17,2025,false,source,กัมพูชาจับกุมทหารไทยหนีทัพ,cleaned_title,กัมพูชาจับกุมทหารไทยหนีทัพ,https://www.antifakenewscenter.com/?p=80756,other,False,False,other,fd436bcc5bbd55b0df66,6,semantic_neighbor,0.9437862038612366,1794,,,pending,out_of_scope,"assistant read claim/title, not full-source verification",กัมพูชาจับกุมทหารไทยหนีทัพ,,,pending
1958,afnc,2025-12-21,2025,false,source,เปิดรับทำใบขับขี่ออนไลน์ถูกกฎหมาย ไม่ต้องสอบเองที่ขนส่ง ผ่านเพจ คน ล่าฝัน,cleaned_title,เปิดรับทำใบขับขี่ออนไลน์ถูกกฎหมาย ไม่ต้องสอบเองที่ขนส่ง ผ่านเพจ คน ล่าฝัน,https://www.antifakenewscenter.com/?p=80913,other,False,False,other,add836b7ae4c13e1b31c,2,semantic_neighbor,0.9365710020065308,2232,,,pending,out_of_scope,"assistant read claim/title, not full-source verification",เปิดรับทำใบขับขี่ออนไลน์ถูกกฎหมาย ไม่ต้องสอบเองที่ขนส่ง ผ่านเพจ คน ล่าฝัน,,,pending
27415,cofact,2025-12-22,2025,false,human,คลิปเครื่องบิน F-16 ของไทยบินผาดโผนหลังทิ้งระเบิดโจมตีกัมพูชา,human,คลิปเครื่องบินบังคับวิทยุ ถูกนำมาอ้างเท็จว่าเป็น F-16 บินโชว์หลังทิ้งระเบิดโจมตีกัมพูชา,https://blog.cofact.org/th/fact-check-thai-cambodia-rcplane-22122025/,other,False,False,other,5ac5d3ff5ec1d1c17b5c,-1,semantic_neighbor,0.9429887533187866,26880,,,pending,out_of_scope,"assistant read claim/title, not full-source verification",คลิปเครื่องบินบังคับวิทยุ ถูกนำมาอ้างเท็จว่าเป็น F-16 บินโชว์หลังทิ้งระเบิดโจมตีกัมพูชา,,,pending
27206,cofact,2025-12-24,2025,misleading,human,"สว.อังคณาระบุมีชาวกัมพูชา 750,000 คน ได้รับผลกระทบจากการสู้รบกับไทย",human,โพสต์เฟซบุ๊กของ “สว. อังคณา” เรื่องผู้พลัดถิ่นจากการสู้รบไทย-กัมพูชา ถูกบิดเบือนสร้างความเกลียดชัง,https://blog.cofact.org/th/fact-check-thai-cambodia-24122025/,T06,False,False,other,3e612d83fd6f8b18348d,-1,keyword_seed,1.0000003576278687,27206,,,pending,out_of_scope,"assistant read claim/title, not full-source verification",โพสต์เฟซบุ๊กของ “สว. อังคณา” เรื่องผู้พลัดถิ่นจากการสู้รบไทย-กัมพูชา ถูกบิดเบือนสร้างความเกลียดชัง,,,pending
1927,afnc,2025-12-24,2025,misleading,source,ลูกจ้างชาวกัมพูชาที่ทำงานในไทยทุกคน จะอยู่ทำงานได้ถึงวันที่ 13 ก.พ. 69 เท่านั้น หากจ้างต่อจะถูกดำเนินคดีตามกฎหมาย,cleaned_title,ลูกจ้างชาวกัมพูชาที่ทำงานในไทยทุกคน จะอยู่ทำงานได้ถึงวันที่ 13 ก.พ. 69 เท่านั้น หากจ้างต่อจะถูกดำเนินคดีตามกฎหมาย,https://www.antifakenewscenter.com/?p=81060,T06,False,False,jobs,8d99e119eb4864abd2cd,28,keyword_seed,1.0000005960464478,1927,,,pending,resident_refugee_status,"assistant read claim/title, not full-source verification",ลูกจ้างชาวกัมพูชาที่ทำงานในไทยทุกคน จะอยู่ทำงานได้ถึงวันที่ 13 ก.พ. 69 เท่านั้น หากจ้างต่อจะถูกดำเนินคดีตามกฎหมาย,,,pending
28091,cofact,2025-12-26,2025,misleading,human,กรมการปกครองเสนอแก้ไข พ.ร.บ.สัญชาติ เปิดช่องให้ลูกแรงงานต่างด้าวที่เกิดในไทยได้สัญชาติไทย,human,กรมการปกครองยืนยัน เสนอแก้ไข พ.ร.บ. สัญชาติ ไม่ได้เปิดให้ลูกแรงงานต่างด้าวได้สัญชาติไทย,https://blog.cofact.org/th/fact-check-natioanality-act-26122025/,T06,True,False,rights,393b655876dacccec714,49,keyword_seed,0.9999997019767761,28091,,,pending,resident_refugee_status,"assistant read claim/title, not full-source verification",กรมการปกครองยืนยัน เสนอแก้ไข พ.ร.บ. สัญชาติ ไม่ได้เปิดให้ลูกแรงงานต่างด้าวได้สัญชาติไทย,,,pending
1906,afnc,2025-12-26,2025,false,source,บอร์ดปตท. ลักลอบส่งน้ำมันให้กับกัมพูชา,cleaned_title,บอร์ดปตท. ลักลอบส่งน้ำมันให้กับกัมพูชา,https://www.antifakenewscenter.com/?p=81143,other,False,False,security,6a48128a5b744b823bdb,-1,semantic_neighbor,0.9291515946388245,3233,,,pending,out_of_scope,"assistant read claim/title, not full-source verification",บอร์ดปตท. ลักลอบส่งน้ำมันให้กับกัมพูชา,,,pending
1905,afnc,2025-12-26,2025,false,source,สำนักงานตรวจคนเข้าเมืองของไทย คุกคามนักท่องเที่ยวที่เดินทางมาเปลี่ยนเครื่องเพื่อไปกัมพูชา,cleaned_title,สำนักงานตรวจคนเข้าเมืองของไทย คุกคามนักท่องเที่ยวที่เดินทางมาเปลี่ยนเครื่องเพื่อไปกัมพูชา,https://www.antifakenewscenter.com/?p=81139,other,True,False,other,160447de7ba74363356c,-1,keyword_seed,1.000000238418579,1905,,,pending,unclear,"assistant read claim/title, not full-source verification",สำนักงานตรวจคนเข้าเมืองของไทย คุกคามนักท่องเที่ยวที่เดินทางมาเปลี่ยนเครื่องเพื่อไปกัมพูชา,,,pending
1904,afnc,2025-12-26,2025,misleading,source,ประชาชนผู้บริสุทธิ์ของกัมพูชาได้รับความเดือดร้อนจากการปฏิบัติการของฝ่ายไทย,cleaned_title,ประชาชนผู้บริสุทธิ์ของกัมพูชาได้รับความเดือดร้อนจากการปฏิบัติการของฝ่ายไทย,https://www.antifakenewscenter.com/?p=81147,other,False,False,other,4b92d14ba8baa6c4f30f,6,semantic_neighbor,0.9290168285369873,17033,,,pending,out_of_scope,"assistant read claim/title, not full-source verification",ประชาชนผู้บริสุทธิ์ของกัมพูชาได้รับความเดือดร้อนจากการปฏิบัติการของฝ่ายไทย,,,pending
1901,afnc,2025-12-27,2025,false,source,ทำใบขับขี่ออนไลน์ถูกกฎหมายได้แล้วที่เพจ โชคชัย รับทำใบขับขี่ ทุกชนิด,cleaned_title,ทำใบขับขี่ออนไลน์ถูกกฎหมายได้แล้วที่เพจ โชคชัย รับทำใบขับขี่ ทุกชนิด,https://www.antifakenewscenter.com/?p=81048,other,False,False,other,8bfeafc35109abed8d94,2,semantic_neighbor,0.9433250427246094,2232,,,pending,out_of_scope,"assistant read claim/title, not full-source verification",ทำใบขับขี่ออนไลน์ถูกกฎหมายได้แล้วที่เพจ โชคชัย รับทำใบขับขี่ ทุกชนิด,,,pending
1872,afnc,2025-12-30,2025,false,source,รับทำใบขับขี่ออนไลน์ถูกกฎหมาย ไม่ต้องสอบเองที่ขนส่ง ผ่านเพจ Wannisa Chalerm,cleaned_title,รับทำใบขับขี่ออนไลน์ถูกกฎหมาย ไม่ต้องสอบเองที่ขนส่ง ผ่านเพจ Wannisa Chalerm,https://www.antifakenewscenter.com/?p=81255,other,False,False,other,a7fca5a95775a00a4da5,2,semantic_neighbor,0.9301751255989075,2232,,,pending,out_of_scope,"assistant read claim/title, not full-source verification",รับทำใบขับขี่ออนไลน์ถูกกฎหมาย ไม่ต้องสอบเองที่ขนส่ง ผ่านเพจ Wannisa Chalerm,,,pending
1863,afnc,2025-12-31,2025,false,source,ทำใบขับขี่ไม่ใช่เรื่องยาก ผ่านเพจ พงษ์เพชร์ กงพล รับทำใบขับขี่ออนไลน์ถูกกฎหมายแบบครบวงจร,cleaned_title,ทำใบขับขี่ไม่ใช่เรื่องยาก ผ่านเพจ พงษ์เพชร์ กงพล รับทำใบขับขี่ออนไลน์ถูกกฎหมายแบบครบวงจร,https://www.antifakenewscenter.com/?p=81300,other,False,False,other,3d79147e52027f2adf9b,2,semantic_neighbor,0.9298362731933594,2232,,,pending,out_of_scope,"assistant read claim/title, not full-source verification",ทำใบขับขี่ไม่ใช่เรื่องยาก ผ่านเพจ พงษ์เพชร์ กงพล รับทำใบขับขี่ออนไลน์ถูกกฎหมายแบบครบวงจร,,,pending
1858,afnc,2025-12-31,2025,false,source,รับทำใบขับขี่ออนไลน์ถูกกฎหมาย ไม่ต้องสอบเองที่ขนส่ง ผ่านเพจ นายธีรศักดิ์ โฉมศิริ,cleaned_title,รับทำใบขับขี่ออนไลน์ถูกกฎหมาย ไม่ต้องสอบเองที่ขนส่ง ผ่านเพจ นายธีรศักดิ์ โฉมศิริ,https://www.antifakenewscenter.com/?p=81316,other,False,False,other,b3620915db27ec51228b,2,semantic_neighbor,0.9303615689277649,2232,,,pending,out_of_scope,"assistant read claim/title, not full-source verification",รับทำใบขับขี่ออนไลน์ถูกกฎหมาย ไม่ต้องสอบเองที่ขนส่ง ผ่านเพจ นายธีรศักดิ์ โฉมศิริ,,,pending
1843,afnc,2026-01-02,2026,false,source,ทำใบขับขี่ไทย ถูกกฎหมาย 100% ไม่ต้องไปสอบเองที่ขนส่ง ติดต่อที่เพจ นาย ธนสิทธิ์ ตันสกุล,cleaned_title,ทำใบขับขี่ไทย ถูกกฎหมาย 100% ไม่ต้องไปสอบเองที่ขนส่ง ติดต่อที่เพจ นาย ธนสิทธิ์ ตันสกุล,https://www.antifakenewscenter.com/?p=81377,other,False,False,rights,1ac2b8fec84b8585a67c,2,semantic_neighbor,0.9376399517059326,2232,,,pending,out_of_scope,"assistant read claim/title, not full-source verification",ทำใบขับขี่ไทย ถูกกฎหมาย 100% ไม่ต้องไปสอบเองที่ขนส่ง ติดต่อที่เพจ นาย ธนสิทธิ์ ตันสกุล,,,pending
1822,afnc,2026-01-04,2026,false,source,ทำใบขับขี่ออนไลน์ถูกกฎหมาย ได้ที่เพจ ณัฐวุฒิ รับทำใบขับขี่ทุกชนิด,cleaned_title,ทำใบขับขี่ออนไลน์ถูกกฎหมาย ได้ที่เพจ ณัฐวุฒิ รับทำใบขับขี่ทุกชนิด,https://www.antifakenewscenter.com/?p=81447,other,False,False,other,9f80805b530601f99792,2,semantic_neighbor,0.9470696449279785,2232,,,pending,out_of_scope,"assistant read claim/title, not full-source verification",ทำใบขับขี่ออนไลน์ถูกกฎหมาย ได้ที่เพจ ณัฐวุฒิ รับทำใบขับขี่ทุกชนิด,,,pending
1794,afnc,2026-01-07,2026,misleading,source,กองทัพไทย บุกยึดของทรัพย์สินมีค่า-รถจักรยานยนต์ จากบ้านเรือนชาวกัมพูชา,cleaned_title,กองทัพไทย บุกยึดของทรัพย์สินมีค่า-รถจักรยานยนต์ จากบ้านเรือนชาวกัมพูชา,https://www.antifakenewscenter.com/?p=81579,T06;T10,False,False,other,76bdb874225778477e95,6,keyword_seed,1.0,1794,,,pending,out_of_scope,"assistant read claim/title, not full-source verification",กองทัพไทย บุกยึดของทรัพย์สินมีค่า-รถจักรยานยนต์ จากบ้านเรือนชาวกัมพูชา,,,pending
26851,thaipbs,2026-01-10,2026,misleading,source,ตรีนุช สั่งแรงงานกัมพูชาไม่ต้องกลับประเทศ 13 ก.พ. 69,llm,โพสต์อ้าง “ตรีนุช” สั่งแรงงานกัมพูชาไม่ต้องกลับประเทศ 13 ก.พ. 69 แท้จริงไม่เกี่ยวกับแรงงานกัมพูชา แต่เป็น ลาว-เวียดนาม,https://www.thaipbs.or.th/verify/content/8264,other,True,False,other,b2e063cfaac344dd3f8b,28,keyword_seed,0.9999998807907104,26851,,,pending,resident_refugee_status,"assistant read claim/title, not full-source verification",โพสต์อ้าง “ตรีนุช” สั่งแรงงานกัมพูชาไม่ต้องกลับประเทศ 13 ก.พ. 69 แท้จริงไม่เกี่ยวกับแรงงานกัมพูชา แต่เป็น ลาว-เวียดนาม,,,pending
1764,afnc,2026-01-10,2026,false,source,อยากทำใบขับขี่ แต่ไม่มีเวลาสอบ ทำได้ที่เพจ กรมการขนส่งทางบก รับทำใบขับขี่ทุกชนิด รับรองถูกกฎหมาย 100%,cleaned_title,อยากทำใบขับขี่ แต่ไม่มีเวลาสอบ ทำได้ที่เพจ กรมการขนส่งทางบก รับทำใบขับขี่ทุกชนิด รับรองถูกกฎหมาย 100%,https://www.antifakenewscenter.com/?p=81691,other,False,False,other,b4bfdac875895c391842,2,semantic_neighbor,0.9493485689163208,2232,,,pending,out_of_scope,"assistant read claim/title, not full-source verification",อยากทำใบขับขี่ แต่ไม่มีเวลาสอบ ทำได้ที่เพจ กรมการขนส่งทางบก รับทำใบขับขี่ทุกชนิด รับรองถูกกฎหมาย 100%,,,pending
1730,afnc,2026-01-14,2026,false,source,กรมการขนส่งทางบก เปิดรับทำใบขับขี่ถูกกฏหมายทุกชนิด ผ่านเพจ ภิญญดา สารมณี,cleaned_title,กรมการขนส่งทางบก เปิดรับทำใบขับขี่ถูกกฏหมายทุกชนิด ผ่านเพจ ภิญญดา สารมณี,https://www.antifakenewscenter.com/?p=81869,other,False,False,other,d4de731dc497c221ac5f,2,semantic_neighbor,0.9312933087348938,2232,,,pending,out_of_scope,"assistant read claim/title, not full-source verification",กรมการขนส่งทางบก เปิดรับทำใบขับขี่ถูกกฏหมายทุกชนิด ผ่านเพจ ภิญญดา สารมณี,,,pending
1665,afnc,2026-01-21,2026,false,source,ทำใบขับขี่ทุกชนิด ไม่ต้องสอบเองที่ขนส่ง ผ่านเพจ รับทำใบขับขี่ทุกชนิด,cleaned_title,ทำใบขับขี่ทุกชนิด ไม่ต้องสอบเองที่ขนส่ง ผ่านเพจ รับทำใบขับขี่ทุกชนิด,https://www.antifakenewscenter.com/?p=82154,other,False,False,other,ed01abb0166ce9b3fe2c,2,semantic_neighbor,0.9382671117782593,2232,,,pending,out_of_scope,"assistant read claim/title, not full-source verification",ทำใบขับขี่ทุกชนิด ไม่ต้องสอบเองที่ขนส่ง ผ่านเพจ รับทำใบขับขี่ทุกชนิด,,,pending
1639,afnc,2026-01-24,2026,misleading,source,เตรียมแก้ไข พ.ร.บ.สัญชาติฯ ให้บุตรของคนต่างด้าวที่เกิดในประเทศไทย ตามมาตรา 7 ทวิ วรรคสอง ได้สัญชาติไทยโดยการเกิด,cleaned_title,เตรียมแก้ไข พ.ร.บ.สัญชาติฯ ให้บุตรของคนต่างด้าวที่เกิดในประเทศไทย ตามมาตรา 7 ทวิ วรรคสอง ได้สัญชาติไทยโดยการเกิด,https://www.antifakenewscenter.com/?p=82246,T06,True,False,rights,937b9a93680a3dc811d0,49,keyword_seed,0.9999997019767761,1639,,,pending,resident_refugee_status,"assistant read claim/title, not full-source verification",เตรียมแก้ไข พ.ร.บ.สัญชาติฯ ให้บุตรของคนต่างด้าวที่เกิดในประเทศไทย ตามมาตรา 7 ทวิ วรรคสอง ได้สัญชาติไทยโดยการเกิด,,,pending
1623,afnc,2026-01-26,2026,false,source,ต่างด้าวสามารถสวมสิทธิ์โครงการคนละครึ่งได้,cleaned_title,ต่างด้าวสามารถสวมสิทธิ์โครงการคนละครึ่งได้,https://www.antifakenewscenter.com/?p=82319,T06;T05,True,False,rights,6ae681daed16cc339a82,-1,keyword_seed,0.9999997615814209,1623,,,pending,resident_refugee_status,"assistant read claim/title, not full-source verification",ต่างด้าวสามารถสวมสิทธิ์โครงการคนละครึ่งได้,,,pending
1610,afnc,2026-01-27,2026,false,source,ไทยใช้กำลังทหารปฏิบัติการในพื้นที่กัมพูชา ขัดต่อกฎหมายระหว่างประเทศ,cleaned_title,ไทยใช้กำลังทหารปฏิบัติการในพื้นที่กัมพูชา ขัดต่อกฎหมายระหว่างประเทศ,https://www.antifakenewscenter.com/?p=82384,other,False,False,other,27bc9f16b92b69dea759,6,semantic_neighbor,0.9386862516403198,1543,,,pending,out_of_scope,"assistant read claim/title, not full-source verification",ไทยใช้กำลังทหารปฏิบัติการในพื้นที่กัมพูชา ขัดต่อกฎหมายระหว่างประเทศ,,,pending
1601,afnc,2026-01-28,2026,false,source,ตม.ดอนเมือง จับกุมสายลับชาวกัมพูชาแฝงตัวลักลอบเข้าไทย,cleaned_title,ตม.ดอนเมือง จับกุมสายลับชาวกัมพูชาแฝงตัวลักลอบเข้าไทย,https://www.antifakenewscenter.com/?p=82425,T06,False,False,security,715e77647a0443cd85c8,-1,keyword_seed,1.0000004768371582,1601,,,pending,crossborder_people_services,"assistant read claim/title, not full-source verification",ตม.ดอนเมือง จับกุมสายลับชาวกัมพูชาแฝงตัวลักลอบเข้าไทย,,,pending
1600,afnc,2026-01-28,2026,false,source,ไทยคือผู้สังหารผู้ลี้ภัยจากเขมรแดง เมื่อ 47 ปีก่อน,cleaned_title,ไทยคือผู้สังหารผู้ลี้ภัยจากเขมรแดง เมื่อ 47 ปีก่อน,https://www.antifakenewscenter.com/?p=82426,other,True,False,other,65cea052cdbd95fa4040,6,keyword_seed,1.0000001192092896,1600,,,pending,resident_refugee_status,"assistant read claim/title, not full-source verification",ไทยคือผู้สังหารผู้ลี้ภัยจากเขมรแดง เมื่อ 47 ปีก่อน,,,pending
28080,cofact,2026-01-28,2026,false,human,กัมพูชานำคนป่วยมาทิ้งไว้ที่ชายแดนฝั่งไทย หวังให้โรงพยาบาลในไทยรับไปรักษาตัวโดยไม่ต้องเสียค่าใช้จ่าย,llm,ภาพส่งเชลยกัมพูชาป่วยกลับประเทศ ถูกนำมาอ้างเท็จว่ากัมพูชานำคนป่วยมาทิ้งที่ชายแดนให้ไทยรักษา,https://blog.cofact.org/th/fact-check-thai-cambodia-28012026/,other,False,True,health,ebd67008c01db8ae872b,28,semantic_neighbor,0.9453179836273193,1166,,,pending,crossborder_people_services,"assistant read claim/title, not full-source verification",ภาพส่งเชลยกัมพูชาป่วยกลับประเทศ ถูกนำมาอ้างเท็จว่ากัมพูชานำคนป่วยมาทิ้งที่ชายแดนให้ไทยรักษา,,,pending
1543,afnc,2026-02-03,2026,misleading,source,ตม.ไทย ไม่ต้อนรับชาวกัมพูชาและยกเลิกใช้ฟรีวีซ่า เพื่อสกัดกั้นทหารรับจ้าง,cleaned_title,ตม.ไทย ไม่ต้อนรับชาวกัมพูชาและยกเลิกใช้ฟรีวีซ่า เพื่อสกัดกั้นทหารรับจ้าง,https://www.antifakenewscenter.com/?p=82682,T06,False,False,other,ac947031a9db991c72ea,28,keyword_seed,1.000000238418579,1543,,,pending,crossborder_people_services,"assistant read claim/title, not full-source verification",ตม.ไทย ไม่ต้อนรับชาวกัมพูชาและยกเลิกใช้ฟรีวีซ่า เพื่อสกัดกั้นทหารรับจ้าง,,,pending
1540,afnc,2026-02-03,2026,false,source,ชาวกัมพูชายังคงเข้ามาซื้อสินค้าในตลาดช่องจอม อ.กาบเชิง จ.สุรินทร์ แม้จะมีการประกาศปิดด่าน,cleaned_title,ชาวกัมพูชายังคงเข้ามาซื้อสินค้าในตลาดช่องจอม อ.กาบเชิง จ.สุรินทร์ แม้จะมีการประกาศปิดด่าน,https://www.antifakenewscenter.com/?p=82699,T06,False,False,other,8b7d45e6cfd52042d3eb,28,keyword_seed,0.9999993443489075,1540,,,pending,crossborder_people_services,"assistant read claim/title, not full-source verification",ชาวกัมพูชายังคงเข้ามาซื้อสินค้าในตลาดช่องจอม อ.กาบเชิง จ.สุรินทร์ แม้จะมีการประกาศปิดด่าน,,,pending
1531,afnc,2026-02-04,2026,false,source,เจ้าหน้าที่ตรวจคนเข้าเมืองไทย มีหลักเกณฑ์พิจารณาอนุญาตให้เดินทางเข้าประเทศที่ต่างกันในแต่ละสนามบิน,cleaned_title,เจ้าหน้าที่ตรวจคนเข้าเมืองไทย มีหลักเกณฑ์พิจารณาอนุญาตให้เดินทางเข้าประเทศที่ต่างกันในแต่ละสนามบิน,https://www.antifakenewscenter.com/?p=82755,other,True,False,other,acbab8a19253f178ce6a,-1,keyword_seed,1.0000001192092896,1531,,,pending,unclear,"assistant read claim/title, not full-source verification",เจ้าหน้าที่ตรวจคนเข้าเมืองไทย มีหลักเกณฑ์พิจารณาอนุญาตให้เดินทางเข้าประเทศที่ต่างกันในแต่ละสนามบิน,,,pending
1510,afnc,2026-02-06,2026,false,source,ตัวแทนรัฐบาลไทยเตือนฝรั่งเศส ไม่ให้ช่วยเหลือกัมพูชาในการยึดดินแดนคืน,cleaned_title,ตัวแทนรัฐบาลไทยเตือนฝรั่งเศส ไม่ให้ช่วยเหลือกัมพูชาในการยึดดินแดนคืน,https://www.antifakenewscenter.com/?p=82818,other,False,False,other,c2254254257a0ea929b3,28,semantic_neighbor,0.9298164248466492,1543,,,pending,out_of_scope,"assistant read claim/title, not full-source verification",ตัวแทนรัฐบาลไทยเตือนฝรั่งเศส ไม่ให้ช่วยเหลือกัมพูชาในการยึดดินแดนคืน,,,pending
1473,afnc,2026-02-10,2026,false,source,ผู้บัญชาการทหารสูงสุดสั่งการ ผู้ใดให้ความช่วยเหลือเด็กต่างด้าว ให้เรียนฟรี ต้องใช้เงินส่วนตัวแทนเท่านั้น,cleaned_title,ผู้บัญชาการทหารสูงสุดสั่งการ ผู้ใดให้ความช่วยเหลือเด็กต่างด้าว ให้เรียนฟรี ต้องใช้เงินส่วนตัวแทนเท่านั้น,https://www.antifakenewscenter.com/?p=82986,T06,True,False,other,e5a9a42382d37934858b,-1,keyword_seed,1.0000001192092896,1473,,,pending,resident_refugee_status,"assistant read claim/title, not full-source verification",ผู้บัญชาการทหารสูงสุดสั่งการ ผู้ใดให้ความช่วยเหลือเด็กต่างด้าว ให้เรียนฟรี ต้องใช้เงินส่วนตัวแทนเท่านั้น,,,pending
1465,afnc,2026-02-11,2026,false,source,กรมการขนส่งทางบก เปิดรับทำใบขับขี่ทุกชนิด ผ่านเพจ ทำใบขับขี่ทุกประเภทด่วน คีย์ระบบแท้,cleaned_title,กรมการขนส่งทางบก เปิดรับทำใบขับขี่ทุกชนิด ผ่านเพจ ทำใบขับขี่ทุกประเภทด่วน คีย์ระบบแท้,https://www.antifakenewscenter.com/?p=83010,other,False,False,other,639fea77d7b7df109d81,2,semantic_neighbor,0.9330179691314697,2232,,,pending,out_of_scope,"assistant read claim/title, not full-source verification",กรมการขนส่งทางบก เปิดรับทำใบขับขี่ทุกชนิด ผ่านเพจ ทำใบขับขี่ทุกประเภทด่วน คีย์ระบบแท้,,,pending
1445,afnc,2026-02-13,2026,false,source,รับทำใบขับขี่ถูกกฏหมายทุกชนิด ผ่านเพจ DLT สำนักงานขนส่ง รับต่อและทำใบขับขี่-เร่งด่วน,cleaned_title,รับทำใบขับขี่ถูกกฏหมายทุกชนิด ผ่านเพจ DLT สำนักงานขนส่ง รับต่อและทำใบขับขี่-เร่งด่วน,https://www.antifakenewscenter.com/?p=83077,other,False,False,other,ff5086876389e9167821,2,semantic_neighbor,0.9553067684173584,2232,,,pending,out_of_scope,"assistant read claim/title, not full-source verification",รับทำใบขับขี่ถูกกฏหมายทุกชนิด ผ่านเพจ DLT สำนักงานขนส่ง รับต่อและทำใบขับขี่-เร่งด่วน,,,pending
1426,afnc,2026-02-15,2026,false,source,กรมการขนส่งทางบก เปิดรับทำใบขับขี่ทุกชนิด ผ่านเพจ รับทำใบขับขี่ทุกชะนิด,cleaned_title,กรมการขนส่งทางบก เปิดรับทำใบขับขี่ทุกชนิด ผ่านเพจ รับทำใบขับขี่ทุกชะนิด,https://www.antifakenewscenter.com/?p=83165,other,False,False,other,0324dcfafca37f5e2be1,2,semantic_neighbor,0.9366099238395691,2232,,,pending,out_of_scope,"assistant read claim/title, not full-source verification",กรมการขนส่งทางบก เปิดรับทำใบขับขี่ทุกชนิด ผ่านเพจ รับทำใบขับขี่ทุกชะนิด,,,pending
1418,afnc,2026-02-16,2026,false,source,กรมการขนส่งทางบก เปิดรับทำใบขับขี่ทุกชนิด ผ่านเพจ รับทำใบขับขี่,cleaned_title,กรมการขนส่งทางบก เปิดรับทำใบขับขี่ทุกชนิด ผ่านเพจ รับทำใบขับขี่,https://www.antifakenewscenter.com/?p=83218,other,False,False,other,8e8aab583444a28558a4,2,semantic_neighbor,0.9368957281112671,2232,,,pending,out_of_scope,"assistant read claim/title, not full-source verification",กรมการขนส่งทางบก เปิดรับทำใบขับขี่ทุกชนิด ผ่านเพจ รับทำใบขับขี่,,,pending
1412,afnc,2026-02-17,2026,false,source,เปิดรับทำใบขับขี่เร่งด่วนถูกกฎหมาย ใบอนุญาตรูปแบบใหม่ ผ่านบัญชี TikTok : anwrymjqsqz ผ่านกรมการขนส่งทางบก,cleaned_title,เปิดรับทำใบขับขี่เร่งด่วนถูกกฎหมาย ใบอนุญาตรูปแบบใหม่ ผ่านบัญชี TikTok : anwrymjqsqz ผ่านกรมการขนส่งทางบก,https://www.antifakenewscenter.com/?p=83232,other,False,False,jobs,356478b70ecdbec1b81b,2,semantic_neighbor,0.9348711967468262,2232,,,pending,out_of_scope,"assistant read claim/title, not full-source verification",เปิดรับทำใบขับขี่เร่งด่วนถูกกฎหมาย ใบอนุญาตรูปแบบใหม่ ผ่านบัญชี TikTok : anwrymjqsqz ผ่านกรมการขนส่งทางบก,,,pending
1398,afnc,2026-02-18,2026,false,source,กรมการขนส่งทางบก เปิดรับทำใบขับขี่ทุกชนิด ผ่านเพจ DLT กรมการขนส่งทางบก รับทำใบขับขี่ทุกชนิด,cleaned_title,กรมการขนส่งทางบก เปิดรับทำใบขับขี่ทุกชนิด ผ่านเพจ DLT กรมการขนส่งทางบก รับทำใบขับขี่ทุกชนิด,https://www.antifakenewscenter.com/?p=83291,other,False,False,other,bbc16d76cb9e880e09d5,2,semantic_neighbor,0.9306761622428894,2232,,,pending,out_of_scope,"assistant read claim/title, not full-source verification",กรมการขนส่งทางบก เปิดรับทำใบขับขี่ทุกชนิด ผ่านเพจ DLT กรมการขนส่งทางบก รับทำใบขับขี่ทุกชนิด,,,pending
27700,cofact,2026-02-21,2026,misleading,human,สว.อังคณาออกมาคัดค้านการตัดงบประมาณด้านการศึกษาของนักเรียนชาวกัมพูชาในไทย,human,ผู้ใช้เฟซบุ๊กนำโพสต์เก่าของ สว.อังคณามาบิดเบือนถ้อยคำ-เผยแพร่ซ้ำ ปลุกปั่นความเกลียดชังนักสิทธิฯ,https://blog.cofact.org/th/thai-cambodia-fact-check-21022026/,T06,False,False,other,656a217a125f998050bf,-1,keyword_seed,1.0000001192092896,27700,,,pending,resident_refugee_status,"assistant read claim/title, not full-source verification",ผู้ใช้เฟซบุ๊กนำโพสต์เก่าของ สว.อังคณามาบิดเบือนถ้อยคำ-เผยแพร่ซ้ำ ปลุกปั่นความเกลียดชังนักสิทธิฯ,,,pending
27606,cofact,2026-02-21,2026,misleading,human,เพจเฟซบุ๊กคล้ายเพจ นสพ.ข่าวสด โพสต์ภาพทหารไทยก่อสร้างถนนที่ชายแดนไทย-กัมพูชา,human,เพจเฟซบุ๊กแอบอ้างโลโก้ “ข่าวสด” โพสต์ภาพทหารไทยสร้างถนน ทบ. ระบุภาพจริงแต่ไม่ยืนยันที่ตั้ง,https://blog.cofact.org/th/fact-check-thai-cambodia-21022026/,T10,False,True,other,0031dee57bf5c6d7e21d,63,semantic_neighbor,0.9302548170089722,26867,,,pending,out_of_scope,"assistant read claim/title, not full-source verification",เพจเฟซบุ๊กแอบอ้างโลโก้ “ข่าวสด” โพสต์ภาพทหารไทยสร้างถนน ทบ. ระบุภาพจริงแต่ไม่ยืนยันที่ตั้ง,,,pending
27675,cofact,2026-02-23,2026,misleading,human,ปัจจุบันมีการเสนอแก้ไขมาตรา 7 ทวิวรรคสอง ของ พ.ร.บ.สัญชาติ เปิดช่องให้ลูกหลานแรงงานต่างด้าวที่เกิดในไทยได้สัญชาติไทยโดยการเกิด,llm,เพจ “ต่างด้าวทำอะไร” เผยแพร่ซ้ำเนื้อหาที่สร้างความเข้าใจผิดเกี่ยวกับการแก้ไข พ.ร.บ.สัญชาติ,https://blog.cofact.org/th/fact-check-nationality-act-23022026/,T06,True,False,rights,8e7733d291d1fc9c3bf3,49,keyword_seed,0.9999998211860657,27675,,,pending,resident_refugee_status,"assistant read claim/title, not full-source verification",เพจ “ต่างด้าวทำอะไร” เผยแพร่ซ้ำเนื้อหาที่สร้างความเข้าใจผิดเกี่ยวกับการแก้ไข พ.ร.บ.สัญชาติ,,,pending
27959,cofact,2026-02-24,2026,misleading,human,รังสิมันต์ โรม เสนอให้ออกบัตรประจำตัวประชาชนพิเศษให้ชาวเมียนมา ให้เข้าไทยได้โดยไม่ต้องขออนุญาต เพราะเป็นฐานเสียงทางการเมือง,llm,คลิป “รังสิมันต์ โรม” แถลงข่าวปี 67 ถูกบิดเบือนว่าเขาเสนอมอบสถานะคนไทยแก่ผู้หนีภัยชาวเมียนมา,https://blog.cofact.org/th/political-fact-check-24022026/,T09,False,False,other,9f0e67067fb58c62fcee,-1,keyword_seed,1.0000003576278687,27959,,,pending,resident_refugee_status,"assistant read claim/title, not full-source verification",คลิป “รังสิมันต์ โรม” แถลงข่าวปี 67 ถูกบิดเบือนว่าเขาเสนอมอบสถานะคนไทยแก่ผู้หนีภัยชาวเมียนมา,,,pending
27584,cofact,2026-02-25,2026,misleading,human,ศธ. ประกาศให้รับเด็กที่ไม่มีสัญชาติไทยเข้าเรียนในไทย หลังคลิปเด็กกัมพูชาเดินข้ามจุดผ่านแดนเข้ามาเรียน,llm,ศธ. ประกาศให้ รร. รับเด็กที่ไม่มีสัญชาติไทยเข้าเรียนจริง แต่ภาพเด็กกัมพูชาเดินมาเรียนในไทยเป็นคลิปเก่า,https://blog.cofact.org/th/fact-check-thai-cambodia-25022026/,T06,True,False,rights,427bf6b71b2e498f4491,-1,keyword_seed,1.000000238418579,27584,,,pending,resident_refugee_status,"assistant read claim/title, not full-source verification",ศธ. ประกาศให้ รร. รับเด็กที่ไม่มีสัญชาติไทยเข้าเรียนจริง แต่ภาพเด็กกัมพูชาเดินมาเรียนในไทยเป็นคลิปเก่า,,,pending
27544,cofact,2026-02-26,2026,misleading,human,นักสิทธิมนุษยชนแห่งชาติเสนอให้เด็กต่างด้าวในไทยเรียนฟรีถึงปริญญาตรี,llm,กสม. ชี้แจง ไม่ได้เสนอให้เด็กต่างด้าวเรียนฟรีถึง ป.ตรี แต่เสนอให้รัฐยึดหลักเด็กทุกคนมีสิทธิได้รับการศึกษา,https://blog.cofact.org/th/fact-check-children-rights-26022026/,T06,True,False,rights,d1d0099c63f2f81f8400,-1,keyword_seed,0.9999996423721313,27544,,,pending,resident_refugee_status,"assistant read claim/title, not full-source verification",กสม. ชี้แจง ไม่ได้เสนอให้เด็กต่างด้าวเรียนฟรีถึง ป.ตรี แต่เสนอให้รัฐยึดหลักเด็กทุกคนมีสิทธิได้รับการศึกษา,,,pending
1319,afnc,2026-02-26,2026,false,source,26 ก.พ. 69 ชาวกัมพูชา หนีตายทะลักเข้าไทย จำนวน 4.2 แสนคน,cleaned_title,26 ก.พ. 69 ชาวกัมพูชา หนีตายทะลักเข้าไทย จำนวน 4.2 แสนคน,https://www.antifakenewscenter.com/?p=83678,T06,False,False,other,985aa6b919211ee0ebc6,-1,keyword_seed,1.000000238418579,1319,,,pending,crossborder_people_services,"assistant read claim/title, not full-source verification",26 ก.พ. 69 ชาวกัมพูชา หนีตายทะลักเข้าไทย จำนวน 4.2 แสนคน,,,pending
1311,afnc,2026-02-27,2026,false,source,ชาวกัมพูชาซื้อสัญชาติลาว เพื่อเดินทางเข้าไทย,cleaned_title,ชาวกัมพูชาซื้อสัญชาติลาว เพื่อเดินทางเข้าไทย,https://www.antifakenewscenter.com/?p=83705,T06,False,False,rights,b36fcb2d5ae342b14920,-1,keyword_seed,0.9999998211860657,1311,,,pending,resident_refugee_status,"assistant read claim/title, not full-source verification",ชาวกัมพูชาซื้อสัญชาติลาว เพื่อเดินทางเข้าไทย,,,pending
1309,afnc,2026-02-27,2026,false,source,ไทยลักลอบค้าขายกับกัมพูชา เงินสะพัด 5 พันล้าน,cleaned_title,ไทยลักลอบค้าขายกับกัมพูชา เงินสะพัด 5 พันล้าน,https://www.antifakenewscenter.com/?p=83720,other,False,False,jobs;security,420a61196b7d0cc23fcb,-1,semantic_neighbor,0.9367193579673767,99,,,pending,out_of_scope,"assistant read claim/title, not full-source verification",ไทยลักลอบค้าขายกับกัมพูชา เงินสะพัด 5 พันล้าน,,,pending
1256,afnc,2026-03-04,2026,false,source,รมต.ต่างประเทศของไทย ยืนยัน ไม่ขอช่วยเหลือกัมพูชาจากสาเหตุต่างๆ ที่เกิดขึ้น,cleaned_title,รมต.ต่างประเทศของไทย ยืนยัน ไม่ขอช่วยเหลือกัมพูชาจากสาเหตุต่างๆ ที่เกิดขึ้น,https://www.antifakenewscenter.com/?p=83952,other,False,False,other,14f7d7182f72d3990c24,28,semantic_neighbor,0.9401262998580933,1543,,,pending,out_of_scope,"assistant read claim/title, not full-source verification",รมต.ต่างประเทศของไทย ยืนยัน ไม่ขอช่วยเหลือกัมพูชาจากสาเหตุต่างๆ ที่เกิดขึ้น,,,pending
1233,afnc,2026-03-06,2026,false,source,ระเบียบการใหม่ให้สิทธินักเรียนต่างด้าวเดินทางข้ามแดนมาเรียนแบบเช้าไป-เย็นกลับ,cleaned_title,ระเบียบการใหม่ให้สิทธินักเรียนต่างด้าวเดินทางข้ามแดนมาเรียนแบบเช้าไป-เย็นกลับ,https://www.antifakenewscenter.com/?p=84098,T06,True,False,rights,fd2ad12268b8e3e8cb52,-1,keyword_seed,0.9999998211860657,1233,,,pending,resident_refugee_status,"assistant read claim/title, not full-source verification",ระเบียบการใหม่ให้สิทธินักเรียนต่างด้าวเดินทางข้ามแดนมาเรียนแบบเช้าไป-เย็นกลับ,,,pending
1215,afnc,2026-03-08,2026,misleading,source,ยกเลิกประกาศของ ศธ. ให้เด็กต่างชาติเรียนฟรีถึงระดับปริญญาตรีในประเทศไทย,cleaned_title,ยกเลิกประกาศของ ศธ. ให้เด็กต่างชาติเรียนฟรีถึงระดับปริญญาตรีในประเทศไทย,https://www.antifakenewscenter.com/?p=84182,other,False,False,other,9a5b1846d7eb1eb66aa6,-1,semantic_neighbor,0.9412389397621155,27544,,,pending,resident_refugee_status,"assistant read claim/title, not full-source verification",ยกเลิกประกาศของ ศธ. ให้เด็กต่างชาติเรียนฟรีถึงระดับปริญญาตรีในประเทศไทย,,,pending
1174,afnc,2026-03-12,2026,false,source,แรงงานกัมพูชากว่า 7 แสนคน ไม่ยอมกลับประเทศ ยอมจ่ายเงินเพื่อให้ได้สัญชาติไทย,cleaned_title,แรงงานกัมพูชากว่า 7 แสนคน ไม่ยอมกลับประเทศ ยอมจ่ายเงินเพื่อให้ได้สัญชาติไทย,https://www.antifakenewscenter.com/?p=84348,T06,True,False,rights,07fabb66fb0553cbf8f5,28,keyword_seed,1.0000003576278687,1174,,,pending,resident_refugee_status,"assistant read claim/title, not full-source verification",แรงงานกัมพูชากว่า 7 แสนคน ไม่ยอมกลับประเทศ ยอมจ่ายเงินเพื่อให้ได้สัญชาติไทย,,,pending
1166,afnc,2026-03-13,2026,false,source,ชาวกัมพูชาพยายามแหกด่าน เพื่อมารักษาวัณโรคฟรีที่ไทย,cleaned_title,ชาวกัมพูชาพยายามแหกด่าน เพื่อมารักษาวัณโรคฟรีที่ไทย,https://www.antifakenewscenter.com/?p=84387,T06,False,False,health,204d14a8f29ace1a1e36,28,keyword_seed,0.9999998807907104,1166,,,pending,crossborder_people_services,"assistant read claim/title, not full-source verification",ชาวกัมพูชาพยายามแหกด่าน เพื่อมารักษาวัณโรคฟรีที่ไทย,,,pending
1162,afnc,2026-03-13,2026,false,source,ตม. ไทยไม่ให้ชาวกัมพูชาเดินทางเข้าประเทศ และบังคับให้ซื้อตั๋วเครื่องบินกลับกัมพูชาทันที,cleaned_title,ตม. ไทยไม่ให้ชาวกัมพูชาเดินทางเข้าประเทศ และบังคับให้ซื้อตั๋วเครื่องบินกลับกัมพูชาทันที,https://www.antifakenewscenter.com/?p=84399,T06,False,False,other,d64b92af6f68962fbe73,28,keyword_seed,0.9999995827674866,1162,,,pending,crossborder_people_services,"assistant read claim/title, not full-source verification",ตม. ไทยไม่ให้ชาวกัมพูชาเดินทางเข้าประเทศ และบังคับให้ซื้อตั๋วเครื่องบินกลับกัมพูชาทันที,,,pending
1154,afnc,2026-03-14,2026,false,source,มีการลักลอบส่งสินค้าไปกัมพูชาอย่างต่อเนื่อง,cleaned_title,มีการลักลอบส่งสินค้าไปกัมพูชาอย่างต่อเนื่อง,https://www.antifakenewscenter.com/?p=84426,other,False,False,security,e63db0e458075b3cfd1b,28,semantic_neighbor,0.9324541091918945,1146,,,pending,out_of_scope,"assistant read claim/title, not full-source verification",มีการลักลอบส่งสินค้าไปกัมพูชาอย่างต่อเนื่อง,,,pending
1146,afnc,2026-03-15,2026,false,source,แรงงานกัมพูชาเริ่มกลับมาลักลอบเข้า-ออก ไทยอีกครั้ง ผ่านช่องทางลับที่ชายแดน,cleaned_title,แรงงานกัมพูชาเริ่มกลับมาลักลอบเข้า-ออก ไทยอีกครั้ง ผ่านช่องทางลับที่ชายแดน,https://www.antifakenewscenter.com/?p=84477,other,True,True,security,9c2c0268dff525378852,28,keyword_seed,1.0,1146,,,pending,resident_refugee_status,"assistant read claim/title, not full-source verification",แรงงานกัมพูชาเริ่มกลับมาลักลอบเข้า-ออก ไทยอีกครั้ง ผ่านช่องทางลับที่ชายแดน,,,pending
1106,afnc,2026-03-19,2026,false,source,กัมพูชานำเข้าน้ำมันจากไทย โดยใช้เส้นทางอ้อมผ่าน สปป.ลาว,cleaned_title,กัมพูชานำเข้าน้ำมันจากไทย โดยใช้เส้นทางอ้อมผ่าน สปป.ลาว,https://www.antifakenewscenter.com/?p=84658,other,False,False,other,37dd990cdc4b48905e26,28,semantic_neighbor,0.939402163028717,1311,,,pending,out_of_scope,"assistant read claim/title, not full-source verification",กัมพูชานำเข้าน้ำมันจากไทย โดยใช้เส้นทางอ้อมผ่าน สปป.ลาว,,,pending
1080,afnc,2026-03-22,2026,false,source,กองทัพไทยเตือน ลักลอบขนน้ำมันไปกัมพูชา มีโทษถึงประหารชีวิต,cleaned_title,กองทัพไทยเตือน ลักลอบขนน้ำมันไปกัมพูชา มีโทษถึงประหารชีวิต,https://www.antifakenewscenter.com/?p=84755,T10,False,False,security,479658da9dc77c6bb743,-1,semantic_neighbor,0.9300214052200317,3233,,,pending,out_of_scope,"assistant read claim/title, not full-source verification",กองทัพไทยเตือน ลักลอบขนน้ำมันไปกัมพูชา มีโทษถึงประหารชีวิต,,,pending
1079,afnc,2026-03-22,2026,false,source,ตม. สกัดเข้ม ห้ามกัมพูชาเข้าประเทศไทย หากจับได้ส่งกลับทันที,cleaned_title,ตม. สกัดเข้ม ห้ามกัมพูชาเข้าประเทศไทย หากจับได้ส่งกลับทันที,https://www.antifakenewscenter.com/?p=84751,other,False,False,security,de58ad485c368871ab6e,28,semantic_neighbor,0.9429381489753723,1162,,,pending,crossborder_people_services,"assistant read claim/title, not full-source verification",ตม. สกัดเข้ม ห้ามกัมพูชาเข้าประเทศไทย หากจับได้ส่งกลับทันที,,,pending
1006,afnc,2026-03-30,2026,false,source,กัมพูชาลักลอบนำมะม่วงเข้าไทยผ่านชายแดนลาว เพื่อสวมรอยเป็นมะม่วงไทย,cleaned_title,กัมพูชาลักลอบนำมะม่วงเข้าไทยผ่านชายแดนลาว เพื่อสวมรอยเป็นมะม่วงไทย,https://www.antifakenewscenter.com/?p=85069,other,False,True,security,0dd90c281987bde00867,52,semantic_neighbor,0.9383103847503662,1311,,,pending,out_of_scope,"assistant read claim/title, not full-source verification",กัมพูชาลักลอบนำมะม่วงเข้าไทยผ่านชายแดนลาว เพื่อสวมรอยเป็นมะม่วงไทย,,,pending
1004,afnc,2026-03-30,2026,false,source,นายทุนลักลอบนำเข้ามันสำปะหลังจากกัมพูชา ผ่าน สปป.ลาวเข้าสู่ประเทศไทย,cleaned_title,นายทุนลักลอบนำเข้ามันสำปะหลังจากกัมพูชา ผ่าน สปป.ลาวเข้าสู่ประเทศไทย,https://www.antifakenewscenter.com/?p=85073,other,False,False,security,ce337c088a2f68c25ade,28,semantic_neighbor,0.9343756437301636,1311,,,pending,out_of_scope,"assistant read claim/title, not full-source verification",นายทุนลักลอบนำเข้ามันสำปะหลังจากกัมพูชา ผ่าน สปป.ลาวเข้าสู่ประเทศไทย,,,pending
1003,afnc,2026-03-30,2026,misleading,source,"ผู้พลัดถิ่นชาวกัมพูชากว่า 36,000 คน ยังตกค้างชายแดนไทย",cleaned_title,"ผู้พลัดถิ่นชาวกัมพูชากว่า 36,000 คน ยังตกค้างชายแดนไทย",https://www.antifakenewscenter.com/?p=85080,T06;T10,False,True,other,729a94a37fc577d6a837,-1,keyword_seed,1.0000001192092896,1003,,,pending,crossborder_people_services,"assistant read claim/title, not full-source verification","ผู้พลัดถิ่นชาวกัมพูชากว่า 36,000 คน ยังตกค้างชายแดนไทย",,,pending
830,afnc,2026-04-16,2026,false,source,รัฐบาลไม่อนุญาตให้แรงงานกัมพูชาทำงานในประเทศไทย และผลักดันออกนอกประเทศ,cleaned_title,รัฐบาลไม่อนุญาตให้แรงงานกัมพูชาทำงานในประเทศไทย และผลักดันออกนอกประเทศ,https://www.antifakenewscenter.com/?p=85915,other,True,False,jobs;security,ce02d829ae1f7264029a,28,keyword_seed,1.0,830,,,pending,resident_refugee_status,"assistant read claim/title, not full-source verification",รัฐบาลไม่อนุญาตให้แรงงานกัมพูชาทำงานในประเทศไทย และผลักดันออกนอกประเทศ,,,pending
778,afnc,2026-04-22,2026,false,source,ต้มยำกุ้ง เป็นสูตรอาหารที่ชาวกัมพูชาคิดค้น โดยใช้ชื่อว่า กุ้งเปรี้ยว,cleaned_title,ต้มยำกุ้ง เป็นสูตรอาหารที่ชาวกัมพูชาคิดค้น โดยใช้ชื่อว่า กุ้งเปรี้ยว,https://www.antifakenewscenter.com/?p=86175,T06;T01,False,False,other,f5054905d537ec4ee0b1,52,keyword_seed,1.0000001192092896,778,,,pending,out_of_scope,"assistant read claim/title, not full-source verification",ต้มยำกุ้ง เป็นสูตรอาหารที่ชาวกัมพูชาคิดค้น โดยใช้ชื่อว่า กุ้งเปรี้ยว,,,pending
28026,cofact,2026-04-24,2026,misleading,human,ไทยให้เด็กต่างชาติเรียนฟรีถึงปริญญาตรี,llm,“ไทยให้เด็กต่างชาติเรียนฟรีถึงปริญญาตรี” เป็นเนื้อหาบิดเบือนและสร้างความเข้าใจผิด,https://blog.cofact.org/th/fact-check-education-24042026/,other,False,False,other,52907aac214cfe532960,-1,semantic_neighbor,0.9623696804046631,27544,,,pending,resident_refugee_status,"assistant read claim/title, not full-source verification",“ไทยให้เด็กต่างชาติเรียนฟรีถึงปริญญาตรี” เป็นเนื้อหาบิดเบือนและสร้างความเข้าใจผิด,,,pending
737,afnc,2026-04-26,2026,false,source,พบชาวกัมพูชาเดินทางข้ามแดนเข้าไทย ในพื้นที่ จ.จันทบุรี ได้โดยง่าย,cleaned_title,พบชาวกัมพูชาเดินทางข้ามแดนเข้าไทย ในพื้นที่ จ.จันทบุรี ได้โดยง่าย,https://www.antifakenewscenter.com/?p=86355,T06,False,False,other,33f0ea94b5436d9bc7a6,28,keyword_seed,0.9999999403953552,737,,,pending,crossborder_people_services,"assistant read claim/title, not full-source verification",พบชาวกัมพูชาเดินทางข้ามแดนเข้าไทย ในพื้นที่ จ.จันทบุรี ได้โดยง่าย,,,pending
669,afnc,2026-05-03,2026,false,source,คนไทยกว่า 600 คน กลับประเทศไม่ได้ หลังกัมพูชาไม่เปิดด่านตามที่ตกลง,cleaned_title,คนไทยกว่า 600 คน กลับประเทศไม่ได้ หลังกัมพูชาไม่เปิดด่านตามที่ตกลง,https://www.antifakenewscenter.com/?p=86622,other,False,False,other,02565f033f51dca67dc5,-1,semantic_neighbor,0.9401533007621765,1003,,,pending,out_of_scope,"assistant read claim/title, not full-source verification",คนไทยกว่า 600 คน กลับประเทศไม่ได้ หลังกัมพูชาไม่เปิดด่านตามที่ตกลง,,,pending
656,afnc,2026-05-04,2026,false,source,เครือข่ายสแกมเมอร์ หลอกคนไทยเช่าบัญชี พาข้ามแดนไปกัมพูชา,cleaned_title,เครือข่ายสแกมเมอร์ หลอกคนไทยเช่าบัญชี พาข้ามแดนไปกัมพูชา,https://www.antifakenewscenter.com/?p=86666,other,False,False,other,1a23cac6948196075752,-1,semantic_neighbor,0.9472877979278564,3233,,,pending,out_of_scope,"assistant read claim/title, not full-source verification",เครือข่ายสแกมเมอร์ หลอกคนไทยเช่าบัญชี พาข้ามแดนไปกัมพูชา,,,pending
655,afnc,2026-05-04,2026,false,source,รมว.ต่างประเทศ เสนอให้ตัดทุนการศึกษาเด็กกัมพูชา,cleaned_title,รมว.ต่างประเทศ เสนอให้ตัดทุนการศึกษาเด็กกัมพูชา,https://www.antifakenewscenter.com/?p=86676,other,False,False,other,ad06e5f6d8c8bebebd79,-1,semantic_neighbor,0.9332009553909302,27700,,,pending,resident_refugee_status,"assistant read claim/title, not full-source verification",รมว.ต่างประเทศ เสนอให้ตัดทุนการศึกษาเด็กกัมพูชา,,,pending
639,afnc,2026-05-06,2026,false,source,รับทำใบขับขี่ทุกประเภท ผ่านเพจ Learn to drive ครูทิวร์ โปร่งใส ตรวจสอบได้,cleaned_title,รับทำใบขับขี่ทุกประเภท ผ่านเพจ Learn to drive ครูทิวร์ โปร่งใส ตรวจสอบได้,https://www.antifakenewscenter.com/?p=86696,other,False,False,other,21ee0bae515845f550db,2,semantic_neighbor,0.9328078031539917,2232,,,pending,out_of_scope,"assistant read claim/title, not full-source verification",รับทำใบขับขี่ทุกประเภท ผ่านเพจ Learn to drive ครูทิวร์ โปร่งใส ตรวจสอบได้,,,pending
26715,thaipbs,2026-05-10,2026,false,source,อังคณา นีละไพจิตร สว. ระบุว่า “คนกัมพูชาเดือดร้อนจากฝนที่ตก คนไทยควรช่วยสร้างบ้านให้”,llm,โพสต์อ้าง “อังคณา นีละไพจิตร” แนะคนไทยช่วยคนกัมพูชาสร้างบ้านหลบฝน ตรวจสอบแล้วเป็นข้อมูลเท็จ,https://www.thaipbs.or.th/verify/content/12100,other,False,False,other,345d750c72ad4a007c3a,28,keyword_seed,1.0000001192092896,26715,,,pending,crossborder_people_services,"assistant read claim/title, not full-source verification",โพสต์อ้าง “อังคณา นีละไพจิตร” แนะคนไทยช่วยคนกัมพูชาสร้างบ้านหลบฝน ตรวจสอบแล้วเป็นข้อมูลเท็จ,,,pending
580,afnc,2026-05-12,2026,false,source,กัมพูชากวาดล้างแก๊งคอลเซ็นเตอร์ ทำให้ลักลอบทะลักมาทางชายแดนไทย,cleaned_title,กัมพูชากวาดล้างแก๊งคอลเซ็นเตอร์ ทำให้ลักลอบทะลักมาทางชายแดนไทย,https://www.antifakenewscenter.com/?p=86985,T03;T10,False,True,security,ec018b71f8e7185c7178,-1,semantic_neighbor,0.939484715461731,1146,,,pending,crossborder_people_services,"assistant read claim/title, not full-source verification",กัมพูชากวาดล้างแก๊งคอลเซ็นเตอร์ ทำให้ลักลอบทะลักมาทางชายแดนไทย,,,pending
561,afnc,2026-05-14,2026,false,source,"รัฐบาลต่ออายุใบอนุญาตทำงานให้กับแรงงานกัมพูชากว่า 200,000 คน ที่ยังอยู่นอกระบบ",cleaned_title,"รัฐบาลต่ออายุใบอนุญาตทำงานให้กับแรงงานกัมพูชากว่า 200,000 คน ที่ยังอยู่นอกระบบ",https://www.antifakenewscenter.com/?p=87091,other,True,False,jobs,9eb01e58c09b8e36e1fa,28,keyword_seed,1.000000238418579,561,,,pending,resident_refugee_status,"assistant read claim/title, not full-source verification","รัฐบาลต่ออายุใบอนุญาตทำงานให้กับแรงงานกัมพูชากว่า 200,000 คน ที่ยังอยู่นอกระบบ",,,pending
16703,afp,2026-05-15,2026,false,source,คลิปเสียงนายกฯ อนุทินเตรียมเปิดชายแดนไทย-กัมพูชา,source,เสียงนายกฯ อ้าง 'เตรียมเปิดด่านชายแดนไทย-กัมพูชา' เป็นคลิปที่สร้างด้วยเอไอ,https://factcheckthailand.afp.com/doc.afp.com.B2WN3T3,T10,False,True,other,1eb86e13f8abde7eea62,-1,semantic_neighbor,0.9304856657981873,16922,,,pending,out_of_scope,"assistant read claim/title, not full-source verification",เสียงนายกฯ อ้าง 'เตรียมเปิดด่านชายแดนไทย-กัมพูชา' เป็นคลิปที่สร้างด้วยเอไอ,,,pending
527,afnc,2026-05-18,2026,misleading,source,คนไทยเจาะบ่อบาดาลขออนุญาต แต่ต่างด้าวทำกิจการปิโตรเคมีได้โดยไม่ต้องขออนุญาต,cleaned_title,คนไทยเจาะบ่อบาดาลขออนุญาต แต่ต่างด้าวทำกิจการปิโตรเคมีได้โดยไม่ต้องขออนุญาต,https://www.antifakenewscenter.com/?p=87197,T06,True,False,other,0f7c41f775a309ce6692,-1,keyword_seed,1.000000238418579,527,,,pending,resident_refugee_status,"assistant read claim/title, not full-source verification",คนไทยเจาะบ่อบาดาลขออนุญาต แต่ต่างด้าวทำกิจการปิโตรเคมีได้โดยไม่ต้องขออนุญาต,,,pending
454,afnc,2026-05-26,2026,false,source,ทหารกัมพูชาแพ้ทหารไทยในการรบ เพราะทหารไทยเสพยาบ้า,cleaned_title,ทหารกัมพูชาแพ้ทหารไทยในการรบ เพราะทหารไทยเสพยาบ้า,https://www.antifakenewscenter.com/?p=87507,T10,False,True,other,057e501b064f31fff9e6,6,semantic_neighbor,0.9319080710411072,1543,,,pending,out_of_scope,"assistant read claim/title, not full-source verification",ทหารกัมพูชาแพ้ทหารไทยในการรบ เพราะทหารไทยเสพยาบ้า,,,pending
451,afnc,2026-05-26,2026,false,source,ภาพชาวกัมพูชารวมตัวทั้งประเทศ เรียกร้องให้ไทยจ่ายคนละครึ่งพลัสให้กับแรงงานกัมพูชาทุกคน,cleaned_title,ภาพชาวกัมพูชารวมตัวทั้งประเทศ เรียกร้องให้ไทยจ่ายคนละครึ่งพลัสให้กับแรงงานกัมพูชาทุกคน,https://www.antifakenewscenter.com/?p=87532,T06;T05,True,False,other,636305585b92eb263f4e,28,keyword_seed,1.0000001192092896,451,,,pending,resident_refugee_status,"assistant read claim/title, not full-source verification",ภาพชาวกัมพูชารวมตัวทั้งประเทศ เรียกร้องให้ไทยจ่ายคนละครึ่งพลัสให้กับแรงงานกัมพูชาทุกคน,,,pending
6,afp,2026-05-29,2026,false,source,ดีไซเนอร์ชาวกัมพูชาถูกเจ้าหน้าที่พาตัวออกไปจากเทศกาลหนังเมืองคานส์,source,ผู้ใช้งานสื่อสังคมออนไลน์แชร์ภาพเอไอเพื่อล้อเลียนดีไซเนอร์ชาวกัมพูชาที่เทศกาลภาพยนตร์เมืองคานส์,https://factcheckthailand.afp.com/doc.afp.com.B4CW9D3,T06,False,False,other,0242aca4b009c74267ea,-1,keyword_seed,1.0,6,,,pending,out_of_scope,"assistant read claim/title, not full-source verification",ผู้ใช้งานสื่อสังคมออนไลน์แชร์ภาพเอไอเพื่อล้อเลียนดีไซเนอร์ชาวกัมพูชาที่เทศกาลภาพยนตร์เมืองคานส์,,,pending
415,afnc,2026-05-30,2026,misleading,source,กัมพูชา ซื้อหัวโขนจากไทย เพื่อเอาไปเป็นต้นแบบ,cleaned_title,กัมพูชา ซื้อหัวโขนจากไทย เพื่อเอาไปเป็นต้นแบบ,https://www.antifakenewscenter.com/?p=87668,other,False,False,other,41e28fe7d984d3b382cb,52,semantic_neighbor,0.938055694103241,1311,,,pending,out_of_scope,"assistant read claim/title, not full-source verification",กัมพูชา ซื้อหัวโขนจากไทย เพื่อเอาไปเป็นต้นแบบ,,,pending
396,afnc,2026-06-01,2026,false,source,ด่านปิดมา 1 ปี แต่ยังพบชาวกัมพูชาสัญจรไปมา-อาศัยในพื้นที่ คลองลึก โรงเกลือ จ.สระแก้ว,cleaned_title,ด่านปิดมา 1 ปี แต่ยังพบชาวกัมพูชาสัญจรไปมา-อาศัยในพื้นที่ คลองลึก โรงเกลือ จ.สระแก้ว,https://www.antifakenewscenter.com/?p=87766,T06,False,False,other,0e14e6e426b2e450b552,28,keyword_seed,0.9999999403953552,396,,,pending,resident_refugee_status,"assistant read claim/title, not full-source verification",ด่านปิดมา 1 ปี แต่ยังพบชาวกัมพูชาสัญจรไปมา-อาศัยในพื้นที่ คลองลึก โรงเกลือ จ.สระแก้ว,,,pending
27211,cofact,2026-06-05,2026,false,human,"บักบอย อินฟลูเอ็นเซอร์ชาวเขมรเรียกร้องให้แรงงานเขมรในไทยได้รับสิทธิ์โครงการคนละครึ่งและขอขึ้นค่าแรงขั้นต่ำเป็น 1,500 บาท",llm,กัมพูชาเรียกร้องสิทธิ์คนละครึ่ง-ขึ้นค่าแรงให้แรงงานเขมรในไทย เนื้อหาเท็จที่เกาะกระแส “ไทยช่วยไทยพลัส”,https://blog.cofact.org/th/report-thai-cambodia-05062026/,T05,False,False,rights,6e94c447714b46e4a0b5,-1,keyword_seed,0.9999995231628418,27211,,,pending,resident_refugee_status,"assistant read claim/title, not full-source verification",กัมพูชาเรียกร้องสิทธิ์คนละครึ่ง-ขึ้นค่าแรงให้แรงงานเขมรในไทย เนื้อหาเท็จที่เกาะกระแส “ไทยช่วยไทยพลัส”,,,pending
330,afnc,2026-06-08,2026,false,source,ทำใบขับขี่ออนไลน์ได้แล้ว ผ่านเพจ ครูรุจ ทำใบขับขี่ออนไลน์ สอนขับรถ ทุกชนิด,cleaned_title,ทำใบขับขี่ออนไลน์ได้แล้ว ผ่านเพจ ครูรุจ ทำใบขับขี่ออนไลน์ สอนขับรถ ทุกชนิด,https://www.antifakenewscenter.com/?p=88021,other,False,False,other,f7ead3d94475a149937c,2,semantic_neighbor,0.9357784390449524,2232,,,pending,out_of_scope,"assistant read claim/title, not full-source verification",ทำใบขับขี่ออนไลน์ได้แล้ว ผ่านเพจ ครูรุจ ทำใบขับขี่ออนไลน์ สอนขับรถ ทุกชนิด,,,pending
301,afnc,2026-06-11,2026,false,source,ทหารไทยสร้างถนนยาวกว่า 200 กม. ให้ชาวลาว โดยไม่คิดค่าแรง,cleaned_title,ทหารไทยสร้างถนนยาวกว่า 200 กม. ให้ชาวลาว โดยไม่คิดค่าแรง,https://www.antifakenewscenter.com/?p=88145,T06,False,False,other,a28086cdaa0f1de53487,-1,keyword_seed,0.9999996423721313,301,,,pending,out_of_scope,"assistant read claim/title, not full-source verification",ทหารไทยสร้างถนนยาวกว่า 200 กม. ให้ชาวลาว โดยไม่คิดค่าแรง,,,pending
298,afnc,2026-06-11,2026,false,source,"แรงงานกัมพูชา จ่าย 7,000 บาท ก็กลับมาทำงานที่ไทยได้",cleaned_title,"แรงงานกัมพูชา จ่าย 7,000 บาท ก็กลับมาทำงานที่ไทยได้",https://www.antifakenewscenter.com/?p=88167,other,True,False,jobs,7691416bee66a4cc9ecf,28,keyword_seed,1.000000238418579,298,,,pending,resident_refugee_status,"assistant read claim/title, not full-source verification","แรงงานกัมพูชา จ่าย 7,000 บาท ก็กลับมาทำงานที่ไทยได้",,,pending
286,afnc,2026-06-12,2026,false,source,รัฐบาลให้สิทธิบัตรสวัสดิการแห่งรัฐกับคนพม่า,cleaned_title,รัฐบาลให้สิทธิบัตรสวัสดิการแห่งรัฐกับคนพม่า,https://www.antifakenewscenter.com/?p=88251,other,False,False,rights,ee486a97185bca3bcece,49,keyword_seed,0.9999997615814209,286,,,pending,resident_refugee_status,"assistant read claim/title, not full-source verification",รัฐบาลให้สิทธิบัตรสวัสดิการแห่งรัฐกับคนพม่า,,,pending
27187,cofact,2026-06-15,2026,false,human,รัฐบาลกำลังร่างกฎหมายให้สัญชาติไทยและบัตรประชาชนแก่คนต่างด้าวรวมถึงคนต่างด้าวที่เข้ามาทำงานในไทยเป็นเวลานาน,human,ผู้ใช้เฟซบุ๊กโพสต์เนื้อหาที่สร้างความเข้าใจผิดว่าการแก้ไข พ.ร.บ.สัญชาติ มาตรา 7 จะทำให้คนต่างด้าวได้สัญชาติไทย,https://blog.cofact.org/th/fact-check-nationality-law-15062026/,T06,True,False,jobs;rights,0517f82f94427d92488e,49,keyword_seed,0.9999998807907104,27187,,,pending,resident_refugee_status,"assistant read claim/title, not full-source verification",ผู้ใช้เฟซบุ๊กโพสต์เนื้อหาที่สร้างความเข้าใจผิดว่าการแก้ไข พ.ร.บ.สัญชาติ มาตรา 7 จะทำให้คนต่างด้าวได้สัญชาติไทย,,,pending
252,afnc,2026-06-16,2026,misleading,source,แรงงานต่างด้าวฝากครรภ์ในโรงพยาบาลไทย หลังคลอดมีเงินบำรุงบุตร มีสวัสดิการ,cleaned_title,แรงงานต่างด้าวฝากครรภ์ในโรงพยาบาลไทย หลังคลอดมีเงินบำรุงบุตร มีสวัสดิการ,https://www.antifakenewscenter.com/?p=88433,T06,True,False,health;rights,b13e4c726510e872c158,49,keyword_seed,1.000000238418579,252,,,pending,resident_refugee_status,"assistant read claim/title, not full-source verification",แรงงานต่างด้าวฝากครรภ์ในโรงพยาบาลไทย หลังคลอดมีเงินบำรุงบุตร มีสวัสดิการ,,,pending
28118,cofact,2026-06-17,2026,misleading,human,โพสต์กล่าวหารัฐบาลเพื่อไทย-ภูมิใจไทย “แจกสัญชาติไทยอย่างกับแจกกระดาษชำระ,human,ตรวจสอบโพสต์เฟซบุ๊กกล่าวหารัฐบาลเพื่อไทย-ภูมิใจไทย “แจกสัญชาติไทย” ส่วน ปชน. จ้องแปรรูปต่างด้าวเป็นฐานเสียง,https://blog.cofact.org/th/fact-check-thai-nationality-17062026/,T06,True,False,rights,db7d1c0b68ff86eb2cf4,43,keyword_seed,1.0000001192092896,28118,,,pending,resident_refugee_status,"assistant read claim/title, not full-source verification",ตรวจสอบโพสต์เฟซบุ๊กกล่าวหารัฐบาลเพื่อไทย-ภูมิใจไทย “แจกสัญชาติไทย” ส่วน ปชน. จ้องแปรรูปต่างด้าวเป็นฐานเสียง,,,pending
234,afnc,2026-06-18,2026,false,source,กัมพูชาลากรถถัง 90 คัน ประชิดชายแดนอีสานใต้ของไทย,cleaned_title,กัมพูชาลากรถถัง 90 คัน ประชิดชายแดนอีสานใต้ของไทย,https://www.antifakenewscenter.com/?p=88508,other,False,True,other,66afc715f97ebd67e8ae,-1,semantic_neighbor,0.9321883916854858,1794,,,pending,out_of_scope,"assistant read claim/title, not full-source verification",กัมพูชาลากรถถัง 90 คัน ประชิดชายแดนอีสานใต้ของไทย,,,pending
224,afnc,2026-06-19,2026,false,source,คนต่างด้าว แม้เป็นแรงงานผิดกฎหมาย หากคลอดลูกในไทย จะได้สัญชาติไทยทันที,cleaned_title,คนต่างด้าว แม้เป็นแรงงานผิดกฎหมาย หากคลอดลูกในไทย จะได้สัญชาติไทยทันที,https://www.antifakenewscenter.com/?p=88535,T06,True,False,rights,c2e07a78a14a3b183892,49,keyword_seed,1.000000238418579,224,,,pending,resident_refugee_status,"assistant read claim/title, not full-source verification",คนต่างด้าว แม้เป็นแรงงานผิดกฎหมาย หากคลอดลูกในไทย จะได้สัญชาติไทยทันที,,,pending
222,afnc,2026-06-19,2026,false,source,ทหารกัมพูชา ถืออาวุธบุกรุกดินแดนไทย,cleaned_title,ทหารกัมพูชา ถืออาวุธบุกรุกดินแดนไทย,https://www.antifakenewscenter.com/?p=88543,T10,False,True,other,b69dc23da63b9a7cce1a,6,semantic_neighbor,0.9437614679336548,1794,,,pending,out_of_scope,"assistant read claim/title, not full-source verification",ทหารกัมพูชา ถืออาวุธบุกรุกดินแดนไทย,,,pending
219,afnc,2026-06-19,2026,misleading,source,ผู้ป่วยต่างด้าวรับการรักษาในโรงพยาบาลของรัฐบาลไทย ด้วยเงินภาษีของคนไทย,cleaned_title,ผู้ป่วยต่างด้าวรับการรักษาในโรงพยาบาลของรัฐบาลไทย ด้วยเงินภาษีของคนไทย,https://www.antifakenewscenter.com/?p=88571,T06,True,False,health,3e1d711bd69e7402f634,49,keyword_seed,1.0000004768371582,219,,,pending,resident_refugee_status,"assistant read claim/title, not full-source verification",ผู้ป่วยต่างด้าวรับการรักษาในโรงพยาบาลของรัฐบาลไทย ด้วยเงินภาษีของคนไทย,,,pending
159,afnc,2026-06-26,2026,false,source,ไทยละเมิดอธิปไตยและบูรณภาพแห่งดินแดนของกัมพูชา,cleaned_title,ไทยละเมิดอธิปไตยและบูรณภาพแห่งดินแดนของกัมพูชา,https://www.antifakenewscenter.com/?p=88810,other,False,False,other,b75c7380e5c9f5960895,6,semantic_neighbor,0.9302337765693665,7946,,,pending,out_of_scope,"assistant read claim/title, not full-source verification",ไทยละเมิดอธิปไตยและบูรณภาพแห่งดินแดนของกัมพูชา,,,pending
138,afnc,2026-06-28,2026,misleading,source,"นายหน้าชาวเมียนมารับเปิดบัญชีธนาคาร 1,500 บาท ให้กับชาวเมียนมาในภูเก็ต",cleaned_title,"นายหน้าชาวเมียนมารับเปิดบัญชีธนาคาร 1,500 บาท ให้กับชาวเมียนมาในภูเก็ต",https://www.antifakenewscenter.com/?p=88902,other,False,False,security,c34d50812bf2240a14f5,49,keyword_seed,1.0000004768371582,138,,,pending,resident_refugee_status,"assistant read claim/title, not full-source verification","นายหน้าชาวเมียนมารับเปิดบัญชีธนาคาร 1,500 บาท ให้กับชาวเมียนมาในภูเก็ต",,,pending
27872,cofact,2026-06-30,2026,altered_media,human,คลิปยุทโธปกรณ์ของกัมพูชาที่ได้รับจากจีน-ตั้งขบวนเตรียมรบกับไทยรอบ 3,llm,คลิปยุทโธปกรณ์ที่กัมพูชารับมาจากจีน-ตั้งขบวนเตรียมรบกับไทย เป็นคลิปที่สร้างด้วย AI,https://blog.cofact.org/th/fact-check-thai-cambodia-30062026/,other,False,False,other,f97789d195d70fc2682a,63,semantic_neighbor,0.9359487891197205,26880,,,pending,out_of_scope,"assistant read claim/title, not full-source verification",คลิปยุทโธปกรณ์ที่กัมพูชารับมาจากจีน-ตั้งขบวนเตรียมรบกับไทย เป็นคลิปที่สร้างด้วย AI,,,pending
99,afnc,2026-07-02,2026,misleading,source,"ชาวกัมพูชาแอบลักลอบเข้าไทย จ่ายค่านายหน้า 7,500 - 8,000 บาท",cleaned_title,"ชาวกัมพูชาแอบลักลอบเข้าไทย จ่ายค่านายหน้า 7,500 - 8,000 บาท",https://www.antifakenewscenter.com/?p=89091,T06,False,False,security,d832076d9a6ebe19efe8,28,keyword_seed,1.0000003576278687,99,,,pending,resident_refugee_status,"assistant read claim/title, not full-source verification","ชาวกัมพูชาแอบลักลอบเข้าไทย จ่ายค่านายหน้า 7,500 - 8,000 บาท",,,pending
89,afnc,2026-07-03,2026,false,source,พบชาวกัมพูชาเดิน ตลาดโรงเกลือ เกือบ 100 เปอร์เซ็นต์ ทั้งที่ด่านปิด,cleaned_title,พบชาวกัมพูชาเดิน ตลาดโรงเกลือ เกือบ 100 เปอร์เซ็นต์ ทั้งที่ด่านปิด,https://www.antifakenewscenter.com/?p=89127,T06,False,False,other,483a9ed2bee6819fdba2,-1,keyword_seed,0.9999998211860657,89,,,pending,resident_refugee_status,"assistant read claim/title, not full-source verification",พบชาวกัมพูชาเดิน ตลาดโรงเกลือ เกือบ 100 เปอร์เซ็นต์ ทั้งที่ด่านปิด,,,pending
69,afnc,2026-07-05,2026,false,source,"ไทยได้สังหารหมู่ผู้ลี้ภัยชาวกัมพูชา มากกว่า 45,000 คน ภายในเวลาเพียง 1 วัน",cleaned_title,"ไทยได้สังหารหมู่ผู้ลี้ภัยชาวกัมพูชา มากกว่า 45,000 คน ภายในเวลาเพียง 1 วัน",https://www.antifakenewscenter.com/?p=89321,T06,True,False,other,ad2bfb044000910c66fa,-1,keyword_seed,0.9999997615814209,69,,,pending,resident_refugee_status,"assistant read claim/title, not full-source verification","ไทยได้สังหารหมู่ผู้ลี้ภัยชาวกัมพูชา มากกว่า 45,000 คน ภายในเวลาเพียง 1 วัน",,,pending
59,afnc,2026-07-06,2026,misleading,source,ทหารไทยสั่งปิดท่าข้ามแม่สอด ป้องกันส่งเสบียงฝั่งพม่า หลังกระสุนตกใส่บ้านไทย,cleaned_title,ทหารไทยสั่งปิดท่าข้ามแม่สอด ป้องกันส่งเสบียงฝั่งพม่า หลังกระสุนตกใส่บ้านไทย,https://www.antifakenewscenter.com/?p=89391,other,False,False,other,fab4ff659cda5c370995,6,semantic_neighbor,0.9302972555160522,13201,,,pending,out_of_scope,"assistant read claim/title, not full-source verification",ทหารไทยสั่งปิดท่าข้ามแม่สอด ป้องกันส่งเสบียงฝั่งพม่า หลังกระสุนตกใส่บ้านไทย,,,pending
58,afnc,2026-07-06,2026,false,source,รั้วชายแดนเอาไม่อยู่ รถตู้ VIP จากกัมพูชา วิ่งผ่านเข้าไทยได้อย่างง่ายดาย,cleaned_title,รั้วชายแดนเอาไม่อยู่ รถตู้ VIP จากกัมพูชา วิ่งผ่านเข้าไทยได้อย่างง่ายดาย,https://www.antifakenewscenter.com/?p=89371,other,False,True,other,3f84f4ef116b659b05b0,28,semantic_neighbor,0.9308298230171204,737,,,pending,crossborder_people_services,"assistant read claim/title, not full-source verification",รั้วชายแดนเอาไม่อยู่ รถตู้ VIP จากกัมพูชา วิ่งผ่านเข้าไทยได้อย่างง่ายดาย,,,pending
50,afnc,2026-07-07,2026,false,source,กรมการขนส่งทางบก เปิดรับทำใบขับขี่ ผ่านเพจ รับทำใบขับขี่-เร่งด่วน,cleaned_title,กรมการขนส่งทางบก เปิดรับทำใบขับขี่ ผ่านเพจ รับทำใบขับขี่-เร่งด่วน,https://www.antifakenewscenter.com/?p=89419,other,False,False,other,7cc25578a80ec58f5fda,2,semantic_neighbor,0.9482606649398804,2232,,,pending,out_of_scope,"assistant read claim/title, not full-source verification",กรมการขนส่งทางบก เปิดรับทำใบขับขี่ ผ่านเพจ รับทำใบขับขี่-เร่งด่วน,,,pending
42,afnc,2026-07-08,2026,false,source,กัมพูชากล่าวหาคณะ AOT ฝ่ายไทย ปลูกต้นกล้าบริเวณปราสาทคนาโดยไม่ขออนุญาต,cleaned_title,กัมพูชากล่าวหาคณะ AOT ฝ่ายไทย ปลูกต้นกล้าบริเวณปราสาทคนาโดยไม่ขออนุญาต,https://www.antifakenewscenter.com/?p=89451,other,False,False,other,fababe8d95fd24241aaa,-1,semantic_neighbor,0.930405855178833,16877,,,pending,out_of_scope,"assistant read claim/title, not full-source verification",กัมพูชากล่าวหาคณะ AOT ฝ่ายไทย ปลูกต้นกล้าบริเวณปราสาทคนาโดยไม่ขออนุญาต,,,pending
39,afnc,2026-07-08,2026,misleading,source,ภูเก็ตมีแรงงานข้ามชาติทั้งในและนอกระบบรวมกว่า 2 แสนคน,cleaned_title,ภูเก็ตมีแรงงานข้ามชาติทั้งในและนอกระบบรวมกว่า 2 แสนคน,https://www.antifakenewscenter.com/?p=89487,other,True,False,other,00ac9262d633063f2586,-1,keyword_seed,1.000000238418579,39,,,pending,resident_refugee_status,"assistant read claim/title, not full-source verification",ภูเก็ตมีแรงงานข้ามชาติทั้งในและนอกระบบรวมกว่า 2 แสนคน,,,pending
28176,thaipbs,2026-07-14,2026,altered_media,source,หญิงต่างด้าวรอคลอดเต็มโรงพยาบาล ทำให้เด็กต่างด้าวเกิดใหม่ก้าวกระโดดแซงหน้าเด็กไทย,llm,โพสต์อ้างภาพ “หญิงต่างด้าวรอคลอดเต็ม รพ.” ตรวจสอบแล้วถูกสร้างจาก AI,https://www.thaipbs.or.th/verify/content/14057,T06,True,False,health,ef5cd073a022c8577467,49,keyword_seed,1.0,28176,,,pending,resident_refugee_status,"assistant read claim/title, not full-source verification",โพสต์อ้างภาพ “หญิงต่างด้าวรอคลอดเต็ม รพ.” ตรวจสอบแล้วถูกสร้างจาก AI,,,pending
28224,cofact,2026-07-17,2026,misleading,human,อาชีพนายหน้าหรือว่าล่ามแปลภาษา เป็นอาชีพสงวนของคนไทย ต่างด้าวพม่ารามัญไม่สามารถทำได้,llm,เพจเฟซบุ๊กโพสต์เนื้อหาบิดเบือนเกี่ยวกับอาชีพที่ห้ามคนต่างด้าวทำ ปั่นกระแส “ต่างด้าวแย่งงานคนไทย”,https://blog.cofact.org/th/fact-check-translator-17072026/,T06,True,False,jobs;security,fa4db005711ecc3d988e,49,keyword_seed,1.0000003576278687,28224,,,pending,resident_refugee_status,"assistant read claim/title, not full-source verification",เพจเฟซบุ๊กโพสต์เนื้อหาบิดเบือนเกี่ยวกับอาชีพที่ห้ามคนต่างด้าวทำ ปั่นกระแส “ต่างด้าวแย่งงานคนไทย”,,,pending
28752,cofact,2026-08-19,2026,misleading,human,คลิปประชาสัมพันธ์การแข่งขันยิงปืนของกองทัพเรือ ถูกนำมาสร้างความเข้าใจผิดว่าเป็นเหตุปะทะไทย-กัมพูชา,cleaned_title,คลิปประชาสัมพันธ์การแข่งขันยิงปืนของกองทัพเรือ ถูกนำมาสร้างความเข้าใจผิดว่าเป็นเหตุปะทะไทย-กัมพูชา,https://blog.cofact.org/th/fact-check-thai-cambodia-19082026/,other,False,True,other,3dd48b1b4393fd50eb7e,63,semantic_neighbor,0.9352496266365051,26880,,,pending,out_of_scope,"assistant read claim/title, not full-source verification",คลิปประชาสัมพันธ์การแข่งขันยิงปืนของกองทัพเรือ ถูกนำมาสร้างความเข้าใจผิดว่าเป็นเหตุปะทะไทย-กัมพูชา,,,pending
28891,cofact,2026-08-27,2026,misleading,human,ข่าว นศ. ร้องเรียนปัญหากู้เงิน กยศ. ถูกนำมาเติมข้อความและบิดเบือน เพื่อปลุกปั่นความเกลียดชังคนต่างด้าว,cleaned_title,ข่าว นศ. ร้องเรียนปัญหากู้เงิน กยศ. ถูกนำมาเติมข้อความและบิดเบือน เพื่อปลุกปั่นความเกลียดชังคนต่างด้าว,https://blog.cofact.org/th/fact-check-student-loan-270820266/,T03;T06,True,False,other,78f02c6c8d5e0e293348,29,keyword_seed,1.0000005960464478,28891,,,pending,resident_refugee_status,"assistant read claim/title, not full-source verification",ข่าว นศ. ร้องเรียนปัญหากู้เงิน กยศ. ถูกนำมาเติมข้อความและบิดเบือน เพื่อปลุกปั่นความเกลียดชังคนต่างด้าว,,,pending
