text_family,records,years,claim_ids,example_claim,unit
4590449005b52688217b,7,2020;2022;2023;2024,15703;12770;11831;10592;9192;7689;6299,กระทรวงสาธารณสุขห้ามจำหน่ายขนมที่มีส่วนผสมไขมันทรานส์,"normalized text recurrence, not independently verified persuasion template"
517d0e89df3269336767,7,2020;2022;2023;2024,16130;15882;13726;11405;9315;8547;6821,คลอรีนในน้ำประปา เปลี่ยนเป็นสารก่อมะเร็งเมื่อถูกความร้อน,"normalized text recurrence, not independently verified persuasion template"
57d832f0410c9abb9bb8,7,2020;2022;2023;2024,16475;15911;15675;13019;11321;9183;8166,ยาพาราเซตามอลมีส่วนผสมของไวรัสแมคชูโป,"normalized text recurrence, not independently verified persuasion template"
632600288d1efc864c98,7,2022;2023;2024,12442;11904;11378;10695;8949;7676;6814,หลอดเลือดตีบรักษาด้วยการฟอกเลือด และกระตุ้นการไหลเวียน ช่วยลดการเกิดอัมพฤกษ์ อัมพาตได้,"normalized text recurrence, not independently verified persuasion template"
d8247f94783e25a75d1b,7,2020;2022;2023;2024,16115;13721;12858;9268;8542;8145;6417,8 วิธีเปลี่ยนผิวเหลือง เป็นผิวขาวอมชมพู,"normalized text recurrence, not independently verified persuasion template"
11011d52c10b57d93d24,6,2022;2023;2024,12677;11823;10803;9101;8792;7187,เป็นเนื้องอกในมดลูกเพราะมีเลือดเกาะตัวเป็นลิ่มเลือด,"normalized text recurrence, not independently verified persuasion template"
15c26fe9ad34994a4885,6,2020;2022;2023;2024,16083;13776;12907;11421;9659;8273,เล่นมือถือในที่มืดนาน ทำให้เป็นมะเร็งตาหรือตาบอดถาวร,"normalized text recurrence, not independently verified persuasion template"
1c9eef359a1ead5edfd6,6,2022;2023;2024,12063;11664;10849;9675;7596;6481,เปิดพัดลมจ่อเด็กเสี่ยงเป็นปอดอักเสบ,"normalized text recurrence, not independently verified persuasion template"
1d6d68495a55d7053910,6,2020;2022;2023;2024,16255;15801;13343;11452;10359;8277,3 วิธีรักษาโรคมะเร็งด้วยตนเอง,"normalized text recurrence, not independently verified persuasion template"
2f47df2a63ae63f3d570,6,2022;2023,12728;11427;10828;9348;8958;8567,ผู้ที่เป็นโรคไมเกรน เสี่ยงเส้นเลือดสมองแตก มากกว่าคนปกติถึง 46%,"normalized text recurrence, not independently verified persuasion template"
322e498b66786d7fda4a,6,2022;2023;2024,12636;11821;10825;9732;8956;7239,9 สัญญาณ เตือนโรคไทรอยด์เป็นพิษ,"normalized text recurrence, not independently verified persuasion template"
39075f760c031f43fd1e,6,2022;2023;2024,13234;12537;11918;10605;8965;7773,ไม่ควรสระผมก่อนอาบน้ำ เพราะทำให้เส้นเลือดแตกได้,"normalized text recurrence, not independently verified persuasion template"
46a47f93a6777588ff16,6,2022;2024,13928;12789;12040;11546;8065;6802,ดื่มน้ำเปล่า 1-2 แก้ว เป็นตัวช่วยลดการเกิดอาการหัวใจล้มเหลว,"normalized text recurrence, not independently verified persuasion template"
592671ca065e08d54d46,6,2022;2023;2024,13916;12966;12043;11541;10877;8070,ใช้คางคกถูบริเวณที่ตะขาบกัดจะช่วยดูดพิษออกได้,"normalized text recurrence, not independently verified persuasion template"
5df2778fbc22d690ab4b,6,2021;2022;2023;2024,15308;12698;11944;10857;9276;8345,ต้นมะแว้งนก ช่วยรักษามะเร็งปากมดลูก,"normalized text recurrence, not independently verified persuasion template"
70dbe8719d8b52cbc2d1,6,2021;2022;2023;2024,15303;13501;11651;8760;7984;7639,เส้นเลือดขอด เป็นสัญญาณเสี่ยงโรคหัวใจ และเส้นเลือดตีบตัน,"normalized text recurrence, not independently verified persuasion template"
780cbf2e0637b624413f,6,2022;2023,12684;12206;11486;10884;9419;8967,มังคุดนึ่งรักษาโรคมะเร็ง,"normalized text recurrence, not independently verified persuasion template"
90658e3aac8f5579264d,6,2022;2023;2024,13475;12868;12186;11723;9304;8308,นมวัวมีสารไดออกซิน ทำให้เกิดโรคมะเร็ง,"normalized text recurrence, not independently verified persuasion template"
91a5ac5c825908919cb3,6,2021;2022;2023;2024,15262;13612;12562;11511;8822;8363,กินแล้วนอน ทำให้เสี่ยงเกิดโรคมะเร็งหลอดเลือด,"normalized text recurrence, not independently verified persuasion template"
94a8d0b8c3094b721c6d,6,2022;2023;2024,14103;13173;11793;11568;8973;8088,ติดแอร์ที่ตำแหน่งหัวเตียงนอน จะทำให้เกิดเชื้อราในสมอง,"normalized text recurrence, not independently verified persuasion template"
988c6426a920970d4170,6,2020;2021;2022;2023,15736;15302;13626;11732;10924;9133,เล่นมือถือนานๆ ทำให้หน้าเบี้ยวผิดรูป,"normalized text recurrence, not independently verified persuasion template"
a0aa311274c6ff2141a5,6,2020;2022;2023;2024,15903;13467;11799;9242;7232;6344,กินวิตามินซีพร้อมกุ้ง ทำให้ตายเฉียบพลันจากสารหนู,"normalized text recurrence, not independently verified persuasion template"
aa93e2fb7f13248f7a3e,6,2020;2022;2023;2024,16044;13743;11429;9493;8129;6308,ล้างไขมันในลำไส้ ด้วยชามะละกอ,"normalized text recurrence, not independently verified persuasion template"
b1da1a9b75d9520d97dc,6,2022;2023;2024,13101;12141;10086;9021;7615;7154,เล็บเหลือง เป็นสัญญาณเตือนของโรคเบาหวาน โรคปอด และโรคไทรอยด์,"normalized text recurrence, not independently verified persuasion template"
cae1cba375a17bbecf5a,6,2020;2021;2022;2024,15624;15439;13251;11937;8480;6304,สภากาชาดไทย จำหน่ายเลือดที่ได้จากการบริจาคฟรี ให้กับโรงพยาบาล,"normalized text recurrence, not independently verified persuasion template"
d3ced30887b289aaa5c7,6,2022;2023;2024,14015;12883;11363;9756;8406;6607,ฟันผุติดต่อกันได้ ผ่านการหอมหรือจูบ,"normalized text recurrence, not independently verified persuasion template"
dc0f080fc6145613a03f,6,2020;2022;2023;2024,15800;13965;13082;11450;9484;6315,สารสกัดขมิ้นชัน และพริกไทย รักษากรดไหลย้อน,"normalized text recurrence, not independently verified persuasion template"
de46fd6ce46ae9f67484,6,2022;2023;2024,12970;12237;11721;10143;7754;7251,ทานวิตามินบี เป็นประจำก่อนนอน ช่วยป้องกันโรคหัวใจ,"normalized text recurrence, not independently verified persuasion template"
ed35c896ca78d12f1efe,6,2021;2022;2023;2024,14760;13741;11854;9563;8981;8035,แบงก์พันปลอมหมายเลขเดียวกันจากต่างประเทศระบาดเข้าไทย,"normalized text recurrence, not independently verified persuasion template"
ef432d2a86654838f0f7,6,2020;2022;2023;2024,16020;13374;12803;12150;10969;8266,ใบทุเรียนเทศ! สามารถนำมาใช้เป็นยารักษามะเร็งในคนได้,"normalized text recurrence, not independently verified persuasion template"
07ce53da20c4256154cc,5,2022;2023;2024,13827;13378;10919;8028;6472,พฤติกรรมการดูดนิ้ว กัดเล็บ ของเด็กช่วยให้รอดพ้นจากโรคภูมิแพ้เมื่อโตขึ้นได้,"normalized text recurrence, not independently verified persuasion template"
0b3068511d58b94c722b,5,2022;2023;2024,12669;12051;10324;8914;7150,การโกหกบ่อย ๆ ส่งผลเสียต่อสมอง โกหกมากสมองส่วน amygdala ยิ่งทำงานน้อยลง,"normalized text recurrence, not independently verified persuasion template"
0eb1acdf1558e11b75c1,5,2020;2023;2024,15978;11424;9494;8535;8124,ดื่มน้ำอัดลม เสี่ยงเป็นโรคมะเร็ง,"normalized text recurrence, not independently verified persuasion template"
13abd4e054bbdace506c,5,2021;2022;2023;2024,15115;12609;11862;10069;8437,งดใช้ตู้ ATM ที่ไม่มีไฟกะพริบตรงที่เสียบบัตร เสี่ยงโดนแฮ็กข้อมูล,"normalized text recurrence, not independently verified persuasion template"
15fd4b9b7bf456d24089,5,2021;2022;2023;2024,15397;12708;10558;7853;6675,คลิปวิดีโอสาธิตช่วยผู้ป่วยหมดสติ ด้วยการใช้มือซ้ายกดข้อมือขวา,"normalized text recurrence, not independently verified persuasion template"
1df2687d066960ef42ab,5,2022;2023;2024,13279;12541;10077;7779;6393,ลักษณะพระจันทร์เสี้ยวในเล็บมือสามารถบอกโรคได้,"normalized text recurrence, not independently verified persuasion template"
26ee10a862009cbfd9be,5,2021;2022;2024,15203;13545;11908;11536;8338,สมุนไพรพะยูง มีสรรพคุณเป็นยาแก้มะเร็ง,"normalized text recurrence, not independently verified persuasion template"
31c2c6afc4788e437a07,5,2020;2022;2023;2024,15615;12702;11762;9018;7686,ซื้อ-ขายข้าว ต้องผ่านรัฐเท่านั้น ฝ่าฝืนมีโทษ,"normalized text recurrence, not independently verified persuasion template"
320a704fe335c1651dae,5,2020;2022;2024,15914;13684;12795;11877;7165,เปลี่ยนแปลงสิทธิ เบิกค่ารักษาพยาบาลข้าราชการเหลือ 65%,"normalized text recurrence, not independently verified persuasion template"
384d833087a30fc9cdcb,5,2022;2023,12566;11958;11668;9914;8942,ดื่มน้ำสกัดจากใบบัวบก ผักชีลาว ขึ้นฉ่ายและมะระขี้นก ช่วยรักษามะเร็งก้านสมอง,"normalized text recurrence, not independently verified persuasion template"
40938f31bd04192283f9,5,2022;2023;2024,12679;10720;9883;8944;7744,การย่อยยาก ย่อยช้า เพราะลมในตับ อาจส่งผลทำให้เป็นเบาหวานเรื้อรัง,"normalized text recurrence, not independently verified persuasion template"
4ddfa1ba782459227a5f,5,2020;2022;2023;2024,15937;12830;11202;9307;8053,น้ำยาบ้วนปากผสมน้ำส้มสายชู ทำให้ตัวขาวขึ้น,"normalized text recurrence, not independently verified persuasion template"
4fa04a24aaa321825c80,5,2022;2023;2024,14073;11200;9764;8752;8073,แป้งหมี่ ใช้รักษาแผลไฟไหม้ น้ำร้อนลวกได้,"normalized text recurrence, not independently verified persuasion template"
5fe97b6cda223c235a84,5,2021;2023;2024,15515;11223;9283;8672;8009,ขัดฟันด้วยผงถ่านคาร์บอน ช่วยทำให้ฟันขาว,"normalized text recurrence, not independently verified persuasion template"
6593c04a38c87fe6dd1c,5,2021;2022;2023;2024,14530;13098;12386;8635;6447,เช็กว่าเป็นโรคหลอดเลือดตีบที่สมองด้วยตนเอง เพียงแค่ยืนและก้มศีรษะ,"normalized text recurrence, not independently verified persuasion template"
666169630cdf28983c5f,5,2021;2022;2024,14117;11942;11610;7925;6958,คลอรีนผงผสมน้ำเพื่ออาบ ทำให้ผิวขาว,"normalized text recurrence, not independently verified persuasion template"
6f244c36d43022458896,5,2021;2022;2023,15000;14029;12617;9905;8979,ตรวจสอบสิทธิเกี่ยวกับ สปสช. ได้ทางไลน์ check-sith,"normalized text recurrence, not independently verified persuasion template"
7784778e85b44574e19e,5,2022;2023,13754;13468;11270;10053;8753,ทำอุปกรณ์ M-pass ชำรุด เสียหาย ต้องเสียค่าอุปกรณ์ใหม่ 800 บาท,"normalized text recurrence, not independently verified persuasion template"
7954df92f781398a7453,5,2022;2023;2024,12730;11440;10801;8924;7703,รับประทานยาความดันตอนเช้าจะคุมความดันได้ไม่ดี เสี่ยงเกิด Stroke ได้ง่าย,"normalized text recurrence, not independently verified persuasion template"
79a8114e4a1e3b5d0ffc,5,2020;2022;2024,15743;13328;12838;11809;8018,ผู้อื่นรู้ยอดเงินในธนาคารได้ หากรู้เบอร์มือถือที่ผูกพร้อมเพย์,"normalized text recurrence, not independently verified persuasion template"
83741b43541e1453f375,5,2023;2024,9857;8898;7928;7635;6364,อาการขี้หนาวเป็นสัญญาณของไตขวาเสื่อม,"normalized text recurrence, not independently verified persuasion template"
84f19d02e6e428919688,5,2022;2023;2024,12132;11711;8801;7606;6496,ไม่ใส่รองเท้าในพื้นที่ปูกระเบื้องหรือหินอ่อน จะทำให้ภูมิคุ้มกันลดลง,"normalized text recurrence, not independently verified persuasion template"
86d39f364e3f34317483,5,2020;2022;2023;2024,15739;13389;11802;10967;6358,พอกผิวด้วยฟักทอง ช่วยบำรุงให้ผิวขาวขึ้น,"normalized text recurrence, not independently verified persuasion template"
90e0c269c6f81051f006,5,2022;2023;2024,13793;12925;11916;9595;8206,ใบข่อยดำ มีสรรพคุณช่วยรักษาโรคมะเร็ง,"normalized text recurrence, not independently verified persuasion template"
a53a3d0ea528ec8d601a,5,2020;2023;2024,15717;11209;9922;9158;8141,วางโทรศัพท์มือถือไว้หัวนอน ทำให้เป็นมะเร็งสมอง,"normalized text recurrence, not independently verified persuasion template"
b3f3fe8156ca3de87eca,5,2022;2023;2024,13733;11247;9394;8400;6663,รัฐสั่งเก็บภาษีสินสอดงานแต่ง,"normalized text recurrence, not independently verified persuasion template"
c04ef741c0756c97e745,5,2020;2022;2023;2024,15852;11853;9575;8737;8154,สูตรน้ำปั่นพืชสด รักษามะเร็งต่อมน้ำเหลือง และมะเร็งต่อมลูกหมาก,"normalized text recurrence, not independently verified persuasion template"
c3aad4b937c63c4649c7,5,2022;2023,12519;11913;10711;9865;9011,ร่างกายอักเสบ ตัวร้อน เสี่ยงเส้นเลือดสมองแตกได้,"normalized text recurrence, not independently verified persuasion template"
c53cd26bab576e987e02,5,2022;2023;2024,13784;13069;11394;7504;6424,แถบสีท้ายหลอดยาสีฟัน บอกถึงส่วนประกอบที่ใช้ผลิต,"normalized text recurrence, not independently verified persuasion template"
c8c2adc7b3edd496307e,5,2020;2022;2023;2024,15874;13424;11826;11258;8137,กด Cancel 2 ครั้ง ก่อนสอดบัตร ATM เพื่อป้องกันมิจฉาชีพ,"normalized text recurrence, not independently verified persuasion template"
c8ec1056a236fedd8358,5,2021;2022;2023,14134;12260;11608;10633;9059,สารซักฟอกในสบู่เหลว ถ้าใช้ร่วมกับสารประกอบตระกูลเอมีน จะกลายเป็นสารก่อมะเร็ง,"normalized text recurrence, not independently verified persuasion template"
cfc92e659ad39a33ef7d,5,2021;2022;2023;2024,15330;13228;12767;10266;7693,ดื่มน้ำข้าวผสมไข่ขาวดิบ ช่วยบำรุง และรักษาไตเสื่อม,"normalized text recurrence, not independently verified persuasion template"
d3a74b4c2c99ebe95291,5,2020;2022;2023;2024,15683;12778;11557;11444;6794,วิธีตรวจระดับความเสื่อมของสมอง ด้วยการกดและขยับเคลื่อนไหวนิ้ว,"normalized text recurrence, not independently verified persuasion template"
e48b65c2f57623e9c509,5,2020;2022;2023,16461;13675;12908;11687;9971,กรมสรรพากรเริ่มเก็บภาษีทุกวัด,"normalized text recurrence, not independently verified persuasion template"
ebba854c9917067b4ca6,5,2021;2022;2023,14547;13454;13123;11496;8629,คดีความใดที่เกี่ยวกับกรมสรรพากร ทางกรมฯ สามารถอายัดบัญชีธนาคารได้ โดยไม่ต้องขอคำสั่งจากศาล เมื่อมีคนร้องทุกข์,"normalized text recurrence, not independently verified persuasion template"
f90c2ec75dd09178a325,5,2020;2022;2024,15671;13446;11899;11783;8314,สมุนไพรจมูกปลาหลด ใช้รักษาโรคมะเร็ง,"normalized text recurrence, not independently verified persuasion template"
fc220473b55b989eabda,5,2022;2023,13141;12156;11566;9313;8842,ดื่มน้ำใบย่านางช่วยรักษาโรคมะเร็ง,"normalized text recurrence, not independently verified persuasion template"
fcbac7d3c8938b247e63,5,2022;2023;2024,12413;11891;11375;8931;7735,วัยหนุ่มสาวที่สุขภาพดี ค่าความดันอยู่ที่ 120/80 ผู้สูงวัยที่แข็งแรง ความดันอยู่ที่ 140/90,"normalized text recurrence, not independently verified persuasion template"
030fbbde93339018740f,4,2021;2022;2023;2024,14866;12587;8954;7944,วิธีไอบีบหัวใจ ช่วยแก้ไขอาการเจ็บหน้าอก กระตุ้นระบบหมุนเวียนของโลหิต ให้จังหวะเต้นของหัวใจเป็นปกติ,"normalized text recurrence, not independently verified persuasion template"
03518cc9d3890bd30e92,4,2020;2022;2023,15794;13699;11844;10613,สาเหตุของการปวดฟัน ฟันผุเกิดจากแมงกินฟัน,"normalized text recurrence, not independently verified persuasion template"
0be4e4f43599a86d74cf,4,2021;2022;2023,15271;12705;11968;9291,ผลกระเบา ช่วยรักษาโรคมะเร็ง,"normalized text recurrence, not independently verified persuasion template"
0d0a23cbebad50d0f054,4,2021;2022;2023,14282;13193;12082;8734,ลุกจากที่นอนกระทันหัน ทำให้กระดูกกะโหลกศีรษะแตก หัวใจหยุดเต้น,"normalized text recurrence, not independently verified persuasion template"
0d981ae04b483475004f,4,2022;2023;2024,11737;11574;8702;6452,หากไม่ใส่กางเกงในจะทำให้เป็นไส้เลื่อน,"normalized text recurrence, not independently verified persuasion template"
10477f458ad0c8687b35,4,2021;2022;2023,14714;11613;11109;10369,รอยจุดสีน้ำตาลที่พบบนเนื้อกระเทียม คือเชื้อราที่มีพิษ และเป็นสารก่อมะเร็ง,"normalized text recurrence, not independently verified persuasion template"
120d871096b5796f375c,4,2022;2024,13980;12918;11921;8055,สารบอแรกซ์ ใช้รักษาโรคมะเร็งได้,"normalized text recurrence, not independently verified persuasion template"
15da0edf15df507fb261,4,2020;2022;2023,15855;12214;10029;9200,ตำรับยาสมุนไพร ดื่มรักษาโรคมะเร็งปอด,"normalized text recurrence, not independently verified persuasion template"
166784d6f3a15bbd5394,4,2022;2023,11630;10870;10094;8706,โปรตีนจากอกไก่ปั่นไข่ขาวเป็นอาหารเลี้ยงเซลล์มะเร็ง,"normalized text recurrence, not independently verified persuasion template"
19439a71e837d0e9a698,4,2021;2022;2023,14304;12652;11952;8780,ใช้กระดาษทิชชูซับน้ำมันจากของทอด เป็นอันตรายต่อร่างกายและเป็นสารก่อมะเร็ง,"normalized text recurrence, not independently verified persuasion template"
20614409b8b2d8c7107a,4,2020;2022;2024,15655;13436;11797;8326,สบู่แดงรักษาโรคมะเร็ง และแผลติดเชื้อเรื้อรัง,"normalized text recurrence, not independently verified persuasion template"
2887d3f98ba5d7f3a7d8,4,2021;2022;2023;2024,15371;12709;8946;7955,กรมสรรพากรกำหนดให้ พระทุกรูปต้องเสียภาษีผ่านบัญชีกลางของวัด,"normalized text recurrence, not independently verified persuasion template"
2c08f2f9170af29e7c28,4,2022;2023,13736;11795;10594;9401,ใช้น้ำมัน E85 ขัดผิวหลังคอ ทำให้คราบดำที่คอออกได้ไวขึ้น,"normalized text recurrence, not independently verified persuasion template"
36b17a2a1e14cea08f12,4,2021;2022;2023,14327;12681;12076;8858,ตื่นมาปัสสาวะตอนกลางคืนแล้วไม่ดื่มน้ำทดแทน ทำให้เกิดภาวะการอุดตันของหัวใจ และสมอง,"normalized text recurrence, not independently verified persuasion template"
376cba506bedc09e4380,4,2021;2022;2024,15289;11977;7938;6677,เกษตรกรที่ได้รับหนังสือแจ้งหนี้ ให้นำหนังสือไปธนาคารรัฐต้นสังกัด จะได้รับเงินสดปลดหนี้,"normalized text recurrence, not independently verified persuasion template"
37e1415b25ee895c1fec,4,2021;2022;2023;2024,15312;13534;10889;6245,เปิดโทรศัพท์มือถือเวลา 00:30-03:30 น. รังสีคอสมิกเข้าใกล้โลก ทำให้ร่างกายเกิดอันตราย,"normalized text recurrence, not independently verified persuasion template"
3a4def035fc0377d91ed,4,2020;2023;2024,15706;10588;8387;6325,น้ำดื่มผสมเบคกิ้งโซดา ช่วยรักษาอาการหวัดได้,"normalized text recurrence, not independently verified persuasion template"
3b5dbdcd4d41a4d2aaac,4,2020;2022;2024,15883;12760;11830;7927,สาหร่ายทอดกรอบ เป็นพิษต่อไต,"normalized text recurrence, not independently verified persuasion template"
3ca35bb61afaca3698c5,4,2020;2022;2023,15810;13334;12896;10596,เพิ่มเบี้ยผู้สูงอายุ คนละ 100 บาท ให้ทุกคนไปรายงานตัวที่เขต,"normalized text recurrence, not independently verified persuasion template"
403fd5ce771eb4c7c9e0,4,2022;2024,11934;11617;7585;6458,ตำแหน่งสิวสามารถบอกโรคได้,"normalized text recurrence, not independently verified persuasion template"
410c5b20a617fb852f7d,4,2022;2023;2024,13878;12398;9979;6732,ติดเชื้อไวรัส Parabola จากสุนัขและแมว ทำให้ไขกระดูกไม่สร้างเลือด,"normalized text recurrence, not independently verified persuasion template"
4195d8df59a99154ac93,4,2020;2022;2023,15677;13581;11447;9946,กินเม็ดชานมไข่มุก ทำให้เป็นโรคมะเร็ง,"normalized text recurrence, not independently verified persuasion template"
43ad23f330fa1728d27b,4,2021;2022;2024,15509;13248;12738;8492,ไปรษณีย์เตือน! มีผู้ติดเชื้อโควิด-19 จากจดหมายหรือพัสดุ,"normalized text recurrence, not independently verified persuasion template"
4d2778b4c1886074d64c,4,2020;2021;2022;2023,15714;14588;13618;11022,ริดสีดวงเป็นสัญญาณเตือนของมะเร็งลำไส้ใหญ่,"normalized text recurrence, not independently verified persuasion template"
5070bf80a2fe081acfa0,4,2020;2022;2023,15702;13421;11749;11129,สูตรยารักษาแผลมะเร็ง,"normalized text recurrence, not independently verified persuasion template"
5699852e8b7b44e963d6,4,2021;2022,14111;13709;13157;12808,แอปเป๋าตัง ให้กู้เงิน 1 หมื่นบาท ลงทะเบียนได้ทุกอาชีพ,"normalized text recurrence, not independently verified persuasion template"
59774ae5967d23a81594,4,2021;2022;2023;2024,14155;11562;8776;6367,การทดสอบ PCR เป็นการสร้างความเสียหายต่อสมอง,"normalized text recurrence, not independently verified persuasion template"
5d6cfe118881d874c6a8,4,2021;2022;2023;2024,14256;13522;10375;8077,การ Swab ลึกถึงเพดานจมูก ทำให้เนื้อเยื่อพังผืดที่ห่อหุ้ม Olfactory Nerve เสียหาย ส่งผลเสียต่อสุขภาพ,"normalized text recurrence, not independently verified persuasion template"
5eec2c29256cb63d3cc1,4,2022;2023;2024,12205;11647;8654;7224,"รัฐบาลได้กำไรจากการขายสลากกินแบ่ง 3,600 ล้านบาท","normalized text recurrence, not independently verified persuasion template"
6a3995e5e4ae54c7aede,4,2021;2022;2023,14241;13540;11470;10391,การทำ Ice Bathing สามารถรักษาโรคมะเร็งระยะสุดท้ายให้ดีขึ้นได้,"normalized text recurrence, not independently verified persuasion template"
7515b7a33906ceb2e29f,4,2020;2022;2023,15839;12817;11869;9225,สมุนไพรขันทองพยาบาท ใช้รักษาโรคมะเร็ง,"normalized text recurrence, not independently verified persuasion template"
7ce1244ca84018aa0d6d,4,2022;2024,13258;12557;11757;6354,ประกาศจัดตั้งจังหวัดใหม่เพิ่มอีก 7 จังหวัด ทำให้ประเทศไทยมี 84 จังหวัด,"normalized text recurrence, not independently verified persuasion template"
802be949105e180063d8,4,2021;2022;2023,15347;12782;11875;10168,พุทธรักษาดอกขาว ช่วยรักษาโรคมะเร็ง,"normalized text recurrence, not independently verified persuasion template"
8240a4bfd5b8e2495fab,4,2020;2023;2024,15822;11133;9392;6543,กินเต้าหู้ถั่วเหลือง ทำให้เป็นโรคพาร์กินสัน,"normalized text recurrence, not independently verified persuasion template"
861ffc7172fd33cb5e72,4,2020;2022;2023,16513;13724;11419;9579,ดื่มน้ำอุ่นแช่มะนาวฝาน ช่วยรักษามะเร็ง,"normalized text recurrence, not independently verified persuasion template"
88c6d0cdf5c07cb7d9ce,4,2021;2022;2024,15230;12598;11813;8068,อย่าใช้แผ่นอลูมิเนียมฟอยล์เตรียมอาหารที่ต้องปรุงด้วยความร้อน เพราะก่อให้เกิดโรคอัลไซเมอร์,"normalized text recurrence, not independently verified persuasion template"
89a1031897db74cc7f53,4,2020;2023;2024,16342;11338;9366;8283,หน้ากากอนามัยผ้าสปันบอนด์  เป็นไมโครพลาสติก สูดดมอาจเสี่ยงมะเร็ง,"normalized text recurrence, not independently verified persuasion template"
904fd92dc65b4445cba1,4,2022;2023;2024,12977;11747;9003;7795,ไข่ไก่เหี่ยว เกิดจากแม่ไก่เป็นโรคหลอดลมอักเสบติดต่อ,"normalized text recurrence, not independently verified persuasion template"
92fc14723fd704357275,4,2020;2022;2023,16451;13598;12176;11334,ผู้ประกอบการที่ใช้ตราฮาลาลบนสินค้า ไม่ต้องเสียภาษี,"normalized text recurrence, not independently verified persuasion template"
94782630f2cdc083eb56,4,2020;2021;2023;2024,15686;15474;8963;6289,คลินิกแก้หนี้ ดอกเบี้ยร้อยละ 2 บาท ดำเนินการผ่านธนาคารออมสิน กรุงไทย และ ธ.ก.ส.,"normalized text recurrence, not independently verified persuasion template"
94da859cc0d461c3caf2,4,2020;2022;2023;2024,15695;12170;9961;8381,กินบะหมี่กึ่งสำเร็จรูปดิบ จะถูกดูดน้ำย่อยในลำไส้ ทำให้ร่างกายขาดน้ำ,"normalized text recurrence, not independently verified persuasion template"
95b5372467dfcc15306c,4,2020;2022;2023;2024,15625;12820;10037;7668,คนชรากินปาท่องโก๋ที่ใส่แอมโมเนียมไบคาร์บอเนต ทำให้ไตทำงานหนัก,"normalized text recurrence, not independently verified persuasion template"
96312b055dbd90bf1208,4,2020;2022;2023,15869;11837;11277;9384,ดื่มน้ำกระชาย น้ำผึ้ง มะนาว ช่วยลดน้ำหนัก,"normalized text recurrence, not independently verified persuasion template"
9889f2fec17f13cadaf1,4,2022;2023;2024,12148;11659;8810;6484,การเกิดภาวะหยุดหายใจขณะหลับมากกว่า 5 ครั้ง ใน 1 ชั่วโมง เสี่ยงเป็นโรคหลอดเลือดสมอง หัวใจเต้นผิดจังหวะ และสมองเสื่อม,"normalized text recurrence, not independently verified persuasion template"
9aa0e51471d6fe49f0ff,4,2022;2024,14066;12997;11794;8050,รัฐบาลกู้เงินจนหนี้ท่วมการคลัง ไม่สามารถจัดการหนี้ได้,"normalized text recurrence, not independently verified persuasion template"
a3735c97fbec012be8bb,4,2020;2022;2024,15997;13410;11742;8223,หญ้าลิ้นงูช่วยยับยั้ง การเจริญเติบโตของเซลล์มะเร็งได้,"normalized text recurrence, not independently verified persuasion template"
a556c7ebc97f5d54080a,4,2020;2022;2024,15716;12810;11883;7965,มุสลิมสามารถซื้อที่ดินได้ไม่จำกัด ส่วนชาวพุทธซื้อที่ดินได้แค่ 50 ไร่ เท่านั้น,"normalized text recurrence, not independently verified persuasion template"
aa5fe18019b4f5d1b350,4,2021;2022;2023;2024,15266;12695;9452;8357,ต้นดีปลาช่อน มีฤทธิ์รักษาโรคมะเร็ง,"normalized text recurrence, not independently verified persuasion template"
acc486620228021709a8,4,2021;2022;2023,15370;12572;11964;9443,ต้นสะเดาดำ สามารถรักษาโรคมะเร็งได้,"normalized text recurrence, not independently verified persuasion template"
b96b774d512b2eab7e37,4,2021;2022;2023,14297;12902;12269;8768,กินถั่วลิสงวันละ 1 กำมือ ช่วยรักษาอาการวัยทอง อารมณ์แปรปรวน,"normalized text recurrence, not independently verified persuasion template"
ba85a6162955f87ac57d,4,2022;2024,13515;13014;11995;7993,วิตามินบีสามารถลดการเกิดภาวะใหลตายหรือหัวใจล้มเหลว,"normalized text recurrence, not independently verified persuasion template"
be32a47ba986cdd47106,4,2020;2022;2023,15620;13440;11789;8743,สมุนไพรสมอไทย ใช้รักษาโรคมะเร็งหาย,"normalized text recurrence, not independently verified persuasion template"
c1336db9958974bcb219,4,2022;2023;2024,13921;13180;11359;8229,กระเทียมดำมีฤทธิ์ใช้ป้องกันโรคมะเร็งในคนได้,"normalized text recurrence, not independently verified persuasion template"
c5560e695dbf8a9adbfb,4,2020;2022;2023,16122;15866;13355;11323,"5 สารใน""น้ำยาปรับผ้านุ่ม"" เป็นภัยร้ายที่มาพร้อมกับความหอม","normalized text recurrence, not independently verified persuasion template"
c973753dafd544f77630,4,2022;2023;2024,12473;11897;10676;7694,อย่าเติมน้ำมันระดับสูงสุด เพราะจะทำให้เกิดระเบิดในถังน้ำมันได้,"normalized text recurrence, not independently verified persuasion template"
cadf07638057ace52779,4,2020;2022;2023,15784;12824;11884;9217,หัวข้าวเย็นใต้ ผสมส้มโมง และน้ำผึ้ง รักษาโรคมะเร็ง,"normalized text recurrence, not independently verified persuasion template"
cefd06e466524ab15a9b,4,2021;2022;2023,14278;13095;12187;8995,ไปรษณีย์ ประกาศรับสมัครพนักงานผ่านเฟซบุ๊ก,"normalized text recurrence, not independently verified persuasion template"
d29ed332e5558b4c9cd1,4,2022;2023,12897;12228;11555;9692,การทำแมมโมแกรม เป็นสาเหตุของโรคมะเร็งเต้านม,"normalized text recurrence, not independently verified persuasion template"
dd238f2f654c8e4293bd,4,2020;2022;2024,15886;12774;11825;7358,น้ำมะนาว ใช้ล้างไตได้,"normalized text recurrence, not independently verified persuasion template"
e29a25b2dd9ddd498574,4,2021;2022;2023,15194;11992;11498;9567,ต้นจักรนารายณ์ ช่วยรักษามะเร็งในมนุษย์ได้,"normalized text recurrence, not independently verified persuasion template"
e2c7cb065dd6ef200482,4,2021;2022;2023,14911;12922;12580;11002,ใช้นิ้วนวดบริเวณรอบดวงตา ช่วยทำให้สายตาดีขึ้น,"normalized text recurrence, not independently verified persuasion template"
ee0bd6253ca6701f6191,4,2022;2023;2024,13828;12415;10432;8042,ธปท. จัดโครงการช่วยเคลียร์หนี้ให้ประชาชน สูงสุด 2 ล้านบาท,"normalized text recurrence, not independently verified persuasion template"
ef7a5c2090b233b9b7b0,4,2021;2022;2024,15413;13778;12091;8375,น้ำเกลือ Normal Saline ใช้แช่คอนแทคเลนส์ได้,"normalized text recurrence, not independently verified persuasion template"
f1ab490bf6abf02acb06,4,2020;2022;2023,15921;13369;11731;10942,ผักคาวทองรักษาโรคมะเร็ง,"normalized text recurrence, not independently verified persuasion template"
f29e08949c4901fd2eab,4,2020;2022;2023,15898;13028;12162;10603,ขมิ้นชันช่วยรักษาโรคฟันผุ,"normalized text recurrence, not independently verified persuasion template"
f32cc505d807aab95e4e,4,2021;2022;2023,14602;12641;12078;8934,บอระเพ็ดพุงช้าง ช่วยรักษาโรคมะเร็งต่าง ๆ,"normalized text recurrence, not independently verified persuasion template"
fc6874cb1ae6f6aaf120,4,2020;2022;2023;2024,15568;13453;11101;8486,มะเร็งรักษาหายได้ ด้วยต้นกาฝากทับทิม,"normalized text recurrence, not independently verified persuasion template"
0022cd813c7055f048c3,3,2022;2023;2024,11559;9043;6859,ใช้นิ้วหัวแม่มือจิกร่องระหว่างปากและใต้จมูก ช่วยคนที่วูบหมดสติ,"normalized text recurrence, not independently verified persuasion template"
020b755192bb43ff6b8b,3,2017;2023;2024,26142;22067;20249,จะผ่าฟันคุดต้องรอให้เห็นฟันขึ้นก่อน,"normalized text recurrence, not independently verified persuasion template"
06062a8d72410ecaf729,3,2020;2024,15828;15648;21285,เด็กติดเกม เสี่ยงเป็นโรคลมชัก,"normalized text recurrence, not independently verified persuasion template"
069a6957e7a5d333d45c,3,2020;2022,16039;15577;12846,สลากออมสินซื้อผ่านเพจหวย ออนไลน์ได้แล้ว,"normalized text recurrence, not independently verified persuasion template"
07c74a9655ba9668063b,3,2020;2022;2023,16026;12631;10789,ผักบุ้งจีนผสมน้ำผึ้ง ช่วยรักษาต่อมลูกหมากโตได้,"normalized text recurrence, not independently verified persuasion template"
0806c190387c5b0c38c8,3,2022;2024,13811;12020;8021,สัญลักษณ์ Green Industry บนสลากกินแบ่งรัฐบาล เป็นสัญลักษณ์ทางศาสนาอิสลาม,"normalized text recurrence, not independently verified persuasion template"
08ae4f222cdf9afd512d,3,2020;2022;2023,15658;11785;9468,สูตรล้างไขมันในลำไส้ ด้วยมะละกอและใบชะพลูตากแห้ง,"normalized text recurrence, not independently verified persuasion template"
09bbfec7453b607d5a80,3,2023;2024,10667;8819;6465,โทรศัพท์มือถือส่งผลต่อคลื่นสมอง ทำให้ก่อนนอนไม่สงบ หลับยาก,"normalized text recurrence, not independently verified persuasion template"
0a344b2fb785b7f10bd7,3,2021;2022;2023,15452;12701;11166,วิธีป้องกันโควิด-19 ด้วยการรักษาความชุ่มชื้นของเยื่อเมือกลำคอ,"normalized text recurrence, not independently verified persuasion template"
0b2dd964770841822032,3,2021;2022,14275;13687;11842,กินอาหารค้างคืนอุ่นซ้ำ ทำให้เป็นโรคมะเร็ง,"normalized text recurrence, not independently verified persuasion template"
0d2794810671151b10ba,3,2021;2023;2024,14122;8784;7630,ใช้นิ้วนวดรอบดวงตา ทำให้สายตาดีขึ้นภายใน 2 เดือน,"normalized text recurrence, not independently verified persuasion template"
0f66600305a047016a51,3,2022;2024,12185;11638;7510,ส.ส. ที่มีอายุงาน 4 ปี มีสิทธิได้รับเงินบำนาญตลอดชีพ,"normalized text recurrence, not independently verified persuasion template"
0ff0a8ad4dbc7e2b2aec,3,2020;2022;2023,16159;12850;11315,ห้ามกิน! เห็ดเข็มทองเพราะมีพิษโควิด-19 อันตรายถึงชีวิต,"normalized text recurrence, not independently verified persuasion template"
110afb1cf3ed996dffd7,3,2022;2024,11829;11606;7625,สูบบุหรี่ไฟฟ้าช่วยให้เลิกบุหรี่ได้,"normalized text recurrence, not independently verified persuasion template"
1225d830e879896f2f4f,3,2021;2023,14575;11279;8641,คนไทยต้องแบกภาระจ่ายเงินซื้อน้ำมัน ที่มีราคาแพงที่สุดในโลก,"normalized text recurrence, not independently verified persuasion template"
160053db7b61028cc1fa,3,2021;2022,15286;13186;11984,อันตรายจากการโทรทางไลน์ ทำให้เกิดเนื้องอกในสมอง,"normalized text recurrence, not independently verified persuasion template"
197e6d0ef0e4c9d63255,3,2022;2024,13995;11530;8071,รัฐบาลปรับเพิ่มการจัดเก็บ VAT หรือภาษีมูลค่าเพิ่ม เป็น 10%,"normalized text recurrence, not independently verified persuasion template"
1d236cef864212ad4455,3,2023;2024,11417;8560;6643,ผู้ที่กระเพาะมีปัญหา กินของเย็น ผลไม้ให้น้ำมาก อาการจะยิ่งรุนแรง ทำให้ใจสั่น และเต้นแรง,"normalized text recurrence, not independently verified persuasion template"
1d7a5c4fc94ad7c9eebe,3,2019;2020;2022,25392;15791;13529,มะเร็งกระเพาะอาหารติดต่อได้ทางน้ำลาย,"normalized text recurrence, not independently verified persuasion template"
213e11396346dfde70dc,3,2022;2023,12664;11954;9330,อวัยวะเพศชายสั้นลงหลังหายจากการติดเชื้อโควิด 19,"normalized text recurrence, not independently verified persuasion template"
23932fa8d4fffbdfa833,3,2021;2022;2023,14675;13241;10012,ถ่ายภาพในสถานีรถไฟหัวลำโพง ต้องมีใบอนุญาตเท่านั้น,"normalized text recurrence, not independently verified persuasion template"
27f50f00541a2e1dbf80,3,2021;2023,15513;9848;8693,ลอตเตอรี่ที่มีสัญลักษณ์ผีน้อย และกบไชโย จะมีโอกาสถูกรางวัลสูงกว่าแบบอื่น,"normalized text recurrence, not independently verified persuasion template"
2b6a6726ca88be75be29,3,2020;2023;2024,15585;10908;7712,รักษากรดไหลย้อน ด้วยกระเจี๊ยบเขียว,"normalized text recurrence, not independently verified persuasion template"
2e30f4da9f7530717b31,3,2022;2024,12900;11703;7699,ผมร่วงและปวดหลังเป็นอาการของโรคออฟฟิศซินโดรม,"normalized text recurrence, not independently verified persuasion template"
2e5dd4c27bae4cdb419f,3,2021;2023,14185;14143;10744,กฟผ. กับ ปตท. ร่วมกันทำให้ค่าไฟแพง,"normalized text recurrence, not independently verified persuasion template"
374801c9961cb7f7295f,3,2021;2022;2023,15322;13692;10020,โดนยึดใบขับขี่จะไม่ได้คืน ต้องไปสอบทำใหม่เท่านั้น,"normalized text recurrence, not independently verified persuasion template"
3afe3abb72446192f66f,3,2020;2022;2023,15826;11827;11183,น้ำปั่นใบสดหญ้าปักกิ่ง รักษามะเร็งน้ำเหลือง,"normalized text recurrence, not independently verified persuasion template"
3c9cbd5c60c07f6e2089,3,2021;2023;2024,14571;9175;8189,โรคมะเร็งกระเพาะอาหาร สามารถติดต่อทางน้ำลายได้,"normalized text recurrence, not independently verified persuasion template"
3e983d5ce9a8816560d6,3,2020;2022;2023,15727;12828;9876,เส้นสีขาวในตัวหอยแมลงภู่คือพยาธิ,"normalized text recurrence, not independently verified persuasion template"
3fb568a2c423d4644251,3,2021;2022,14958;13439;12571,ปตท. ปรับขึ้นราคาน้ำมัน เพื่อชะลอการเดินทางของประชาชน ลดการแพร่ระบาดโควิด-19,"normalized text recurrence, not independently verified persuasion template"
417ca18b3151e53f2f09,3,2020;2023;2024,15584;10931;8455,รับประทานไข่ทำให้แผลเป็นนูน,"normalized text recurrence, not independently verified persuasion template"
41ce415ccedfac295a40,3,2020;2022,16129;13774;13398,ชี้แนะเครื่องดื่มสมุนไพร ช่วยรักษาโรคหลอดเลือดในหัวใจ,"normalized text recurrence, not independently verified persuasion template"
42244b9ee65b71c82bf1,3,2020;2022,16306;15646;13986,ใส่รองเท้าแตะขับรถผิดกฎหมายตาม พรบ.ขนส่งทางบก,"normalized text recurrence, not independently verified persuasion template"
4b602a2be4e9e5c1b070,3,2022;2023,12112;11657;10628,หากผู้ชายมีความเครียดและทำงานหนัก จะเสี่ยงเป็นโรคมะเร็งต่อมลูกหมาก,"normalized text recurrence, not independently verified persuasion template"
4d2780b3ebfef7426435,3,2021;2022;2024,15294;13508;8352,เปลือกและรากของต้นแทงทวย ใช้รักษาโรคมะเร็งได้,"normalized text recurrence, not independently verified persuasion template"
4f8516fea4ea18fd22d6,3,2022;2023;2024,11950;11142;7456,"ผู้สูงอายุ 60 ปีขึ้นไปที่เสียชีวิต ทายาทจะได้รับเงิน 30,000 บาท จากพม.","normalized text recurrence, not independently verified persuasion template"
4ff746c1f3b765a37a30,3,2021;2022;2024,15018;13244;7953,แตงโมต้มผสมกับน้ำตาล ดื่มรักษาโรคไต,"normalized text recurrence, not independently verified persuasion template"
50a036cb83649af35360,3,2023;2024,11327;9350;8227,รัฐหลอกให้ลงทะเบียนรับเงินเยียวยา เพื่อจะเรียกเก็บภาษีย้อนหลัง,"normalized text recurrence, not independently verified persuasion template"
50acfaaf41b765e8f17f,3,2022;2023,13676;12106;10161,กระดูกปลาหมึก หรือลิ้นทะเล ช่วยรักษาหญิงที่มีประจำเดือนมากเกินไป และแท้งลูก,"normalized text recurrence, not independently verified persuasion template"
50cd1710c5527ace4137,3,2020;2022;2023,15640;13021;8971,การคลังให้เจ้าหน้าที่ติดต่อประชาชนขอข้อมูลส่วนตัว เพื่อแจกเงินกระตุ้นเศรษฐกิจ,"normalized text recurrence, not independently verified persuasion template"
5106f53bacd9ddad1746,3,2021;2023,14234;9166;8773,ผู้ที่เป็นริดสีดวง เสี่ยงเป็นโรคมะเร็งลำไส้ใหญ่,"normalized text recurrence, not independently verified persuasion template"
51f8f8261b1bdfcc0607,3,2021;2022;2023,14164;13049;11286,รับประทานผักกาดขาวเป็นประจำ ช่วยรักษาอาการตับอักเสบ,"normalized text recurrence, not independently verified persuasion template"
52468ac1bf3b030e8377,3,2020;2022,15816;12831;11879,ทารกแรกเกิดถึง 3 เดือน ดื่มน้ำแช่ทองคำทำให้ผิวพรรณดี,"normalized text recurrence, not independently verified persuasion template"
55ec4d889918ec7bbd8d,3,2020;2022;2023,15888;12531;9028,น้ำกัญชาคั้นสด ไม่ออกฤทธิ์ต่อประสาท ป้องกัน และรักษาโรคได้ดีกว่าสารสกัดกัญชา,"normalized text recurrence, not independently verified persuasion template"
5982567ca9b781307f64,3,2022;2023,13835;13163;10410,ไม่ต้องตรวจสภาพรถยนต์อายุเกิน 7 ปี และจักรยานยนต์อายุเกิน 5 ปี ที่ตรอ. ก่อนเสียภาษี,"normalized text recurrence, not independently verified persuasion template"
5b1f9c891bf4b517691a,3,2020;2022,15745;15574;12764,รับประทานอาหารกระป๋องอันตราย,"normalized text recurrence, not independently verified persuasion template"
5cd4cc0f43f703958ecb,3,2022;2024,13946;13102;8060,ใช้กระเทียมหมักผม ช่วยรักษาอาการผมร่วง,"normalized text recurrence, not independently verified persuasion template"
5d2a50d15fc7aee67221,3,2022;2023;2024,13665;11117;8133,ทาปิโตรเลียม เจลลี่ในรูจมูก ช่วยดักจับฝุ่น PM 2.5,"normalized text recurrence, not independently verified persuasion template"
5ebf699f7e1b0ebc0567,3,2022;2023,12847;12223;11281,หากมีความเครียดติดต่อกัน 5 วัน เซลล์ในร่างกายจะกลายเป็นเซลล์มะเร็งได้ทันที,"normalized text recurrence, not independently verified persuasion template"
5f2e8149346d6985a7e1,3,2022;2023;2024,12662;8940;7750,อาการโคลงเคลง​เสียการทรงตัว มีเสียงในหู​ น้ำในหูไม่เท่ากัน เป็นอาการของการขาดวิตามินบี,"normalized text recurrence, not independently verified persuasion template"
6253fb7b524dfc8fe67c,3,2022;2023;2024,12293;8885;7429,4 วิธีการปฐมพยาบาลเมื่อสำลักอาหาร ตกหมอน ขาเป็นตะคริว และขาชา,"normalized text recurrence, not independently verified persuasion template"
63095f12d22e5572032e,3,2022;2023;2024,12799;11409;7762,ใช้น้ำยาล้างห้องน้ำ นำมาฉีดพ่นใส่นาข้าว ทำให้ผลผลิตงาม,"normalized text recurrence, not independently verified persuasion template"
634c287d18c11536f56f,3,2023;2024,10610;8162;7844,กระเจี๊ยบ พุทราจีน และมะตูมต้มรวมกัน ช่วยลดไขมันในหลอดเลือด,"normalized text recurrence, not independently verified persuasion template"
6378c4584c535a6b952b,3,2020;2023,15674;11261;9954,ดื่มน้ำโซดา ช่วยทำให้อาหารย่อยได้ง่ายขึ้น,"normalized text recurrence, not independently verified persuasion template"
63ed4fd50b051a0e759d,3,2021;2023;2024,14815;10527;8412,"เพิ่มเงินบำนาญรายเดือนให้ข้าราชการรายละ 5,000 - 10,000 บาท","normalized text recurrence, not independently verified persuasion template"
646347f6459fbae7a7b4,3,2021;2022,15345;13204;11745,"ประชาชนคนไทยทุกคน เมื่อเสียชีวิตจะได้สิทธิรับเงินจาก พม. จำนวน 2,000 บาท","normalized text recurrence, not independently verified persuasion template"
65f285e851dffd7c859a,3,2022;2024,12356;11771;7393,มีคุก VIP ใช้โทรศัพท์ข้างในเรือนจำได้,"normalized text recurrence, not independently verified persuasion template"
6811ee37029eb36bacaf,3,2021;2022;2024,15481;13599;8467,คลังอนุมัติ ให้ยกเลิกจ่ายเงินบำนาญแก่ข้าราชการ,"normalized text recurrence, not independently verified persuasion template"
6be768a5428e2054b83d,3,2021;2022,15417;15326;11598,กินยาแคปซูลมาก จะได้รับอันตรายจากตัวแคปซูล,"normalized text recurrence, not independently verified persuasion template"
6c219815103ba57158ab,3,2020;2022;2023,15862;12792;10839,สมุนไพรหญ้าพันงูขาว ช่วยรักษาโรคมะเร็งลำไส้,"normalized text recurrence, not independently verified persuasion template"
6c250243692c8d7855d9,3,2023;2024,9618;8332;7680,อันตรายการโทรทางไลน์เสี่ยงเกิดเนื้องอกในสมอง,"normalized text recurrence, not independently verified persuasion template"
6cf074c4e913d18dac12,3,2021;2022,14991;13728;12069,กดรหัส ##002# สามารถลดค่าใช้จ่ายโทรศัพท์ได้ทั้งหมด,"normalized text recurrence, not independently verified persuasion template"
6cf8cc694f9898aaca2e,3,2021;2022;2023,14108;13712;11464,กระทะเทฟลอนที่โดนความร้อน ทำให้มีสารก่อมะเร็งปล่อยออกมา,"normalized text recurrence, not independently verified persuasion template"
6dee2f59796286f02376,3,2022;2023,13797;13024;10939,การผายลม ช่วยบำบัดโรคไต,"normalized text recurrence, not independently verified persuasion template"
6e26ecb7808d6e303d60,3,2021;2023,15393;10921;9776,กะปิมี 10 ข้อดีที่ควรกินเป็นประจำ,"normalized text recurrence, not independently verified persuasion template"
7281d72635a89cb7a053,3,2022;2023;2024,11604;8678;7979,เป็นตะคริวบ่อยจะทำให้เป็นอัมพฤกษ์ อัมพาตได้,"normalized text recurrence, not independently verified persuasion template"
7642ae4f85e6b9b957b6,3,2023;2024,8660;7976;6454,หน้ามืดหลังตื่นนอนบ่อย เป็นสัญญาณหัวใจอ่อนแอ,"normalized text recurrence, not independently verified persuasion template"
79d2cd15601b4de7117a,3,2021;2022;2023,14277;12253;10386,เลือดของผู้ที่ฉีดวัคซีนโควิดมีสีดำคล้ำ ไม่สามารถนำไปใช้รักษาผู้ป่วยได้,"normalized text recurrence, not independently verified persuasion template"
7a56fa79a342646d31f4,3,2020;2022;2024,15622;13717;7657,รับประทานถั่วลิสงวันละ 1 กำมือ ช่วยรักษาอาการวัยทอง,"normalized text recurrence, not independently verified persuasion template"
7bcc54d3609441151d55,3,2022;2023,13012;12241;10625,ซื้อรถไฟฟ้าจากบริษัทผู้ผลิตในเอเชีย ไม่สามารถจดทะเบียนได้,"normalized text recurrence, not independently verified persuasion template"
7bdc2a09ad5f9ee107f1,3,2021;2023,15456;10405;8835,"อุบัติเหตุเสียชีวิตบนทางหลวง ได้รับเงินชดเชยจากกรมทางหลวง 15,000 บาท","normalized text recurrence, not independently verified persuasion template"
7beea6ce790f3876ec24,3,2020;2022,15922;13364;12937,เปลือก และแก่นต้นตะโกนา รักษาโรคมะเร็ง,"normalized text recurrence, not independently verified persuasion template"
7cd3053162c5664f3ee3,3,2021;2022,14260;12901;11514,"ผู้ที่มีชื่อเป็นเจ้าบ้าน ได้รับเงินเยียวยา 15,000 บาท","normalized text recurrence, not independently verified persuasion template"
7f798cb03e279ea454d5,3,2022;2024,13483;11811;8173,ยาฆ่าเชื้อพยาธิ Ivermectin ใช้รักษาโควิด 19 ได้,"normalized text recurrence, not independently verified persuasion template"
826aff7705b3951c964a,3,2020;2022;2023,16308;13432;9606,บริษัทชื่อดังปิดข่าว หมู ไก่ เป็นโรคเอดส์,"normalized text recurrence, not independently verified persuasion template"
878295d1e94b0c071487,3,2019;2023,25638;21906;21529,คลิปเตือนกาแฟผสมดินประสิว,"normalized text recurrence, not independently verified persuasion template"
8973e0f7d6d720f4fd1d,3,2020;2023,15627;11007;8516,กินเผ็ดเพิ่มระบบเผาผลาญในร่างกาย ทำให้ผอมเร็ว,"normalized text recurrence, not independently verified persuasion template"
89974fd5a324c319736b,3,2020;2022;2023,15858;11817;9527,ดื่มน้ำต้มหญ้าไข่เหา รักษาโรคมะเร็งทุกชนิด,"normalized text recurrence, not independently verified persuasion template"
8a83d30b04dbff909384,3,2022;2023,13769;11987;10952,ต้นบานเย็น มีสรรพคุณรักษาโรคมะเร็ง,"normalized text recurrence, not independently verified persuasion template"
8bb9c26433f882bd2d43,3,2021;2022;2023,14217;12888;8786,ประโยชน์ของกะปิ 10 ข้อ กินเป็นประจำจะทำให้สุขภาพดี,"normalized text recurrence, not independently verified persuasion template"
8d6e796b1903913924b3,3,2022;2024,12989;12191;6436,หากสแกน QR Code จากใบนัดนำจ่ายสิ่งของส่งทางไปรษณีย์ สามารถถูกดูดเงินในบัญชีได้,"normalized text recurrence, not independently verified persuasion template"
914f63b935e224f80a26,3,2022;2023,14002;13184;11288,สูตรเครื่องดื่มธัญพืชหรือน้ำอาร์ซี สามารถรักษาโรคมะเร็งได้,"normalized text recurrence, not independently verified persuasion template"
91561096830450ab88d2,3,2022;2023;2024,12737;10728;7697,ปัสสาวะบ่อยเป็นอาการระยะแรกของมดลูกต่ำ,"normalized text recurrence, not independently verified persuasion template"
96d73ff8451c30a4a924,3,2021;2022,15390;13462;11773,ว่านแร้งคอคำดองเหล้า แก้มะเร็งมดลูก มะเร็งภายใน มะเร็งเต้านม,"normalized text recurrence, not independently verified persuasion template"
9a2caaad325a7ca8c1e7,3,2021;2022;2023,14121;11483;10421,ดื่มน้ำต้มหญ้างวงช้างและอ้อยดำ ช่วยรักษามะเร็งปอด,"normalized text recurrence, not independently verified persuasion template"
9a4c0ff8957a644cc24a,3,2022;2023;2024,14061;11381;8080,"มัสยิดกลายเป็นสาขาของธนาคารอิสลาม 1,000 แห่งทั่วประเทศ","normalized text recurrence, not independently verified persuasion template"
a13dbc744d4ff33c86fd,3,2023;2024,9612;8830;8196,หากสัมผัสโดนสารกันบูดในปลาทูนึ่งจะเป็นมะเร็งผิวหนัง,"normalized text recurrence, not independently verified persuasion template"
a2ca2f466cd43a45e7b0,3,2022;2023,12343;11706;10619,รถยนต์ที่กรมศุลกากรยึดมา หายจากคลังสินค้ากว่า 500 คัน,"normalized text recurrence, not independently verified persuasion template"
a708d32d2f940bd743ea,3,2022;2023;2024,13127;9084;7768,ปวดบั้นเอว ฉี่เหม็น คลื่นไส้อาเจียน ตัวและขาบวม ควรล้างของเสียออกจากร่างกาย ก่อนจะป่วยเป็นโรคไต,"normalized text recurrence, not independently verified persuasion template"
a8694a3131bd968b429f,3,2022;2024,13578;7995;6427,เติมน้ำมันพืชแทนน้ำมันดีเซล ช่วยให้รถยนต์ประหยัดน้ำมันมากขึ้น,"normalized text recurrence, not independently verified persuasion template"
b1f1b957d841c0955b5a,3,2021;2022;2023,14473;13761;11271,ใช้ปัสสาวะหยอดตา ช่วยแก้อาการปวดตาได้,"normalized text recurrence, not independently verified persuasion template"
b32a32854087c646c5f9,3,2021;2022;2023,15313;11679;10569,ไปรษณีย์ไทยส่งอีเมลเรียกเก็บค่าดำเนินการ และแนบลิงก์เพื่อชำระเงิน,"normalized text recurrence, not independently verified persuasion template"
b398f440eaaad817c89c,3,2021;2023;2024,14335;10454;6810,โรคงูสวัด หากขึ้นวนรอบตัวจะทำให้เสียชีวิต,"normalized text recurrence, not independently verified persuasion template"
b3eebf21eb09b1a2f63c,3,2021;2022,14414;13600;13150,สบู่เหลวมีสารซักฟอก หากใช้ร่วมกับสารประกอบตระกูลเอมีน จะเป็นสารก่อมะเร็ง,"normalized text recurrence, not independently verified persuasion template"
ba1411bec1bd03ffb7d2,3,2021;2022;2023,14456;13375;8617,รัฐบาล เก็บภาษี 30% สำหรับบุคคลที่ไม่มีสามี,"normalized text recurrence, not independently verified persuasion template"
bf1b5b2f713aaa1ad987,3,2021;2022,15392;13812;13032,น้ำแข็งยูนิคใส่สารฟอร์มาลีน ทำให้คนไทยเป็นมะเร็งอันดับ 1 ของโลก,"normalized text recurrence, not independently verified persuasion template"
c0b67e77743219b5aa58,3,2020;2021;2022,15821;14832;11859,พ.ร.ก. ฉุกเฉินฯ ทำให้ประเทศไทยมีข้อบังคับการสื่อสารใหม่,"normalized text recurrence, not independently verified persuasion template"
c45b17f12aba083fe12f,3,2022;2023,13837;11232;9141,สูตรพอกหน้าให้ขาวใสด้วยยาแอสไพริน,"normalized text recurrence, not independently verified persuasion template"
c508ebc58d78c8081b19,3,2020;2022,15916;15708;13035,ผงถ่านคาร์บอนช่วยทำให้ฟันขาว,"normalized text recurrence, not independently verified persuasion template"
c5e72d13db5c2443741b,3,2021;2023;2024,15216;10862;7961,หลีกเลี่ยงรับประทานปูที่มีรู เพราะมีการฉีดสารฟอร์มาลีนเข้าไป,"normalized text recurrence, not independently verified persuasion template"
c81f8b23ab1a956ce555,3,2022;2023,13648;11769;11373,ผู้ที่ดื่มเครื่องดื่มแอลกอฮอล์ จะไม่ติดเชื้อโควิด 19 และดื่มทุกวันจะให้ผลดีกว่าการออกกำลังกาย,"normalized text recurrence, not independently verified persuasion template"
ce1bf7937e461a69232c,3,2021;2023,15343;14703;10586,ใช้กรอบทะเบียนรถสกรีนลายกราฟิกเลียนแบบป้ายประมูล ไม่ผิดกฎหมาย,"normalized text recurrence, not independently verified persuasion template"
cf2d14da5c37967c535a,3,2023;2024,11442;8573;6515,อาบน้ำหลัง 6 โมงเย็น จะทำให้ม้ามอ่อนแอ ปวดเข่า ความจำไม่ดี ผมร่วง และเลือดจางได้,"normalized text recurrence, not independently verified persuasion template"
d015087ecf6afea230be,3,2020;2022;2023,15920;12930;11331,รักษาโรคมะเร็ง ด้วยการกินหัวใต้ดินของว่านสบู่เลือดดองเหล้า,"normalized text recurrence, not independently verified persuasion template"
d3cd3e735bad19ca66d8,3,2020;2023,15867;11254;9233,หมักผมด้วยกระเทียม รักษาผมร่วง,"normalized text recurrence, not independently verified persuasion template"
d496e086917f37a82fbf,3,2020;2022,15945;15578;13397,กองสลากฯ ให้เลขออกรางวัลล่วงหน้า กับคนที่ทำงานในกองสลากฯ,"normalized text recurrence, not independently verified persuasion template"
d75fc80a5843a87a6396,3,2022;2023,13771;11928;10413,ใช้เนยแท้ทาเคลือบแผลน้ำร้อนลวก ช่วยแก้ปวด ลดตุ่มพองใส,"normalized text recurrence, not independently verified persuasion template"
da99d6f6dd3f7257c49b,3,2020;2022;2023,15709;11815;9535,ต้นหนอนตายหยาก รักษามะเร็งในมนุษย์ได้,"normalized text recurrence, not independently verified persuasion template"
ddfe59a23a7af0aa4b69,3,2022;2024,13663;12213;7997,ธนบัตร 50 บาท มีรูปมัสยิดอยู่บนธนบัตร,"normalized text recurrence, not independently verified persuasion template"
df1316512a2cf0a1e640,3,2021;2023;2024,14967;9930;7963,ใช้น้ำอัดลมเทใส่เนื้อหมูสด ทำให้หนอนหรือพยาธิออกจากเนื้อหมู,"normalized text recurrence, not independently verified persuasion template"
df21470d25f86cf56564,3,2021;2023,15484;15073;8529,โควิด-19 ไม่ใช่ไวรัส แต่เกิดจากแบคทีเรียสัมผัสรังสี 5G,"normalized text recurrence, not independently verified persuasion template"
e3b0f1552c72ce5613c4,3,2021;2022;2023,14717;12086;10959,นำใบกระท่อมมาทอดกรอบ กินแล้วช่วยให้คลายเส้น และตื่นตัว,"normalized text recurrence, not independently verified persuasion template"
e53ef4e009129059c65e,3,2020;2023;2024,15895;11218;8158,น้ำมันเบนซินมีสารระเหย ดูดพิษจากแมลงกัดต่อย หายใน 3-5 นาที,"normalized text recurrence, not independently verified persuasion template"
e7175f16ec1837ecfdb2,3,2020;2021;2023,15704;14909;11355,ดื่มน้ำอัดลมใส่เกลือ ช่วยแก้อาการขาดน้ำจากภาวะท้องเสีย,"normalized text recurrence, not independently verified persuasion template"
e7c17534cf51eee00166,3,2020;2022;2023,15529;12759;9518,รัฐบาลขอขึ้นภาษีมูลค่าเพิ่มเป็น 8%,"normalized text recurrence, not independently verified persuasion template"
e94db09df779bbf5efd7,3,2020;2023;2024,16024;9075;8473,ใช้โรลออนทำให้เป็นมะเร็งเต้านม,"normalized text recurrence, not independently verified persuasion template"
eaa38edaa1642b9160f7,3,2020;2022;2023,16300;12895;11300,สนับสนุนค่าตอบแทนผู้นำศาสนาอิสลามในจังหวัดชายแดนภาคใต้ ปีละ 893 ล้านบาท,"normalized text recurrence, not independently verified persuasion template"
ec10c583a9280776736f,3,2021;2022;2023,14595;13136;11264,ธปท. ส่ง sms ให้ประชาชน แจ้งว่าได้รับสินเชื่อ,"normalized text recurrence, not independently verified persuasion template"
ec8a0c4b21f58ca0ea32,3,2022;2023;2024,11648;8696;6463,ดื่มชาร้อนหรือกินของร้อน ๆ​ เซลล์รากฟันจะตายทีละนิด และฟันอาจจะเปลี่ยนเป็นสีเทาได้,"normalized text recurrence, not independently verified persuasion template"
f2976d8c82521416aa4c,3,2021;2022,14724;13706;11755,เบอร์อันตรายห้ามรับสาย หากรับสายเงินหายหมดทั้งบัญชี,"normalized text recurrence, not independently verified persuasion template"
f5c3cacd32cdd18f4d8e,3,2021;2022;2023,15026;13476;10233,น้ำยาล้างเล็บมีสารอะซีโตน หากสูดดมจะก่อกวนฮอร์โมนเพศหญิง ส่งผลให้เกิดความผิดปกติเกี่ยวกับรอบเดือน,"normalized text recurrence, not independently verified persuasion template"
f7b83159e70db11e9c80,3,2022;2023,12765;12685;10865,กองสลากฯ ส่งหนังสือโครงการทลายเจ้ามือหวยเถื่อนให้กับประชาชน พร้อมเปิดรับสมาชิกรับเลขล็อกจากภายใน,"normalized text recurrence, not independently verified persuasion template"
f7e241e2b27e32dbede7,3,2020;2023,15842;11163;10758,ใส่ผ้าอนามัยนาน ทำให้เป็นโรคมะเร็งปากมดลูก,"normalized text recurrence, not independently verified persuasion template"
f885acb4b5e8081cb583,3,2022;2023;2024,11748;8887;5553,รัฐบาลเตรียมประกาศงดเทศกาลปีใหม่ เนื่องจากการแพร่ระบาดของโควิด เดลตาครอล XBC,"normalized text recurrence, not independently verified persuasion template"
f8deeb402dc0dbe921ba,3,2022;2023,13758;11932;10102,หัวไชเท้าผสมน้ำผึ้ง รักษาโรคริดสีดวงทวาร,"normalized text recurrence, not independently verified persuasion template"
f9aa7e0089a5caba5459,3,2021;2022;2024,15438;12715;8443,"ธอส. โทรสอบถามเลขบัญชี เพื่อโอนเงินให้ 2,000 บาท","normalized text recurrence, not independently verified persuasion template"
fac6288df40fa0085d82,3,2022;2023;2024,12313;8866;7302,ริดสีดวง​ทวารเรื้อรัง รักษาได้โดยงดเนื้อสัตว์​ 7 วัน พร้อมกินเห็ดบ่อย ๆ,"normalized text recurrence, not independently verified persuasion template"
facf489b34f99ba956c0,3,2021;2022,14370;13383;11738,รัฐบาลเก็บภาษีรถกระบะ 2 ประตู หรือ กระบะแค๊ป เท่า 4 ประตู,"normalized text recurrence, not independently verified persuasion template"
fb2eb50872558ff6e104,3,2022;2023;2024,12392;11370;6552,สำนักงานประกันสังคมประกาศขายข้าวหอมมะลิแท้ผ่านเพจเฟซบุ๊ก,"normalized text recurrence, not independently verified persuasion template"
fbc74996a4f08d949208,3,2021;2022;2023,14469;12073;8604,เติมน้ำมันดีเซลบนเรือกลางแม่น้ำโขง ที่รับมาจากบริษัท ปตท. ถูกกว่าไทยลิตรละ 10 บาท,"normalized text recurrence, not independently verified persuasion template"
fc8498703335e1e74312,3,2021;2022,15009;12595;11806,อาการขี้หนาว เป็นสัญญาณบ่งบอกโรคไตขวาเสื่อม,"normalized text recurrence, not independently verified persuasion template"
fd75a5e408886435c289,3,2022;2024,11739;11522;7315,กินบะหมี่ดิบที่ขยำใส่ผงปรุงรส ทำให้พองในท้องและเกิดภาวะช็อก,"normalized text recurrence, not independently verified persuasion template"
fe42dc517c5f8f5fc9f5,3,2022;2023,12586;11975;9816,ก. พลังงาน ขึ้นราคาพลังงานทั้งระบบ เพราะปตท. ส่งคืนทรัพย์สินให้การคลังไม่ครบถ้วน,"normalized text recurrence, not independently verified persuasion template"
ff11d6da98bb8c99af73,3,2023;2024,10754;7593;6251,ลุกจากที่นอนกะทันหัน ทำให้กระดูกกะโหลกศีรษะแตก หัวใจหยุดเต้น,"normalized text recurrence, not independently verified persuasion template"
ffd0092cb94fa041ade7,3,2020;2022,15846;12794;11861,รักษามะเร็งระยะสุดท้าย ด้วยการดื่มน้ำปั่นผักจิงจูฉ่าย,"normalized text recurrence, not independently verified persuasion template"
00466d815a47336e92da,2,2021;2022,15338;13346,กินข้าวกล้อง ถั่วแดง หัวกระเทียมที่นึงสุก ช่วยรักษาโรคไต,"normalized text recurrence, not independently verified persuasion template"
00b3fd22b0abdef7f256,2,2022;2024,11940;7587,สูตรอาหารรักษาเส้นเลือดในสมองตีบ,"normalized text recurrence, not independently verified persuasion template"
02e559a64cb46e58045f,2,2020;2023,15738;11158,สารส้มผสมน้ำใช้ล้างตา และรักษาโรคตาแดง,"normalized text recurrence, not independently verified persuasion template"
032c1a345b4a814a8cde,2,2017;2023,26301;22418,กินลิ้นจี่ตอนท้องว่างทำให้ตายได้,"normalized text recurrence, not independently verified persuasion template"
03ac31c3653b49464f17,2,2023;2024,11037;6196,กลอกตาตามภาพเคลื่อนไหวไปมา ช่วยฟื้นฟูสายตา,"normalized text recurrence, not independently verified persuasion template"
03e018792d0f0f5a41b2,2,2023;2024,11354;8461,นวดศีรษะของตัวเอง วันละ 1 - 2 นาทีช่วยป้องกันเส้นเลือดสมองตีบได้,"normalized text recurrence, not independently verified persuasion template"
055da228b535335dd90c,2,2018;2025,25808;18714,น้ำต้มเมล็ดมะรุม แก้ปวดหลัง ปวดเอว กระดูกทับเส้น,"normalized text recurrence, not independently verified persuasion template"
068d5d52caeccde91ddb,2,2020;2022,16266;12837,สมุนไพรไทยใกล้ตัว รักษาโควิด–19,"normalized text recurrence, not independently verified persuasion template"
0690a5b7de625e8876fd,2,2020;2023,15679;11123,นวดผมด้วยกระเทียม ช่วยรักษาผมร่วง,"normalized text recurrence, not independently verified persuasion template"
09b2e1effbef72d231ee,2,2021;2022,15112;12612,"แอปพลิเคชันเป๋าตัง สามารถยืมเงินสดได้ 5,000 บาท ใช้ระยะเวลาอนุมัติเพียง 3 นาที","normalized text recurrence, not independently verified persuasion template"
0a25de5d156c4b143301,2,2023;2024,22520;19498,"""ผงชูรส"" ทำให้ผมร่วง","normalized text recurrence, not independently verified persuasion template"
0a789f977c13b04c4e04,2,2015;2023,26626;22416,ดื่มน้ำอัดลมผสมกับนม กลายเป็นหินปูนเกาะลำไส้,"normalized text recurrence, not independently verified persuasion template"
0aa8c484755a4cfe488a,2,2015;2023,26594;22857,กล้วยรักษาได้สารพัดโรค,"normalized text recurrence, not independently verified persuasion template"
0ab36029ede6978d405b,2,2022;2023,13257;11106,นายกฯ ​ให้ตรึงราคาน้ำมันเครื่องบิน โดยไม่เก็บภาษี​สรรพสามิตน้ำมันเครื่องบิน ลิตรละ​เกือบ​ 5 บาทต่อไป,"normalized text recurrence, not independently verified persuasion template"
0b23c704f0dae4ce866b,2,2020;2022,15605;13566,สูตรน้ำพลาสม่าขจัดเชื้อโควิด-19 ได้ผลชัวร์,"normalized text recurrence, not independently verified persuasion template"
0b2c5a8250c361961fe0,2,2022;2023,12297;8891,ดื่มเหล้าติดต่อกัน 7 วัน ช่วยเสริมสร้างระบบภูมิคุ้มกันในร่างกาย และหากดื่มขณะตั้งครรภ์ จะช่วยป้องกันปัญหาสุขภาพ,"normalized text recurrence, not independently verified persuasion template"
0c052a1774e3500e9f6a,2,2021;2024,15467;6297,กรมอุตุฯ เตือนประเทศไทยอุณหภูมิลดลงมากสุดในรอบ 14 ปี ฝนตกหนัก กรุงเทพฯ และปริมณฑลจะเกิดพายุฤดูร้อน,"normalized text recurrence, not independently verified persuasion template"
0c14bfa252ed97d97432,2,2021;2022,14598;12391,รายชื่อยาทั้ง 6 ชนิด ที่ควรซื้อติดบ้านไว้รักษาโควิด-19 ด้วยตัวเอง,"normalized text recurrence, not independently verified persuasion template"
0c4ecf99ee42880164ed,2,2020;2024,15637;8180,รักษาโรคมะเร็งตับ ด้วยสมุนไพรฉัตรพระอินทร์,"normalized text recurrence, not independently verified persuasion template"
0ca441854f1b7650cfe5,2,2022;2023,12126;8874,วิธีรักษามะเร็งให้หายได้ ไม่ให้ทำคีโมแต่ให้กำหนดลมหายใจตัวเอง และกินอาหารที่ไม่เป็นกรด,"normalized text recurrence, not independently verified persuasion template"
0dc279ac22f036124601,2,2022;2024,12326;7488,เสมหะตกค้างในเลือด ปวดหัวเรื้อรัง​ ​​ปล่อยทิ้งไว้นาน​จะสะสมเป็นลิ่มเลือดในสมอง​ เสี่ยงอัมพฤกษ์อัมพาต,"normalized text recurrence, not independently verified persuasion template"
0ec05b737b278f4cf2e5,2,2023;2024,10517;7869,ดื่มเครื่องดื่มแอลกอฮอล์ทุกวันให้ผลดีกว่าการออกกำลังกาย อายุยืนและละลายลิ่มเลือดให้เลือดไหลเวียนได้ดี,"normalized text recurrence, not independently verified persuasion template"
0fb5a55cd66a5d84da21,2,2017;2024,26067;19833,น้อยหน่ารักษาได้สารพัดโรค,"normalized text recurrence, not independently verified persuasion template"
1001b6db1f98922becf7,2,2021;2022,14740;12096,ธนบัตรปลอมระบาดในพื้นที่จังหวัดสุราษฎร์ธานี,"normalized text recurrence, not independently verified persuasion template"
1242c1882f2503289b70,2,2022;2025,24122;18557,ใช้นิ้วแคะจมูกบ่อย ๆ จะทำให้จมูกบาน,"normalized text recurrence, not independently verified persuasion template"
12d4756c2a09d5cda925,2,2021;2022,14461;12729,ภูเก็ตใช้พื้นที่ป่าสงวนกว่า 19 ไร่ และใช้งบกว่า 250 ล้านบาท เพื่อสร้างมัสยิด,"normalized text recurrence, not independently verified persuasion template"
143062387bccd0e7395c,2,2017;2024,26183;19870,ส้มตำใส่เปลือกมะนาวทำให้เป็นมะเร็ง,"normalized text recurrence, not independently verified persuasion template"
156aa5024356c9e1a12a,2,2021;2022,14491;11838,โควิด19 สายพันธุ์แลมบ์ดาระบาดหนักในเขตมีนบุรี หมอประสิทธิ์ ขอให้ประชาชนล็อกดาวน์ตัวเอง,"normalized text recurrence, not independently verified persuasion template"
167199622bf89f5b2c47,2,2021;2022,14721;12917,รถยนต์อายุเกิน 7 ปี และจักรยานยนต์อายุเกิน 5 ปี ไม่ต้องนำไปตรวจสภาพรถที่อู่ ตรอ. ก่อนเสียภาษี,"normalized text recurrence, not independently verified persuasion template"
18b3b135ab41c2eee99a,2,2020;2022,16265;12781,อสม. ขอรับบริจาคเงินทุก 100 บาท ทำหน้ากากผ้า 66 ผืน,"normalized text recurrence, not independently verified persuasion template"
1954893bb2614be5207a,2,2022;2023,13889;11386,รัฐบาลจีน ประกาศซื้อขายเงินดิจิทัลกับไทยอย่างเป็นทางการ,"normalized text recurrence, not independently verified persuasion template"
1a40abd72e8b2fec5eca,2,2021;2022,15045;11632,ไปรษณีย์ไทย ปฏิเสธการร้องเรียน เรื่องบริการทุกกรณี และเอาผิดผู้ร้องเรียน,"normalized text recurrence, not independently verified persuasion template"
1b1822eb5471dfcc943b,2,2020;2022,15546;12721,ธนบัตรรูปแบบใหม่ เป็นแบงค์ปลอม ใช้ชำระหนี้ตามกฎหมายไม่ได้,"normalized text recurrence, not independently verified persuasion template"
1d4d1f8d2af1fe6a75ca,2,2021;2023,14377;8721,ปตท. ลักลอบขุดน้ำมันในที่ ส.ป.ก. แล้วศาลมีคำสั่งระงับ,"normalized text recurrence, not independently verified persuasion template"
1efe7656fb3c862cb2d9,2,2022;2023,12006;9420,"ออมสินปล่อยเงินกู้ฉุกเฉิน วงเงิน 10,000 - 300,000 บาท ดอกเบี้ยต่ำ ไม่ต้องใช้คนค้ำ","normalized text recurrence, not independently verified persuasion template"
1fbad67f001596ffde45,2,2017;2023,26216;22617,น้ำผักบุ้ง-มะเฟืองปั่น รักษาต่อมลูกหมากโต,"normalized text recurrence, not independently verified persuasion template"
2045c65487fd7822db14,2,2021;2022,14861;13025,สินเชื่อเพื่อประชาชน ของธนาคารออมสิน กู้ได้สูงสุด 2 แสนบาท,"normalized text recurrence, not independently verified persuasion template"
2072b1a2eb03256dac14,2,2022;2024,13396;8369,ดื่มน้ำใบมะละกอปั่นสด ช่วยป้องกันและรักษาโควิด 19,"normalized text recurrence, not independently verified persuasion template"
2277d70c39f592f4faff,2,2021;2022,14840;12584,จีนระบายน้ำท่วมลงแม่น้ำโขง เดือน ส.ค-ก.ย อาจเกิดน้ำท่วมใหญ่ที่ประเทศไทย-ลาว,"normalized text recurrence, not independently verified persuasion template"
233706a47dc4ef324235,2,2021;2022,14127;12687,รัฐบาลให้สิทธิพิเศษศาสนาอิสลามมากกว่าศาสนาพุทธ,"normalized text recurrence, not independently verified persuasion template"
24be9e3a8e072f61674a,2,2023;2024,10661;7942,เจ้าหน้าที่กระทรวงการคลัง โทรแจ้งประชาชนให้กดยกเลิกสิทธิ์โครงการของรัฐ,"normalized text recurrence, not independently verified persuasion template"
25d68242ee993e363cbe,2,2017;2025,26126;18487,น้ำต้มใบฝรั่งรักษาผมร่วงใน 3 วัน,"normalized text recurrence, not independently verified persuasion template"
2636592b6d05d1eda69d,2,2020;2022,15960;13283,ศธ. ห้ามนักเรียนใส่หน้ากากอนามัยแบบมีลวดลาย,"normalized text recurrence, not independently verified persuasion template"
27cc4643e1cc5d860536,2,2021;2023,15138;10733,คลื่นวิทยุจากไมโครเวฟ เป็นอันตรายต่อสุขภาพ,"normalized text recurrence, not independently verified persuasion template"
2887b5458dc2756613e3,2,2024;2025,19991;18462,ก้างปลาติดคอ กลืนอาหารช่วยได้,"normalized text recurrence, not independently verified persuasion template"
295be5301763fef6266c,2,2022;2024,13854;6726,คนไทยจ่ายเงินซื้อน้ำมันราคาแพงที่สุดในโลก,"normalized text recurrence, not independently verified persuasion template"
29f015aefe1f2852bf37,2,2023;2024,10627;7897,กรมการจัดหางานเปิดรับสมัครพนักงานออนไลน์แบบ WFH,"normalized text recurrence, not independently verified persuasion template"
2b15d7722d1cd40339ad,2,2022;2023,13088;11344,ใช้หม้อทอดไร้น้ำมันปรุงอาหาร ทำให้ก่อมะเร็ง,"normalized text recurrence, not independently verified persuasion template"
2ff106791f1997c53de0,2,2022;2025,23685;18364,คลิปต้มน้ำอัดลม บ่งบอกอันตราย,"normalized text recurrence, not independently verified persuasion template"
320e93bb23361610e6d8,2,2023;2024,11276;8289,รัฐบาลเล็งเตรียมเก็บภาษีรถเก่าอายุ 10 ปี กระตุ้นเศรษฐกิจป้ายแดง,"normalized text recurrence, not independently verified persuasion template"
324dee08801894ed29be,2,2021;2024,15420;7695,ยาแคปซูลมะระขี้นก ต้านเบาหวาน และลดน้ำตาลในเลือดสูง,"normalized text recurrence, not independently verified persuasion template"
3296aafbdb997224cdfc,2,2020;2023,15779;9411,ดื่มน้ำต้มหนุมานนั่งแท่น รักษาโรคมะเร็ง,"normalized text recurrence, not independently verified persuasion template"
35d4a1203258a7fc1efe,2,2023;2024,10710;7918,ประกันสังคมเปิดลงทะเบียนสำหรับคนว่างงาน รับเงินชดเชยได้ 70% ของค่าจ้าง,"normalized text recurrence, not independently verified persuasion template"
35d676f2caa0cab093f2,2,2021;2023,14820;10501,ปตท. นำน้ำมันไม่มีคุณภาพมาจาก 3 กองทัพ ที่ตุนไว้ระยะเวลา 5-6 ปี หมดสภาพมาให้ตามปั๊มต่าง ๆ,"normalized text recurrence, not independently verified persuasion template"
3717930dd7f35b992acd,2,2024;2025,21263;18066,นมวัวก่อมะเร็งลำไส้,"normalized text recurrence, not independently verified persuasion template"
3723bd27927105a81c05,2,2021;2022,15403;11699,สูตรยาต้มสมุนไพรรักษาโรคมะเร็ง,"normalized text recurrence, not independently verified persuasion template"
37861722292830281614,2,2018;2024,25815;19845,กินน้ำมะเขือเทศแล้วหน้าแดง,"normalized text recurrence, not independently verified persuasion template"
38163af9507fb5fe084f,2,2020;2023,15877;10118,รายงานทางการแพทย์ชี้ ไข่เป็ดปนเปื้อนเชื้อไทฟอยด์,"normalized text recurrence, not independently verified persuasion template"
383dc95611bdb19c46ab,2,2017;2024,26032;21264,9 เหตุผลที่ควรเลิกดื่มนมวัวทันที,"normalized text recurrence, not independently verified persuasion template"
39b110ac822e26c618a9,2,2017;2024,26194;19961,เติมน้ำมันปั๊มไหนก็เหมือนกัน,"normalized text recurrence, not independently verified persuasion template"
3dc9c2349796c75ffc44,2,2016;2023,26373;22597,ไม่สบาย ไม่ควรดื่มนม,"normalized text recurrence, not independently verified persuasion template"
3e9c636ae994f46d49e2,2,2021;2022,15097;12961,ธปท. ส่งเอกสารแจ้งผู้ขอกู้เงิน เรื่องบัญชีถูกระงับ และให้โอนเงินมัดจำเพื่อพิสูจน์การหมุนเวียนเงิน,"normalized text recurrence, not independently verified persuasion template"
3edf2a8003d4fe8ad61d,2,2021;2022,15166;13390,ธปท. ให้บริการสินเชื่อเงินด่วน Epay Cash แบบไม่ต้องมีคนค้ำ,"normalized text recurrence, not independently verified persuasion template"
3f02b2d7dfd43381e6b0,2,2020;2022,16048;12852,"พมจ.ช่วยเหลือผู้พิการ แจกเงินคนละ 2,000 บาท","normalized text recurrence, not independently verified persuasion template"
3f97ab8f1f594c162f32,2,2020;2023,16488;11048,"""ยาหมอทหาร"" รักษาโรคอัมพฤกษ์ อัมพาต","normalized text recurrence, not independently verified persuasion template"
3fb8486fbe8eed4f07b6,2,2022;2024,13413;8183,เปลี่ยนระบบการเงินดิจิตอลบาทคอยส์ และเปลี่ยนระบบเลขบัญชีธนาคารเป็นเลขบัตรประชาชนแทน,"normalized text recurrence, not independently verified persuasion template"
40d704ed746429e2b767,2,2022;2023,23616;22991,งูสวัด รัดรอบตัวแล้วจะตาย,"normalized text recurrence, not independently verified persuasion template"
428f81270675ee8f9874,2,2022;2024,11851;7260,ดื่มกาแฟดำผสมมะนาว แก้ปวดไมเกรน,"normalized text recurrence, not independently verified persuasion template"
4380f25dcff1ae42b9ac,2,2022;2023,11812;8712,กระทรวงแรงงานเปิดรับสมัครงานแบบ WFH เพื่อหารายได้เสริม,"normalized text recurrence, not independently verified persuasion template"
45cc9eb5464623159a12,2,2022;2024,12277;7337,ทำใบขับขี่ไม่ต้องสอบที่ขนส่ง แบบถูกกฎหมาย 100% ผ่านไลน์,"normalized text recurrence, not independently verified persuasion template"
469d8760d1724d5be8c2,2,2022;2023,12720;11443,ประชาชนที่ไม่ฉีดวัคซีนเข็ม 3 ไม่สามารถ,"normalized text recurrence, not independently verified persuasion template"
473bde89f3adbad156f5,2,2023;2024,9269;8431,กฟภ. ส่ง SMS คืนเงินประกันมิเตอร์ไฟฟ้าตามนโยบายลดค่าไฟ สอบถามเจ้าหน้าที่ผ่านลิงก์,"normalized text recurrence, not independently verified persuasion template"
475ba6640f242915ac03,2,2023;2024,10978;6212,ดื่มเบียร์ช่วยรักษาโรคความดันต่ำ,"normalized text recurrence, not independently verified persuasion template"
47b9bf4311607e8c1295,2,2021;2023,14455;8504,ใช้น้ำนมแม่หยอดตา ช่วยรักษาอาการเจ็บตา เคืองตา,"normalized text recurrence, not independently verified persuasion template"
4888fd6614382d174107,2,2021;2022,14796;12565,ศาลฎีกายกเลิกการฉีดวัคซีนสากลในสหรัฐอเมริกา,"normalized text recurrence, not independently verified persuasion template"
4894a520d012acd17fe9,2,2021;2022,14448;11589,วางโทรศัพท์ติดตัวโดยไม่ปิดอินเทอร์เน็ต มีโอกาสเป็นมะเร็งได้ในไม่ช้า,"normalized text recurrence, not independently verified persuasion template"
4995243a0cb89e5932b5,2,2023;2024,10620;7909,ท้องอืด มือเท้าชา ปวดไมเกรน คือ 3 สัญญาณเตือนมีไขมันช่องท้อง,"normalized text recurrence, not independently verified persuasion template"
4b8069e2bbb90e521935,2,2021;2023,14386;8728,รัฐบาลเรียกเก็บภาษี 7% จากผู้ใช้ paypal,"normalized text recurrence, not independently verified persuasion template"
4cd3a4d665592e80ae5b,2,2021;2022,14534;12002,เบอร์อันตราย หากรับสายจะเป็นการยืนยันสมัครสมาชิก ทำให้เสียเงินทุกเดือน,"normalized text recurrence, not independently verified persuasion template"
4dfca359550e9a6f1760,2,2020;2021,15528;14745,คลิปจากต่างประเทศแนะดื่มน้ำร้อน และหายใจสูดไอน้ำ ช่วยฆ่าเชื้อโควิด-19 ในร่างกาย,"normalized text recurrence, not independently verified persuasion template"
4e45c3d7043a3931b2f7,2,2021;2022,15249;13426,กองสลากฯ ส่งหนังสือโครงการทลายเจ้ามือหวยเถื่อนให้กับประชาชน พร้อมเปิดรับสมาชิกรับเลขล็อคจากภายใน,"normalized text recurrence, not independently verified persuasion template"
52e51473ab9d51227d68,2,2023;2024,10522;7841,มีอาการผิดปกติทางอารมณ์ กระเพาะปัสสาวะเสื่อม ผมร่วง คือไตเริ่มอ่อนแรง,"normalized text recurrence, not independently verified persuasion template"
531d10809bbdc0c57122,2,2020;2022,15705;13428,ดื่มน้ำอัลคาไลน์หรือน้ำด่าง ช่วยป้องกันมะเร็งได้,"normalized text recurrence, not independently verified persuasion template"
5478a233179802ea9fcc,2,2020;2022,16131;13735,สวมรอยใช้ SIM CARD เพื่อแฮกข้อมูล,"normalized text recurrence, not independently verified persuasion template"
57e610545078e0a6dad8,2,2023;2024,10638;7877,เทคนิคแก้ไมเกรนหาย ด้วยลูกโป่งเพียงลูกเดียว,"normalized text recurrence, not independently verified persuasion template"
595adc8fff287b95e821,2,2022;2023,12240;8813,ไม่ขับถ่ายในช่วง ตี 5 - 7 โมงเช้า เป็นเวลาหลายปี เมื่ออายุเยอะจะทำให้ความจำเสื่อม ปวดเข่า และเป็นริดสีดวงทวาร,"normalized text recurrence, not independently verified persuasion template"
59ec44940de6b883ca92,2,2022;2024,12289;7449,ขนส่งเปิดทำใบขับขี่ออนไลน์ สำหรับผู้ที่ไม่เคยมีใบขับขี่มาก่อน ใช้เวลาเพียง 1 ชั่วโมง ผ่านไลน์,"normalized text recurrence, not independently verified persuasion template"
5cdd3e4c3383c1aacf06,2,2021;2023,14216;8850,วิธีช่วยรักษามะเร็งได้ดี คือดื่มน้ำต้มใบและดอกของมะละกอ,"normalized text recurrence, not independently verified persuasion template"
5d3835f37f657ac35ee1,2,2021;2023,15464;10333,คลื่นความถี่ทางอารมณ์ต่ำ ทำให้ติดเชื้อโควิด-19 ได้ง่าย,"normalized text recurrence, not independently verified persuasion template"
5d9b040d63dab5497793,2,2020;2022,15974;12845,กระทรวงมหาดไทย ออกใบอนุญาตย้อนหลังให้สร้างมัสยิด ที่ จ.บึงกาฬ,"normalized text recurrence, not independently verified persuasion template"
5e6b5b0b2289176dd9a6,2,2020;2023,15775;9799,เอื้องหมายนา สุดยอดสมุนไพรรักษาโรคมะเร็ง,"normalized text recurrence, not independently verified persuasion template"
5eb020d0b0e3a0d73238,2,2021;2022,14700;11622,ออกกำลังกายด้วยวิธีแขวนคอปล่อยตัวขาไม่แตะพื้น ช่วยรักษาอาการปวดหลังได้,"normalized text recurrence, not independently verified persuasion template"
5eb35e854d98f871a6e2,2,2023;2024,11328;6489,การเหวี่ยงแขนไปมา ช่วยป้องกันความจำเสื่อม,"normalized text recurrence, not independently verified persuasion template"
5f690410672dec536777,2,2024;2025,20033;18370,สบู่สระผม แก้ผมร่วงได้,"normalized text recurrence, not independently verified persuasion template"
6003d93e843e03086251,2,2021;2022,14685;12638,รับประทานใบป่าช้าเหงาผสมน้ำผึ้ง ช่วยรักษาโควิด-19 ได้,"normalized text recurrence, not independently verified persuasion template"
600cabf1feb9f1c76e77,2,2021;2024,15435;7716,เพิกถอนยาที่มีส่วนผสมของยาฟีนิลโปรปาโนลามีน (PPA),"normalized text recurrence, not independently verified persuasion template"
6087fe20c193f01bb78a,2,2021;2022,14810;14031,"สายด่วน 1668 เมื่อแจ้งไปแล้วจะมีทีมแพทย์จิตอาสาเอายาไปให้และเก็บเงิน 3,600 บาท","normalized text recurrence, not independently verified persuasion template"
613fdda18bd57f3b33fa,2,2021;2024,15139;6353,กินผลิตภัณฑ์วิตามินซี รักษาไข้หวัดได้,"normalized text recurrence, not independently verified persuasion template"
615817762fad2b687ba4,2,2020;2023,15533;9571,สมุนไพรพิลังกาสา รักษาโรคมะเร็ง,"normalized text recurrence, not independently verified persuasion template"
6317a556f0e5608ec150,2,2018;2023,25940;22781,กินขมิ้นชันสกัด แก้สารพัดโรค,"normalized text recurrence, not independently verified persuasion template"
63511792e9cb4d1b7b36,2,2023;2024,10626;7851,วิธีเช็กสำหรับเพศหญิงว่าดื่มแอลกอฮอล์มากเกินไป คือจะร้อนที่ผิว หนาวข้างใน และปวดขาหนีบ,"normalized text recurrence, not independently verified persuasion template"
640fe2980a162d2624ad,2,2021;2022,14755;13062,หน้ากากอนามัยที่ไม่ระบุ VFE จะไม่สามารถป้องกันไวรัสได้,"normalized text recurrence, not independently verified persuasion template"
648363a716d9f455787c,2,2020;2022,15818;13361,ขีดเขียน หรือประทับตราลงบนธนบัตร มีความผิดทางกฎหมาย,"normalized text recurrence, not independently verified persuasion template"
659c785687ef1eb97c73,2,2020;2023,15931;9251,แถบสีท้ายหลอดยาสีฟัน บอกชนิดสารที่ใช้ผลิต,"normalized text recurrence, not independently verified persuasion template"
66fcd5177544161a0009,2,2022;2023,23662;23205,กินวิตามินเอมากไป จะมีผิวเหลืองเหมือนกับคนที่เป็นโรคดีซ่านไหม,"normalized text recurrence, not independently verified persuasion template"
67f7b65ec233d84bf54c,2,2020;2023,15938;9259,ยาสีฟัน ช่วยรักษาสิว,"normalized text recurrence, not independently verified persuasion template"
67fb215dd459385c7c67,2,2023;2024,10591;7859,3 วิธี หลีกเลี่ยงการเสียชีวิตกะทันหันในตอนกลางคืน แนะนำโดยแพทย์,"normalized text recurrence, not independently verified persuasion template"
68ad52fb00c41686d875,2,2021;2022,15235;11591,ยาแอสไพรินสามารถใช้โรยแผล ทำให้แผลหายได้,"normalized text recurrence, not independently verified persuasion template"
68cf84260cc5b4a1c56b,2,2022;2023,12491;9899,กรมสรรพากรให้เจ้าหน้าที่ทักไลน์มาแนะนำขั้นตอนการขอรับเงินคืน หากจ่ายภาษีเกินยอดที่ต้องชำระ,"normalized text recurrence, not independently verified persuasion template"
69d8a991668851d26fd0,2,2022;2023,12279;10829,เพจเฟซบุ๊กสำนักงาน ก.ล.ต. ขอบคุณความคิดริเริ่มในการแจกคริปโทเคอร์เรนซี,"normalized text recurrence, not independently verified persuasion template"
6aca769cbfe8a66763f1,2,2023;2024,21652;21308,วุ้นมะพร้าวทำจากกระดาษหรือพลาสติก,"normalized text recurrence, not independently verified persuasion template"
6b8fd20e1570769d1f69,2,2020;2022,15841;13321,แบงค์พันปลอม หมายเลขเดียวกัน จากต่างประเทศระบาดเข้าไทย,"normalized text recurrence, not independently verified persuasion template"
6d0f2de4ac8e544b9a94,2,2018;2024,25893;20681,กินดอกกระถินตูมๆ วันละ 10 ดอกรักษาโรควุ้นในตาเสื่อมได้,"normalized text recurrence, not independently verified persuasion template"
6da6aeca993c9345cf8c,2,2023;2024,10480;7813,หากมองไม่เห็นตัวเลขในภาพ จะมีปัญหาสุขภาพ,"normalized text recurrence, not independently verified persuasion template"
6dce07816059d9568291,2,2021;2022,15385;11728,สปสช. เพิ่มช่องทางตรวจสอบสิทธิทางไลน์ ชื่อ check-sith,"normalized text recurrence, not independently verified persuasion template"
6ec6b7d498b8b95cc691,2,2022;2024,12986;7708,สำนักงานสลากกินแบ่งรัฐบาล เผยเลขลับเฉพาะวงในทุกงวด,"normalized text recurrence, not independently verified persuasion template"
70bf4ee2a6e56847b2e6,2,2023;2025,22245;18477,เขาบอกว่า เครื่องช่วยหายใจทำให้น้ำท่วมปอดเสียชีวิต,"normalized text recurrence, not independently verified persuasion template"
7284128e0cd6f53d3970,2,2015;2024,26640;19919,ครีมเทียมอันตราย,"normalized text recurrence, not independently verified persuasion template"
72f554da5bd794e7d6c5,2,2023;2024,8936;7649,ห้ามกินลูกพลับกับนมเปรี้ยวและกล้วยหอม เพราะจะทำให้เป็นพิษต่อร่างกาย,"normalized text recurrence, not independently verified persuasion template"
734db10079b8f7296a4f,2,2021;2022,14426;12788,"ออมสิน เปิดสินเชื่อ QR รายวัน กู้ได้ 50,000 บาท อนุมัติทุกอาชีพ","normalized text recurrence, not independently verified persuasion template"
7542610791c665c38805,2,2020;2022,16271;13357,ป้องกันโควิด-19 ด้วยผ้าอนามัยประกบกับหน้ากาก,"normalized text recurrence, not independently verified persuasion template"
75c156034d8e5ae9e6b0,2,2023;2024,10147;7950,ผลิตภัณฑ์ OVISURE GOLD บรรเทาอาการปวดข้อ ปวดไหล่ อาการเหน็บชา ป้องกันความเสื่อมและโรคกระดูกพรุน ฟื้นฟูข้อต่อและเสริมสร้างกระดูกอ่อน เสริมสร้างภูมิต้านทาน เห็นผลหลังใช้ 7 วัน,"normalized text recurrence, not independently verified persuasion template"
7667ec9cb063494fdd24,2,2023;2024,10622;7900,อาการใจสั่น ประจำเดือนมาน้อย ทิ้งไว้เรื้อรัง ทำให้เสี่ยงหัวใจขาดเลือด,"normalized text recurrence, not independently verified persuasion template"
76b8354f8bd006f102cb,2,2022;2024,23713;20108,ไมยราบ หญ้าวิเศษแก้ได้หลายโรค,"normalized text recurrence, not independently verified persuasion template"
79180b00522c2615dd58,2,2021;2022,14992;13782,ผลิตภัณฑ์ซักผ้าขาวผสมผลิตภัณฑ์ล้างห้องน้ำ ทำให้ขจัดคราบได้ง่ายขึ้น,"normalized text recurrence, not independently verified persuasion template"
7964e89953e01268a788,2,2022;2024,11867;7565,กินยาฟอกเลือดสามารถช่วยฝ้าจาง ผิวดีขึ้น,"normalized text recurrence, not independently verified persuasion template"
79b86f9db734d2867b26,2,2021;2023,15432;8666,พอกหน้าด้วยยาแอสไพริน ทำให้หน้าขาวใส,"normalized text recurrence, not independently verified persuasion template"
7a2a9d7dbbb29216fe8b,2,2020;2022,15639;13713,อุปกรณ์ Power Factor Saver ช่วยประหยัดค่าไฟฟ้าสูงสุด 50% โดยไม่ผิดกฎหมาย,"normalized text recurrence, not independently verified persuasion template"
7a337846b101fba64a08,2,2019;2023,25544;21833,9 วิธีล้างผักลดสารพิษตกค้าง,"normalized text recurrence, not independently verified persuasion template"
7aeb874c89da6f34f465,2,2021;2022,14488;13043,"ธ.กรุงไทย ให้ยืม 30,000 บาท สมัครง่าย รับเงินผ่านตู้ ATM","normalized text recurrence, not independently verified persuasion template"
7c5631950f7fde8a1997,2,2023;2024,8710;7174,รัฐบาลเก็บภาษีรถกระบะ 2 ประตู หรือ กระบะแค็บ เท่า 4 ประตู,"normalized text recurrence, not independently verified persuasion template"
7c6565d2709c9cdc6921,2,2020;2022,15987;13405,น้ำมะระขี้นกร้อน สามารถรักษาโรคมะเร็งได้ทุกชนิด,"normalized text recurrence, not independently verified persuasion template"
7c7ba54b003ccd7a147b,2,2020;2023,15664;11228,สารกันบูดในปลาทูนึ่ง หากสัมผัสโดนจะเป็นมะเร็งผิวหนัง,"normalized text recurrence, not independently verified persuasion template"
7c8f3cfb739363ec27fa,2,2021;2022,14583;12551,ขายหมูที่แผงตนเอง ต้องนำหมูของซีพีมาขาย 50% ไม่อย่างนั้นจะผิดกฎหมาย,"normalized text recurrence, not independently verified persuasion template"
7dbda2db22f3e7cfd55b,2,2023;2024,10241;7559,พบสารไตรโคลซานในลิปสติก ยาสีฟันและสบู่ ทำให้หัวใจเต้นช้าลงและดื้อยา,"normalized text recurrence, not independently verified persuasion template"
7dda691426c86b91b784,2,2018;2024,25841;20753,ขึ้นฉ่ายผสมมะนาว ลดน้ำตาลในเลือดผู้ป่วยเบาหวาน,"normalized text recurrence, not independently verified persuasion template"
7e31c1a31d9ab7c31593,2,2020;2024,15773;8106,กินเม็ดชานมไข่มุก เสี่ยงเป็นมะเร็ง,"normalized text recurrence, not independently verified persuasion template"
7e79843cc44ceae7632c,2,2022;2023,11626;8684,ผู้ป่วยโรคมะเร็ง ห้ามรับประทานปลา เพราะโปรตีนจากปลาทำให้เกิดการอักเสบระดับเซลล์​ ไตทำงานหนัก​ เลือดเป็นกรด​,"normalized text recurrence, not independently verified persuasion template"
7f04d6d6e1e1c0b07baf,2,2017;2025,26030;19405,กินหมูกระทะเสี่ยงเป็นนิ่วในถุงน้ำดี,"normalized text recurrence, not independently verified persuasion template"
81191c2bfa559091b126,2,2020;2022,16070;13336,หากโดนยึดใบขับขี่ จะไม่ได้คืน! ต้องไปสอบใหม่,"normalized text recurrence, not independently verified persuasion template"
81b14d9cdb27da4b2290,2,2020;2023,15607;10980,ล้างหน้าด้วยไฮเตอร์ ทำให้หน้าขาวใส,"normalized text recurrence, not independently verified persuasion template"
82d3df5a992dd3c6de70,2,2020;2022,16025;13862,หม้อทอดไร้น้ำมันใช้ปรุงอาหาร ทำให้ก่อมะเร็ง,"normalized text recurrence, not independently verified persuasion template"
8366c409085846721e5e,2,2023;2024,10694;7888,ปวดประจำเดือน เพราะมีเลือดน้อย ไม่มากพอจะขับของเสียออกหมด จนทำให้ร่างกายปวดเกร็งกว่าปกติ,"normalized text recurrence, not independently verified persuasion template"
839ab607ff3529708e13,2,2021;2022,15300;12651,เงินสินสอดจากงานแต่ง ต้องเสียภาษีในอัตราร้อยละ 5 ของมูลค่าทรัพย์สิน,"normalized text recurrence, not independently verified persuasion template"
84df605ea7fc9ad3cdc7,2,2016;2023,26558;22736,ระวังกล้วยฉีดเลือดเอดส์,"normalized text recurrence, not independently verified persuasion template"
856da4b98c31eb40e3bd,2,2023;2024,11335;6490,เริมที่ปากแก้ได้ด้วยการดื่มน้ำจากเปลือกไข่ไก่,"normalized text recurrence, not independently verified persuasion template"
869a061a3a3277b6a49e,2,2023;2024,10982;6235,สมองสามารถผลิตเซลล์ขึ้นใหม่ได้ เรียกว่า “การกำเนิดประสาท”,"normalized text recurrence, not independently verified persuasion template"
870834fbcfdeabdd0c66,2,2023;2024,10552;7871,รสชาติน้ำลายที่เปลี่ยนไป บอกปัญหาสุขภาพได้,"normalized text recurrence, not independently verified persuasion template"
8768963be49351e88138,2,2022;2023,23670;23134,การถอดเล็บเป็นเพียง หนึ่งในการรักษาเชื้อราที่เล็บ,"normalized text recurrence, not independently verified persuasion template"
87e7a8342dc4eb45ffac,2,2022;2024,13520;6355,น้ำสับปะรดปั่นและน้ำใบย่านางปั่น ป้องกันและรักษาเส้นเลือดสมองตีบ,"normalized text recurrence, not independently verified persuasion template"
89509b4de56273848db7,2,2020;2022,15912;12793,ลดหรือยกเลิกจ่ายเงินบำนาญแก่ข้าราชการบำนาญ,"normalized text recurrence, not independently verified persuasion template"
8a3bdcc5df654e25e19d,2,2022;2024,13229;7501,ตำรวจเตือน มีแก๊งค้าอวัยวะระบาดในประเทศไทย,"normalized text recurrence, not independently verified persuasion template"
8a45a286ecd3c77c6302,2,2022;2023,11552;9185,กระเทียมโทนสามารถรักษามะเร็งกระเพาะอาหารได้,"normalized text recurrence, not independently verified persuasion template"
8a6bb6c3f53b15bd742d,2,2020;2022,15729;13393,กล้วยสุก ช่วยรักษาโรคไมเกรนได้,"normalized text recurrence, not independently verified persuasion template"
8b363bf25769580b1c27,2,2022;2023,12278;8869,ผู้หญิงมีโอกาสเกิดไตวายสูงมาก หากปล่อยให้กรดยูริกในเลือดสูง,"normalized text recurrence, not independently verified persuasion template"
8ca503a4e34c21ae5dea,2,2022;2024,12084;7577,น้ำมันปลาช่วยต้านปอดอักเสบ,"normalized text recurrence, not independently verified persuasion template"
8de5f96e0678401d99a3,2,2024;2025,19630;18876,ดื่มชาช่วงมีประจำเดือน เสี่ยงมะเร็ง,"normalized text recurrence, not independently verified persuasion template"
8e990d2d9bc6fdef1ba5,2,2019;2023,25326;22348,สมัครใช้พร้อมเพย์ เงินในบัญชีอาจสูญหาย,"normalized text recurrence, not independently verified persuasion template"
8f3a28ee9fc432688e88,2,2020;2022,16497;13672,แจ้งจับ!! ขับต่ำกว่า 90 กม. แช่เลนขวา,"normalized text recurrence, not independently verified persuasion template"
8fb2718e7b26f8f142a7,2,2020;2023,24672;22437,ใช้ที่ตะไบเล็บมาตะไบฟันให้เรียงตัวสวย,"normalized text recurrence, not independently verified persuasion template"
8fcecdc48c717bd8c7ca,2,2018;2023,25736;22417,ผักกระเฉดแคลเซียมสูงสุด มากยิ่งกว่านมสด,"normalized text recurrence, not independently verified persuasion template"
900955111daede22680f,2,2021;2022,14915;12672,สูตรน้ำชีวจิตหรือน้ำอาร์ซี ช่วยต้านและรักษามะเร็งได้,"normalized text recurrence, not independently verified persuasion template"
9270377984ed81ce8765,2,2023;2024,22777;21068,เวลากินองุ่นควรปอกเปลือก,"normalized text recurrence, not independently verified persuasion template"
930d88e9a45655f4b904,2,2021;2022,14378;13307,หากรับบริจาคเลือดจากผู้ที่ฉีดวัคซีนมา จะทำให้ได้รับผลจากวัคซีนดังกล่าวไปด้วย,"normalized text recurrence, not independently verified persuasion template"
9338ad8db6a2aebc74ab,2,2020;2022,15641;11744,ถอดโคเคน มอร์ฟีน ฝิ่น ออกจากยาเสพติดให้โทษ ประชาชนครอบครองได้ ถูกกฎหมาย,"normalized text recurrence, not independently verified persuasion template"
9352092579bf0cb44c17,2,2022;2024,12771;7660,วิธีตรวจเช็กโรคหลอดเลือดสมองด้วยตนเอง,"normalized text recurrence, not independently verified persuasion template"
9535541bbd3d37a98d50,2,2020;2022,16062;13278,บรรจุอิสลามศึกษาเข้าทุกโรงเรียน เพราะเป็นกฎกระทรวง,"normalized text recurrence, not independently verified persuasion template"
9584db4739424a2449eb,2,2020;2022,15684;12785,ยาแอสไพริน พอกหน้าช่วยให้ขาวใส,"normalized text recurrence, not independently verified persuasion template"
95c677cad7990684f438,2,2021;2023,15433;11216,ผลิตภัณฑ์แผ่นแปะเท้า ช่วยเพิ่มความสูงจากเดิม 10-15 เซนติเมตร,"normalized text recurrence, not independently verified persuasion template"
95e6ed906c10721dce48,2,2020;2022,15845;13693,น้ำต้มหญ้างวงช้างและอ้อยดำ รักษามะเร็งปอด,"normalized text recurrence, not independently verified persuasion template"
96ec7d7af087e8928221,2,2021;2024,15265;7958,เมื่อท้องเสีย ต้องกินยาหยุดถ่ายเพื่อช่วยฆ่าเชื้อ,"normalized text recurrence, not independently verified persuasion template"
977804fe073a5388f838,2,2017;2025,26209;18478,รูปหัวจ่ายในไมล์รถบอกตำแหน่งฝาถังได้,"normalized text recurrence, not independently verified persuasion template"
981878615f1af04489ef,2,2020;2022,16439;12910,มัสยิดเกิน 100 แห่ง ทั่วเมืองเชียงใหม่,"normalized text recurrence, not independently verified persuasion template"
98438d1b54b3536ac9d3,2,2020;2023,15588;11052,กินผลไม้ที่มีฤทธิ์เป็นด่าง ฆ่าเชื้อโควิด-19 ได้,"normalized text recurrence, not independently verified persuasion template"
98bcaaa9f720b22022d9,2,2022;2023,12263;8826,เจ้าหน้าที่กรมสรรพากรโทรติดต่อร้านค้าที่เข้าร่วมคนละครึ่งเรื่องภาษี และให้แอดไลน์เพื่อส่งลิงก์ให้กดยืนยัน,"normalized text recurrence, not independently verified persuasion template"
9951e059c487a1fbbf64,2,2023;2024,10537;7861,ดื่มน้ำเย็นตอนอากาศร้อนถึง 40 องศา หลอดเลือดเล็กอาจปริหรือระเบิดได้,"normalized text recurrence, not independently verified persuasion template"
9953d623551188ce9817,2,2016;2025,26425;18513,11 อาหารอันตราย ห้ามอุ่นซ้ำ,"normalized text recurrence, not independently verified persuasion template"
99a4d634cc16889cf50f,2,2021;2022,15399;11595,เมล็ดปลาไหลเผือก รักษาโรคมะเร็ง,"normalized text recurrence, not independently verified persuasion template"
9b4b8abdd4b8c43966cf,2,2022;2024,12369;6444,"ออสเตรเลียรับสมัครคนทำสวน ที่พักฟรี รายได้สูง 80,000 บาท","normalized text recurrence, not independently verified persuasion template"
9b9e350fe75036ba75ca,2,2021;2024,15406;7940,กระทรวงแรงงาน ปลดล็อก 5 อาชีพ ให้แรงงานต่างชาติ,"normalized text recurrence, not independently verified persuasion template"
9bec6e6d770f729cb5f8,2,2017;2023,26110;22414,กีวี 5 ผล ช่วยรักษาแผลในปาก,"normalized text recurrence, not independently verified persuasion template"
9c50f347e234a4e43fd5,2,2021;2022,14224;13055,อยู่ใกล้บริเวณเสาส่งสัญญาณ 5G ทำให้ป่วย คล้ายการติดเชื้อไวรัส,"normalized text recurrence, not independently verified persuasion template"
9c635ab34291d993b179,2,2021;2025,24301;18776,ความเครียดทำให้เส้นเลือดฝอยในตาแตก,"normalized text recurrence, not independently verified persuasion template"
9ca84ca1b2b03721804f,2,2021;2022,14319;13113,ประกันสังคมเปิดโครงการรัฐ ม.40 ปล่อยสินเชื่อผ่อนสบายสูงสุด 36 เดือน,"normalized text recurrence, not independently verified persuasion template"
9d4001dcbae4bff1417b,2,2022;2023,13715;10427,ศาลโลกสั่งให้ทุกประเทศ หยุดฉีดวัคซีนโควิด 19,"normalized text recurrence, not independently verified persuasion template"
a0900351b05abc29c3f0,2,2021;2022,14975;12932,ฉีดวัคซีนโควิด-19 ไม่เกิน 1 เดือน ห้ามฉีดยาชา,"normalized text recurrence, not independently verified persuasion template"
a09d192aaee14a3d35e0,2,2021;2022,15228;11644,อสม. เกณฑ์ผู้สูงอายุที่มีโรคประจำตัว ฉีดวัคซีนโควิด-19 เพื่อทดลองยา,"normalized text recurrence, not independently verified persuasion template"
a3fd07e09c6653c98d68,2,2022;2023,12723;11402,การเปิดไฟนอนส่งผลเสียต่อร่างกาย,"normalized text recurrence, not independently verified persuasion template"
a48b8701dac75d87fd0a,2,2021;2024,15387;6672,ต้มน้ำประปา สามารถลดความเค็มได้,"normalized text recurrence, not independently verified persuasion template"
a4a7d21c16a43510b3dd,2,2023;2024,10503;7836,3 สัญญาณเตือน ไขมันพอกตับ,"normalized text recurrence, not independently verified persuasion template"
a5197ab2c1fa62c9f531,2,2016;2025,26390;18623,เตือนขับรถทับเศษผ้า เสี่ยงรถคว่ำ,"normalized text recurrence, not independently verified persuasion template"
aa8392841ae255312477,2,2022;2024,12065;8214,เสพกัญชาทำให้เชื้อโควิด 19 ฝังตัวไม่ได้,"normalized text recurrence, not independently verified persuasion template"
aace6feb6f59e6092473,2,2022;2024,14028;8063,การดื่มน้ำเย็น หรือเครื่องดื่มเย็น หลังรับประทานอาหาร เสี่ยงเป็นโรคมะเร็ง,"normalized text recurrence, not independently verified persuasion template"
aad3ee7138f74143fe8a,2,2022;2023,13419;9342,คณบดีศิริราชและผู้อำนวยการศูนย์วิจัยคลินิก ขายผลิตภัณฑ์ Oclarizin เพื่อแก้ปัญหาสายตา,"normalized text recurrence, not independently verified persuasion template"
abe61fa3782f756a68dd,2,2022;2024,13243;7770,มีรอยจุดสีขาวบนเล็บ เป็นสัญญาณเตือนของการติดเชื้อราที่เล็บ และร่างกายขาดแร่ธาตุ,"normalized text recurrence, not independently verified persuasion template"
ac9e348c274d2e11dc3c,2,2022;2024,12235;7410,แผ่นแปะช่วยการนอนหลับได้ผลทันทีหลังใช้งาน โดยสถาบันประสาทวิทยา,"normalized text recurrence, not independently verified persuasion template"
ada05a74c8f92c0feea8,2,2020;2022,15838;13573,4 สมุนไพร ใช้แก้ผมหงอก,"normalized text recurrence, not independently verified persuasion template"
afe0a4ae35877459399b,2,2023;2024,10686;7892,ทำงานในห้องแอร์เสี่ยงเป็นฮีทสโตรกได้ เนื่องจากร่างกายปรับอุณหภูมิไม่ทัน,"normalized text recurrence, not independently verified persuasion template"
b0ab105f236977bb193d,2,2021;2023,14229;10346,เวลาเที่ยงคืนถึงตี 3 รังสีคอสมิกเข้าใกล้โลก หากเปิดมือถือไว้ร่างกายจะได้รับอันตราย,"normalized text recurrence, not independently verified persuasion template"
b281065672457528b8ef,2,2020;2024,15824;8115,มะนาวโซดารักษาโรคมะเร็ง,"normalized text recurrence, not independently verified persuasion template"
b2ceca2fa21b0b780a21,2,2020;2022,15783;13305,เบอร์โทรอันตรายจากกรมบัญชีกลาง แจ้งโอนเงินเบี้ยยังชีพ,"normalized text recurrence, not independently verified persuasion template"
b32235a4933af68f10d9,2,2022;2024,13901;8025,ผู้ถือบัตรสวัสดิการแห่งรัฐ ขอสินเชื่อที่ ธ.กรุงไทยได้รายละ 5 หมื่นบาท แบบไม่ต้องมีคนค้ำ,"normalized text recurrence, not independently verified persuasion template"
b39a7fc910cd21114917,2,2022;2024,12866;7677,ใช้น้ำปัสสาวะหยอดจมูก สามารถลดความร้อนในโพรงจมูกและไม่ทำให้น้ำมูกแข็งตัว และหยอดตาเพื่อรักษาโรคทางตาทุกชนิด,"normalized text recurrence, not independently verified persuasion template"
b469e94da1b3d5cb7d10,2,2021;2023,15367;11114,ดื่มน้ำต้มใบและดอกมะละกอ ช่วยรักษามะเร็ง,"normalized text recurrence, not independently verified persuasion template"
b5a3c5a6e68d275a3b86,2,2021;2022,14576;13382,แป้งหมี่ ทำให้ไม่มีรอยแผลพุพองหรือรอยแดง จากแผลน้ำร้อนลวก แผลไฟไหม้,"normalized text recurrence, not independently verified persuasion template"
b60df9c860d8b66fc862,2,2020;2022,15943;12807,น้ำทับทิม รักษาอาการต้อเนื้อ ต้อลม ต้อกระจก,"normalized text recurrence, not independently verified persuasion template"
b6f753caa05750f077d9,2,2021;2023,15184;10176,เชื้อไวรัสโควิด-19 ที่ระบาด มาพร้อมกับโรคติดต่อของหมู,"normalized text recurrence, not independently verified persuasion template"
b765ea5b2fa7523bd352,2,2021;2022,14423;13128,ถอดวันออกพรรษาจากวันหยุดนักขัตฤกษ์ เพื่อลดความสำคัญทางพุทธศาสนา,"normalized text recurrence, not independently verified persuasion template"
b7ecde76795607b76fac,2,2022;2023,23563;23258,กระเทียม อาหารบำรุงไต ชะลอไตเสื่อม,"normalized text recurrence, not independently verified persuasion template"
b886f7f314a27924384a,2,2023;2024,10618;7905,9 อาการที่จะทำให้เป็นโรคหัวใจระยะแรก,"normalized text recurrence, not independently verified persuasion template"
b9d0317633a7affdf3b1,2,2022;2024,13569;8003,มีติ่งเนื้อขึ้นบริเวณคอ แขน ข้อมือ เสี่ยงป่วยเป็นโรคอ้วน โรคเบาหวาน โรคหัวใจ และไขมันในเลือดสูง,"normalized text recurrence, not independently verified persuasion template"
bbab1b4861e324ff11e7,2,2021;2023,14475;8623,ปตท. รายได้สูงถึง 3 ล้านล้านบาท/ปี แต่นำส่งเข้ารัฐแค่ 1% เท่านั้น,"normalized text recurrence, not independently verified persuasion template"
bca607c1e16f71469985,2,2021;2022,14922;12093,สูตรฆ่าเชื้อไวรัสโควิด-19 ด้วยการสูดไอน้ำสมุนไพร,"normalized text recurrence, not independently verified persuasion template"
bcdc566cab08f828e81b,2,2023;2024,10492;7826,สัญญาณเตือน ตับทำงานหนักมากเกินไป,"normalized text recurrence, not independently verified persuasion template"
bd3362682c4c913fc0a4,2,2021;2022,15268;11628,เทน้ำอัดลมใส่เนื้อหมูสด ทำให้หนอนหรือพยาธิออกจากเนื้อหมู,"normalized text recurrence, not independently verified persuasion template"
bdcf793906f294d96f21,2,2021;2022,15200;13512,คลิปเสียงหมอศิริราช แนะนำกินยาเขียว เพื่อรักษาโควิด-19,"normalized text recurrence, not independently verified persuasion template"
be35903a263a206c3e3e,2,2022;2023,12033;10646,หมากพลูช่วยต้านมะเร็ง และลดกลิ่นปาก,"normalized text recurrence, not independently verified persuasion template"
bedde6fefc72b3a17ded,2,2023;2024,10630;7855,ดื่มน้ำเยอะแต่ปัสสาวะร้อน เพราะท้องผูกเรื้อรัง จนภายในร่างกายอักเสบ,"normalized text recurrence, not independently verified persuasion template"
bfc989ef3336b5fb066f,2,2017;2023,26034;21905,สูตรกาแฟผสมนมเปรี้ยวไล่แมลงได้ทั้งสวน,"normalized text recurrence, not independently verified persuasion template"
c0da0e4bff2e3a5d8d62,2,2020;2023,16036;11313,กรอกแบบสอบถามจากไปรษณีย์ไทย ลุ้นรับของรางวัลสุดพิเศษ,"normalized text recurrence, not independently verified persuasion template"
c1a4e4dbfc1ae45f8fcc,2,2021;2024,15056;7684,ป้องกันการติดโรคโควิด-19 ด้วยการฉีดวัคซีนปอดอักเสบ,"normalized text recurrence, not independently verified persuasion template"
c55317e7b4dfc93d2ff2,2,2021;2023,14393;8726,ปตท. แยกธุรกิจ PTTOR ให้เป็นเอกชนเต็มตัว เพื่อให้ขึ้นราคาน้ำมันได้ง่าย,"normalized text recurrence, not independently verified persuasion template"
c594286b99788259e39c,2,2021;2023,14689;8611,"กลุ่มเปราะบางทั้งประเทศรับเงินเยียวยาคนละ 3,000 บาท โดยไม่ต้องลงทะเบียนใหม่","normalized text recurrence, not independently verified persuasion template"
c70ebab644ae526b46c4,2,2017;2024,26234;20075,แก้วมังกรสารพัดประโยชน์,"normalized text recurrence, not independently verified persuasion template"
c71b7b77d17d06c88f74,2,2021;2024,15259;7675,รักษาโรคเริมได้ ด้วยการกินกระเทียม,"normalized text recurrence, not independently verified persuasion template"
c75a235adff2f373501e,2,2023;2024,11360;8498,ธาตุเหล็กจากพืชร่างกายจะสามารถดูดซึมได้ดีกว่าธาตุเหล็กจากเนื้อสัตว์,"normalized text recurrence, not independently verified persuasion template"
c801bb6932a726c675ce,2,2021;2024,14920;6348,หากสูดดมสารอะซีโตนในน้ำยาล้างเล็บเข้าไป จะก่อกวนฮอร์โมนเพศหญิง ทำให้รอบเดือนมีความผิดปกติ,"normalized text recurrence, not independently verified persuasion template"
c9c67be111dccafd529d,2,2021;2022,14580;12545,ตลาดสดใน อ.สังขะ,"normalized text recurrence, not independently verified persuasion template"
cbab8688888895f07963,2,2022;2024,13559;7990,ไปรษณีย์ไทยประกาศรับสมัคร และคัดเลือกบุคคลเพื่อบรรจุเป็นพนักงานไปรษณีย์ไทย,"normalized text recurrence, not independently verified persuasion template"
cd91c1ddfdf03a7b79bd,2,2023;2024,11347;8418,ผู้มีอารมณ์ด้านลบบ่อย เศร้าหมอง ดื่มน้ำน้อย ความถี่ต่ำ จะติดเชื้อโควิด 19 ได้ง่าย,"normalized text recurrence, not independently verified persuasion template"
d0307499312ac8d31f1c,2,2020;2023,15698;11150,สธ. เตือนประชาชนระวัง ไข้หวัดใหญ่ระบาด แนะอย่าขาดน้ำ,"normalized text recurrence, not independently verified persuasion template"
d3a3d22c5ec158f050ad,2,2022;2023,12276;11340,บัตรสวัสดิการแห่งรัฐผู้สูงอายุเตรียมรับเงินพิเศษ สามารถกดเป็นเงินสดได้,"normalized text recurrence, not independently verified persuasion template"
d3ba717d0529942dca66,2,2021;2022,14775;12559,ทานเนื้อวัว นมวัว ประจำเลือดมักเป็นกรด จะทำให้เชื้อไวรัสโควิด-19 เจริญเติบโต ได้เป็นอย่างดี,"normalized text recurrence, not independently verified persuasion template"
d3db790d83b3be3fc7f2,2,2017;2023,26147;22110,แปรงสีฟันต้องลวกน้ำร้อนฆ่าเชื้อ,"normalized text recurrence, not independently verified persuasion template"
d42ee68ac7d18b9c7d87,2,2021;2022,14881;12688,เครื่องตรวจวัดออกซิเจนในเลือดที่ปลายนิ้ว ใช้ตรวจหาเชื้อโควิด-19 ในร่างกายได้,"normalized text recurrence, not independently verified persuasion template"
d4728728bf7cead41407,2,2020;2023,15663;10585,มะนาวน้ำผึ้งผสมขิง และว่านหางจระเข้ ดื่มเพื่อลดน้ำหนักได้,"normalized text recurrence, not independently verified persuasion template"
d50a0007ef986c84214a,2,2022;2024,12318;7470,วิธีแก้ไมเกรนให้ลดคาเฟอีน เพิ่มแมกนีเซียม คีโต+IF เพิ่มโซเดียม นวดบริเวณถุงน้ำดี และปรับเอสโตรเจน,"normalized text recurrence, not independently verified persuasion template"
d50c03870ccd72f9e771,2,2017;2025,26320;19464,ห้ามดื่มน้ำอัดลมผสมเครื่องดื่มชูกำลัง,"normalized text recurrence, not independently verified persuasion template"
d5abb3e56730fe8920b5,2,2022;2023,23608;22976,สาเหตุของโรคสะเก็ดเงิน ไม่ได้เกิดจากอาการ น้ำเหลืองเสีย,"normalized text recurrence, not independently verified persuasion template"
d660fe2bc0c3121fd1cb,2,2019;2023,25412;21525,เล่นดินน้ำมันแล้วไม่ล้างมือเป็นหิดได้,"normalized text recurrence, not independently verified persuasion template"
d692d236091064fd7f80,2,2022;2024,11777;7742,ธนบัตรรูปแบบใหม่เป็นแบงก์ปลอม ใช้ชำระหนี้ตามกฎหมายไม่ได้,"normalized text recurrence, not independently verified persuasion template"
d699f630f022e5e1b251,2,2017;2024,26325;19610,กินน้ำมันปาล์มช่วยลดความดัน,"normalized text recurrence, not independently verified persuasion template"
d7a4b05d7f7eb58ba11a,2,2022;2025,13647;3937,ดื่มน้ำขิงร้อนกับมะนาว ทำให้เชื้อโควิด 19 ฝ่อหมด,"normalized text recurrence, not independently verified persuasion template"
d7c6dbf7475678861027,2,2022;2023,11692;8718,คลื่นแผ่จากเสาส่งโทรศัพท์มือถือและคลื่น WiFi เป็นสาเหตุหลัก ๆ ของการก่อมะเร็ง,"normalized text recurrence, not independently verified persuasion template"
d9753353035179e659cd,2,2021;2023,15199;10850,"ศาลตัดสิน ไทยแพ้คดีเหมืองทอง ต้องจ่ายเงิน 70,000 ล้านบาท","normalized text recurrence, not independently verified persuasion template"
d9f882ee2703dc00daef,2,2019;2023,25229;22432,คลิปผงชูรสผสมปลาร้า เกิดสิ่งผิดปกติ,"normalized text recurrence, not independently verified persuasion template"
db3426ad14932be431bb,2,2020;2023,16358;11161,รักษาสิว ด้วยยาสีฟัน,"normalized text recurrence, not independently verified persuasion template"
db3a4aad51951063936c,2,2020;2024,15726;8121,น้ำปัสสาวะ สามารถรักษาได้ทุกโรค,"normalized text recurrence, not independently verified persuasion template"
dc99f47589cdc012dc57,2,2023;2024,11243;6500,เครื่องผลิตไข่ปลอม กำลังนำเข้าสู่ประเทศไทยตามชายแดน,"normalized text recurrence, not independently verified persuasion template"
dcb824e1b94493ae7af7,2,2020;2023,15680;11175,เสลดพังพอนตัวผู้ ใช้รักษาโรคมะเร็งเต้านม,"normalized text recurrence, not independently verified persuasion template"
de35b21869bcd1563d66,2,2021;2023,15444;10766,ส่งข้อความทักทายเป็นรูปหรือภาพเคลื่อนไหว ทำให้ถูกล้วงข้อมูลส่วนตัวได้,"normalized text recurrence, not independently verified persuasion template"
de6c477194c7fd09f4cb,2,2020;2023,15692;10577,แก้ผมหงอกได้ด้วยว่านหางจระเข้  ใบบัวบก ใบฝรั่ง และบอระเพ็ด,"normalized text recurrence, not independently verified persuasion template"
de86c225e39d6c163bba,2,2021;2022,14237;13608,ขัดผิวแบบแห้ง ช่วยถอนพิษ รักษาผู้ป่วยโรคมะเร็งได้,"normalized text recurrence, not independently verified persuasion template"
e1a2ec6edcf12de6bb03,2,2021;2022,14628;12773,กรมขนส่ง บังคับรถแท็กซี่ติดตั้งฉากกั้นโควิด-19 ทุกคัน,"normalized text recurrence, not independently verified persuasion template"
e1fe100365a0de53e84c,2,2023;2024,11050;8170,รักษาโรคมะเร็งได้ด้วยดอกบัวตอง,"normalized text recurrence, not independently verified persuasion template"
e3198bbe09d0ea2451a0,2,2020;2022,15853;13604,งดใช้ตู้ ATM กรุงไทยทุกตู้ ที่ไม่มีไฟกะพริบตรงที่เสียบบัตร,"normalized text recurrence, not independently verified persuasion template"
e32847a2824419068e63,2,2016;2023,26514;22926,คลิปฟ้ารั่ว ฝนตกจุดเดียว,"normalized text recurrence, not independently verified persuasion template"
e36f3c5266c2133223eb,2,2019;2025,25381;18044,กินข้าวคำน้ำคำทำให้อาหารไม่ย่อย,"normalized text recurrence, not independently verified persuasion template"
e4023c78d8a7bd5f932f,2,2020;2022,15661;11688,รักษาโรคหวัด ด้วยการดื่มน้ำผสมเบคกิ้งโซดา,"normalized text recurrence, not independently verified persuasion template"
e423517a7bf8bf7d8873,2,2021;2024,15044;7575,ตากแดดรับวิตามินดี วันละ 20 นาที ฆ่าเชื้อโควิด-19 ได้,"normalized text recurrence, not independently verified persuasion template"
e4b235392b0ab1b52d33,2,2022;2023,12822;11103,ห้ามกินลูกพลับต่อด้วยนมเปรี้ยวและกล้วยหอม จะทำให้เป็นพิษต่อร่างกาย,"normalized text recurrence, not independently verified persuasion template"
e59eb43bc6e6bdf92b57,2,2022;2023,13644;9840,"กรมราชทัณฑ์ ปล่อยนักโทษ 38,000 คน เนื่องในวโรกาสสำคัญต่าง ๆ","normalized text recurrence, not independently verified persuasion template"
e84a8036caa502e2a736,2,2022;2023,13613;11388,วิธีการทำเครื่องดื่ม CDS (Chlorine Dioxide Solution) สามารถกำจัดเชื้อไวรัสได้ทุกชนิด,"normalized text recurrence, not independently verified persuasion template"
e884c8e7683f8c78c310,2,2020;2022,15697;13005,ดื่มน้ำมะขามเปียก ช่วยลดน้ำหนักได้,"normalized text recurrence, not independently verified persuasion template"
e91b527fedcf267515b9,2,2020;2022,16091;12853,หนังสือเรียนวิชาอิสลาม ระบุ ห้ามไหว้ผู้มีพระคุณ เพราะผิดหลักศาสนา,"normalized text recurrence, not independently verified persuasion template"
e9cae11b617757f50690,2,2018;2024,25825;21229,ใบมะขามต้มน้ำรักษาตาขุ่นมัวได้,"normalized text recurrence, not independently verified persuasion template"
e9eff6544e943cbeb0c0,2,2020;2022,15750;12624,น้ำผึ้งผสมหัวหอมช่วยแก้อาการเจ็บคอ,"normalized text recurrence, not independently verified persuasion template"
ea1a245e90510b3edecc,2,2023;2024,10712;7915,แท็กซี่ป้ายว่างสีเขียว ปลอดภัยมากกว่าแท็กซี่ป้ายว่างสีแดง,"normalized text recurrence, not independently verified persuasion template"
ea91dba322fa76dfa03d,2,2020;2023,15782;9808,ผักปลาบ หญ้าปักกิ่ง ใช้รักษาโรคมะเร็ง,"normalized text recurrence, not independently verified persuasion template"
eacabf710d59f4c88c79,2,2023;2024,9628;8202,น้ำปั่นผักและใบไม้สดที่ไม่ผ่านความร้อนช่วยรักษามะเร็งได้,"normalized text recurrence, not independently verified persuasion template"
eb1db30ac406b5aa1d53,2,2023;2024,11173;6233,10 อาหารป้องกันการติดเชื้อไวรัสและไซนัสเรื้อรัง,"normalized text recurrence, not independently verified persuasion template"
ebba059f038b1366f26c,2,2021;2024,15251;7679,ผลิตภัณฑ์ซักผ้าขาวผสมผลิตภัณฑ์ล้างห้องน้ำเพิ่มความแรงในการขจัดคราบ,"normalized text recurrence, not independently verified persuasion template"
ec0ebfad51d830f15da1,2,2021;2022,14308;13525,จ.เชียงใหม่ พบนักศึกษา ม.เชียงใหม่ ติดเชื้อโควิด 19 จำนวนมาก ทำให้ทุกพื้นที่ของเชียงใหม่เสี่ยงหมด,"normalized text recurrence, not independently verified persuasion template"
ece046e8c36bac2ce609,2,2020;2022,16355;13668,ดื่มน้ำปั่นใบไม้สด และผักสดที่ไม่ผ่านความร้อน ช่วยรักษามะเร็ง,"normalized text recurrence, not independently verified persuasion template"
ecfdb589a4d860f17678,2,2020;2023,24912;22709,มะลิสามารถรักษาอาการต่าง ๆ ของดวงตาได้,"normalized text recurrence, not independently verified persuasion template"
ee3d6bb050e9bb1e4d98,2,2021;2022,14919;13170,เอาเล็บนิ้วหัวแม่มือจิกตรงร่อง ระหว่างปากและใต้จมูกช่วยอาการวูบ หมดสติ,"normalized text recurrence, not independently verified persuasion template"
ee9498d314cf639e1380,2,2023;2024,9772;6287,"เมื่อเสียชีวิตคนไทยทุกคนจะได้สิทธิรับเงินจาก พม. จำนวน 2,000 บาท","normalized text recurrence, not independently verified persuasion template"
eeadd8cd0d9f9a7aecb4,2,2021;2022,15364;13595,สารเบนซีนถูกปล่อยสู่ห้องโดยสารรถยนต์ เป็นสาเหตุให้เกิดโรคมะเร็ง,"normalized text recurrence, not independently verified persuasion template"
f39048e5cf7e33d37d6e,2,2021;2022,14750;13570,ลอตเตอรี่สัญลักษณ์ผีน้อย และกบไชโย มีโอกาสถูกรางวัลสูงกว่าแบบอื่น,"normalized text recurrence, not independently verified persuasion template"
f397fc3fc25223605511,2,2023;2024,10274;8012,Power Factor Saver ประหยัดค่าไฟฟ้าได้ 50% ไม่ผิดกฎหมาย,"normalized text recurrence, not independently verified persuasion template"
f5dac9e69aa873f7ee6f,2,2022;2023,23525;22894,วิธีแก้ขอบตาดำคล้ำ ประคบด้วยน้ำแข็ง,"normalized text recurrence, not independently verified persuasion template"
f60301785bcb1c197138,2,2021;2022,14223;13629,ใส่ผ้าอนามัยแผ่นเดิมเป็นเวลานานๆ ทำให้เป็นโรคมะเร็งปากมดลูก,"normalized text recurrence, not independently verified persuasion template"
f63450be9a5f4845acc0,2,2023;2024,10673;7948,เจ้าหน้าที่ กฟภ. โทรติดต่อเรื่องคืนเงินค่าไฟฟ้า จากจดหน่วยในมิเตอร์ผิด,"normalized text recurrence, not independently verified persuasion template"
f6f1d9055ce81845ec75,2,2016;2025,26555;18514,เติมน้ำมันเต็มถังเสี่ยงระเบิด,"normalized text recurrence, not independently verified persuasion template"
f7768046543046e88b38,2,2020;2024,15830;8117,น้ำมันมะกอกผสมน้ำมะนาว ล้างพิษตับ กำจัดนิ่วในถุงน้ำดี,"normalized text recurrence, not independently verified persuasion template"
f95a199dd1dfe77735de,2,2021;2022,14258;11481,ผู้ที่ทานเนื้อวัว นมวัว เป็นประจำ จะทำให้เลือดเป็นกรด เชื้อไวรัสโควิด-19 เจริญเติบโตได้ง่าย,"normalized text recurrence, not independently verified persuasion template"
fa0d360095febee25647,2,2020;2023,16011;9642,ดื่มน้ำสมุนไพร แก้โรคมะเร็งในกระดูก,"normalized text recurrence, not independently verified persuasion template"
fa7b05a07ee0b91cf72a,2,2021;2022,14470;13434,พนักงานขนส่ง และ สภ. เชียงใหม่ โทรแจ้งประชาชนว่าพัสดุถูกกรมศุลฯ ระงับไว้ เนื่องจากเป็นของผิดกฎหมาย,"normalized text recurrence, not independently verified persuasion template"
fa8dd797c07686a0452b,2,2020;2022,15595;13606,"กรมทางหลวง แจกเงินผู้เสียชีวิตบนทางหลวง รายละ 15,000 บาท","normalized text recurrence, not independently verified persuasion template"
fa9517affcd5f1f19d72,2,2020;2023,15932;9780,กฟน. จัดโครงการไฟฟ้า ล้างแอร์ช่วยชาติ,"normalized text recurrence, not independently verified persuasion template"
fb8ac13137a6df407c06,2,2021;2022,15183;12614,น้ำยาบ้วนปาก ป้องกันการติดเชื้อโควิด-19 ได้,"normalized text recurrence, not independently verified persuasion template"
fbc3500278397b4a7dbc,2,2020;2022,15901;12814,ศาลรัฐธรรมนูญวินิจฉัย ตราฮาลาลผิดกฎหมาย,"normalized text recurrence, not independently verified persuasion template"
fbce21598e574b2c9abf,2,2022;2024,11587;7213,วิธีการรักษากระดูกทับเส้นโดยไม่ต้องผ่าตัด,"normalized text recurrence, not independently verified persuasion template"
fc1294bca21c98fa2b80,2,2023;2024,11306;8150,ดื่มน้ำต้มตะไคร้ มะตูมแห้งและเกสรบัวหลวงก่อนนอนช่วยความจำดี,"normalized text recurrence, not independently verified persuasion template"
fc6110617138ae7e78ca,2,2021;2023,14782;10508,กรมบัญชีกลาง ให้ข้าราชการบำนาญลงทะเบียน eFiling เพื่อจ่ายบำนาญ และยกเลิกเบิกจ่ายตรง โดยให้ใช้บัตรเครดิต,"normalized text recurrence, not independently verified persuasion template"
