source,year,topic_id,count,denominator,share_pct,partial_year
all,2015,-1,3,65,4.615384615384615,True
all,2015,0,54,65,83.07692307692308,True
all,2015,1,0,65,0.0,True
all,2015,2,0,65,0.0,True
all,2015,3,0,65,0.0,True
all,2015,4,0,65,0.0,True
all,2015,5,1,65,1.5384615384615385,True
all,2015,6,0,65,0.0,True
all,2015,7,0,65,0.0,True
all,2015,8,1,65,1.5384615384615385,True
all,2015,9,0,65,0.0,True
all,2015,10,0,65,0.0,True
all,2015,11,0,65,0.0,True
all,2015,12,0,65,0.0,True
all,2015,13,0,65,0.0,True
all,2015,14,0,65,0.0,True
all,2015,15,0,65,0.0,True
all,2015,16,0,65,0.0,True
all,2015,17,1,65,1.5384615384615385,True
all,2015,18,0,65,0.0,True
all,2015,19,1,65,1.5384615384615385,True
all,2015,20,4,65,6.153846153846154,True
all,2015,21,0,65,0.0,True
all,2015,22,0,65,0.0,True
all,2015,23,0,65,0.0,True
all,2015,24,0,65,0.0,True
all,2015,25,0,65,0.0,True
all,2015,26,0,65,0.0,True
all,2015,27,0,65,0.0,True
all,2015,28,0,65,0.0,True
all,2015,29,0,65,0.0,True
all,2015,30,0,65,0.0,True
all,2015,31,0,65,0.0,True
all,2015,32,0,65,0.0,True
all,2015,33,0,65,0.0,True
all,2015,34,0,65,0.0,True
all,2015,35,0,65,0.0,True
all,2015,36,0,65,0.0,True
all,2015,37,0,65,0.0,True
all,2015,38,0,65,0.0,True
all,2015,39,0,65,0.0,True
all,2015,40,0,65,0.0,True
all,2015,41,0,65,0.0,True
all,2015,42,0,65,0.0,True
all,2015,43,0,65,0.0,True
all,2015,44,0,65,0.0,True
all,2015,45,0,65,0.0,True
all,2015,46,0,65,0.0,True
all,2015,47,0,65,0.0,True
all,2015,48,0,65,0.0,True
all,2015,49,0,65,0.0,True
all,2015,50,0,65,0.0,True
all,2015,51,0,65,0.0,True
all,2015,52,0,65,0.0,True
all,2015,53,0,65,0.0,True
all,2015,54,0,65,0.0,True
all,2015,55,0,65,0.0,True
all,2015,56,0,65,0.0,True
all,2015,57,0,65,0.0,True
all,2015,58,0,65,0.0,True
all,2015,59,0,65,0.0,True
all,2015,60,0,65,0.0,True
all,2015,61,0,65,0.0,True
all,2015,62,0,65,0.0,True
all,2015,63,0,65,0.0,True
all,2016,-1,25,206,12.135922330097088,False
all,2016,0,150,206,72.81553398058253,False
all,2016,1,0,206,0.0,False
all,2016,2,1,206,0.4854368932038835,False
all,2016,3,0,206,0.0,False
all,2016,4,0,206,0.0,False
all,2016,5,2,206,0.970873786407767,False
all,2016,6,0,206,0.0,False
all,2016,7,1,206,0.4854368932038835,False
all,2016,8,0,206,0.0,False
all,2016,9,0,206,0.0,False
all,2016,10,2,206,0.970873786407767,False
all,2016,11,0,206,0.0,False
all,2016,12,0,206,0.0,False
all,2016,13,2,206,0.970873786407767,False
all,2016,14,0,206,0.0,False
all,2016,15,0,206,0.0,False
all,2016,16,0,206,0.0,False
all,2016,17,0,206,0.0,False
all,2016,18,0,206,0.0,False
all,2016,19,3,206,1.4563106796116505,False
all,2016,20,10,206,4.854368932038835,False
all,2016,21,0,206,0.0,False
all,2016,22,0,206,0.0,False
all,2016,23,0,206,0.0,False
all,2016,24,0,206,0.0,False
all,2016,25,0,206,0.0,False
all,2016,26,0,206,0.0,False
all,2016,27,1,206,0.4854368932038835,False
all,2016,28,0,206,0.0,False
all,2016,29,0,206,0.0,False
all,2016,30,1,206,0.4854368932038835,False
all,2016,31,0,206,0.0,False
all,2016,32,1,206,0.4854368932038835,False
all,2016,33,2,206,0.970873786407767,False
all,2016,34,0,206,0.0,False
all,2016,35,0,206,0.0,False
all,2016,36,0,206,0.0,False
all,2016,37,0,206,0.0,False
all,2016,38,0,206,0.0,False
all,2016,39,0,206,0.0,False
all,2016,40,0,206,0.0,False
all,2016,41,0,206,0.0,False
all,2016,42,1,206,0.4854368932038835,False
all,2016,43,0,206,0.0,False
all,2016,44,0,206,0.0,False
all,2016,45,0,206,0.0,False
all,2016,46,1,206,0.4854368932038835,False
all,2016,47,0,206,0.0,False
all,2016,48,0,206,0.0,False
all,2016,49,0,206,0.0,False
all,2016,50,0,206,0.0,False
all,2016,51,0,206,0.0,False
all,2016,52,0,206,0.0,False
all,2016,53,0,206,0.0,False
all,2016,54,0,206,0.0,False
all,2016,55,1,206,0.4854368932038835,False
all,2016,56,0,206,0.0,False
all,2016,57,1,206,0.4854368932038835,False
all,2016,58,0,206,0.0,False
all,2016,59,0,206,0.0,False
all,2016,60,1,206,0.4854368932038835,False
all,2016,61,0,206,0.0,False
all,2016,62,0,206,0.0,False
all,2016,63,0,206,0.0,False
all,2017,-1,14,257,5.447470817120623,False
all,2017,0,220,257,85.60311284046692,False
all,2017,1,0,257,0.0,False
all,2017,2,2,257,0.7782101167315175,False
all,2017,3,0,257,0.0,False
all,2017,4,0,257,0.0,False
all,2017,5,2,257,0.7782101167315175,False
all,2017,6,0,257,0.0,False
all,2017,7,1,257,0.38910505836575876,False
all,2017,8,0,257,0.0,False
all,2017,9,0,257,0.0,False
all,2017,10,0,257,0.0,False
all,2017,11,0,257,0.0,False
all,2017,12,0,257,0.0,False
all,2017,13,2,257,0.7782101167315175,False
all,2017,14,1,257,0.38910505836575876,False
all,2017,15,0,257,0.0,False
all,2017,16,0,257,0.0,False
all,2017,17,0,257,0.0,False
all,2017,18,1,257,0.38910505836575876,False
all,2017,19,3,257,1.1673151750972763,False
all,2017,20,3,257,1.1673151750972763,False
all,2017,21,0,257,0.0,False
all,2017,22,0,257,0.0,False
all,2017,23,2,257,0.7782101167315175,False
all,2017,24,0,257,0.0,False
all,2017,25,0,257,0.0,False
all,2017,26,0,257,0.0,False
all,2017,27,0,257,0.0,False
all,2017,28,0,257,0.0,False
all,2017,29,0,257,0.0,False
all,2017,30,0,257,0.0,False
all,2017,31,0,257,0.0,False
all,2017,32,1,257,0.38910505836575876,False
all,2017,33,2,257,0.7782101167315175,False
all,2017,34,0,257,0.0,False
all,2017,35,0,257,0.0,False
all,2017,36,0,257,0.0,False
all,2017,37,0,257,0.0,False
all,2017,38,0,257,0.0,False
all,2017,39,0,257,0.0,False
all,2017,40,0,257,0.0,False
all,2017,41,0,257,0.0,False
all,2017,42,0,257,0.0,False
all,2017,43,0,257,0.0,False
all,2017,44,0,257,0.0,False
all,2017,45,0,257,0.0,False
all,2017,46,0,257,0.0,False
all,2017,47,0,257,0.0,False
all,2017,48,0,257,0.0,False
all,2017,49,0,257,0.0,False
all,2017,50,0,257,0.0,False
all,2017,51,1,257,0.38910505836575876,False
all,2017,52,0,257,0.0,False
all,2017,53,0,257,0.0,False
all,2017,54,1,257,0.38910505836575876,False
all,2017,55,0,257,0.0,False
all,2017,56,0,257,0.0,False
all,2017,57,0,257,0.0,False
all,2017,58,0,257,0.0,False
all,2017,59,0,257,0.0,False
all,2017,60,1,257,0.38910505836575876,False
all,2017,61,0,257,0.0,False
all,2017,62,0,257,0.0,False
all,2017,63,0,257,0.0,False
all,2018,-1,5,270,1.8518518518518519,False
all,2018,0,244,270,90.37037037037037,False
all,2018,1,0,270,0.0,False
all,2018,2,0,270,0.0,False
all,2018,3,0,270,0.0,False
all,2018,4,1,270,0.37037037037037035,False
all,2018,5,0,270,0.0,False
all,2018,6,0,270,0.0,False
all,2018,7,0,270,0.0,False
all,2018,8,1,270,0.37037037037037035,False
all,2018,9,0,270,0.0,False
all,2018,10,0,270,0.0,False
all,2018,11,0,270,0.0,False
all,2018,12,0,270,0.0,False
all,2018,13,1,270,0.37037037037037035,False
all,2018,14,0,270,0.0,False
all,2018,15,0,270,0.0,False
all,2018,16,0,270,0.0,False
all,2018,17,0,270,0.0,False
all,2018,18,2,270,0.7407407407407407,False
all,2018,19,4,270,1.4814814814814814,False
all,2018,20,4,270,1.4814814814814814,False
all,2018,21,0,270,0.0,False
all,2018,22,0,270,0.0,False
all,2018,23,3,270,1.1111111111111112,False
all,2018,24,0,270,0.0,False
all,2018,25,0,270,0.0,False
all,2018,26,0,270,0.0,False
all,2018,27,0,270,0.0,False
all,2018,28,0,270,0.0,False
all,2018,29,0,270,0.0,False
all,2018,30,1,270,0.37037037037037035,False
all,2018,31,0,270,0.0,False
all,2018,32,0,270,0.0,False
all,2018,33,1,270,0.37037037037037035,False
all,2018,34,0,270,0.0,False
all,2018,35,0,270,0.0,False
all,2018,36,0,270,0.0,False
all,2018,37,0,270,0.0,False
all,2018,38,0,270,0.0,False
all,2018,39,0,270,0.0,False
all,2018,40,0,270,0.0,False
all,2018,41,0,270,0.0,False
all,2018,42,0,270,0.0,False
all,2018,43,0,270,0.0,False
all,2018,44,0,270,0.0,False
all,2018,45,0,270,0.0,False
all,2018,46,0,270,0.0,False
all,2018,47,0,270,0.0,False
all,2018,48,0,270,0.0,False
all,2018,49,0,270,0.0,False
all,2018,50,0,270,0.0,False
all,2018,51,0,270,0.0,False
all,2018,52,0,270,0.0,False
all,2018,53,0,270,0.0,False
all,2018,54,1,270,0.37037037037037035,False
all,2018,55,2,270,0.7407407407407407,False
all,2018,56,0,270,0.0,False
all,2018,57,0,270,0.0,False
all,2018,58,0,270,0.0,False
all,2018,59,0,270,0.0,False
all,2018,60,0,270,0.0,False
all,2018,61,0,270,0.0,False
all,2018,62,0,270,0.0,False
all,2018,63,0,270,0.0,False
all,2019,-1,30,389,7.712082262210797,False
all,2019,0,294,389,75.57840616966581,False
all,2019,1,0,389,0.0,False
all,2019,2,0,389,0.0,False
all,2019,3,0,389,0.0,False
all,2019,4,0,389,0.0,False
all,2019,5,2,389,0.5141388174807198,False
all,2019,6,0,389,0.0,False
all,2019,7,0,389,0.0,False
all,2019,8,2,389,0.5141388174807198,False
all,2019,9,0,389,0.0,False
all,2019,10,1,389,0.2570694087403599,False
all,2019,11,0,389,0.0,False
all,2019,12,0,389,0.0,False
all,2019,13,1,389,0.2570694087403599,False
all,2019,14,0,389,0.0,False
all,2019,15,0,389,0.0,False
all,2019,16,0,389,0.0,False
all,2019,17,0,389,0.0,False
all,2019,18,1,389,0.2570694087403599,False
all,2019,19,6,389,1.5424164524421593,False
all,2019,20,12,389,3.0848329048843186,False
all,2019,21,2,389,0.5141388174807198,False
all,2019,22,2,389,0.5141388174807198,False
all,2019,23,2,389,0.5141388174807198,False
all,2019,24,0,389,0.0,False
all,2019,25,1,389,0.2570694087403599,False
all,2019,26,0,389,0.0,False
all,2019,27,0,389,0.0,False
all,2019,28,0,389,0.0,False
all,2019,29,0,389,0.0,False
all,2019,30,0,389,0.0,False
all,2019,31,0,389,0.0,False
all,2019,32,2,389,0.5141388174807198,False
all,2019,33,1,389,0.2570694087403599,False
all,2019,34,0,389,0.0,False
all,2019,35,0,389,0.0,False
all,2019,36,0,389,0.0,False
all,2019,37,1,389,0.2570694087403599,False
all,2019,38,0,389,0.0,False
all,2019,39,0,389,0.0,False
all,2019,40,0,389,0.0,False
all,2019,41,0,389,0.0,False
all,2019,42,1,389,0.2570694087403599,False
all,2019,43,2,389,0.5141388174807198,False
all,2019,44,0,389,0.0,False
all,2019,45,0,389,0.0,False
all,2019,46,0,389,0.0,False
all,2019,47,0,389,0.0,False
all,2019,48,0,389,0.0,False
all,2019,49,0,389,0.0,False
all,2019,50,0,389,0.0,False
all,2019,51,1,389,0.2570694087403599,False
all,2019,52,0,389,0.0,False
all,2019,53,0,389,0.0,False
all,2019,54,24,389,6.169665809768637,False
all,2019,55,0,389,0.0,False
all,2019,56,0,389,0.0,False
all,2019,57,0,389,0.0,False
all,2019,58,0,389,0.0,False
all,2019,59,0,389,0.0,False
all,2019,60,0,389,0.0,False
all,2019,61,0,389,0.0,False
all,2019,62,0,389,0.0,False
all,2019,63,1,389,0.2570694087403599,False
all,2020,-1,214,1166,18.353344768439108,False
all,2020,0,468,1166,40.13722126929674,False
all,2020,1,0,1166,0.0,False
all,2020,2,0,1166,0.0,False
all,2020,3,3,1166,0.25728987993138935,False
all,2020,4,102,1166,8.747855917667238,False
all,2020,5,9,1166,0.7718696397941681,False
all,2020,6,0,1166,0.0,False
all,2020,7,126,1166,10.806174957118353,False
all,2020,8,10,1166,0.8576329331046312,False
all,2020,9,0,1166,0.0,False
all,2020,10,2,1166,0.17152658662092624,False
all,2020,11,0,1166,0.0,False
all,2020,12,2,1166,0.17152658662092624,False
all,2020,13,17,1166,1.4579759862778732,False
all,2020,14,5,1166,0.4288164665523156,False
all,2020,15,1,1166,0.08576329331046312,False
all,2020,16,1,1166,0.08576329331046312,False
all,2020,17,4,1166,0.34305317324185247,False
all,2020,18,3,1166,0.25728987993138935,False
all,2020,19,22,1166,1.8867924528301887,False
all,2020,20,14,1166,1.2006861063464838,False
all,2020,21,2,1166,0.17152658662092624,False
all,2020,22,5,1166,0.4288164665523156,False
all,2020,23,0,1166,0.0,False
all,2020,24,0,1166,0.0,False
all,2020,25,0,1166,0.0,False
all,2020,26,1,1166,0.08576329331046312,False
all,2020,27,1,1166,0.08576329331046312,False
all,2020,28,3,1166,0.25728987993138935,False
all,2020,29,2,1166,0.17152658662092624,False
all,2020,30,21,1166,1.8010291595197256,False
all,2020,31,0,1166,0.0,False
all,2020,32,5,1166,0.4288164665523156,False
all,2020,33,15,1166,1.2864493996569468,False
all,2020,34,0,1166,0.0,False
all,2020,35,0,1166,0.0,False
all,2020,36,0,1166,0.0,False
all,2020,37,0,1166,0.0,False
all,2020,38,0,1166,0.0,False
all,2020,39,0,1166,0.0,False
all,2020,40,26,1166,2.229845626072041,False
all,2020,41,0,1166,0.0,False
all,2020,42,6,1166,0.5145797598627787,False
all,2020,43,2,1166,0.17152658662092624,False
all,2020,44,0,1166,0.0,False
all,2020,45,0,1166,0.0,False
all,2020,46,8,1166,0.6861063464837049,False
all,2020,47,0,1166,0.0,False
all,2020,48,0,1166,0.0,False
all,2020,49,1,1166,0.08576329331046312,False
all,2020,50,1,1166,0.08576329331046312,False
all,2020,51,7,1166,0.6003430531732419,False
all,2020,52,0,1166,0.0,False
all,2020,53,0,1166,0.0,False
all,2020,54,12,1166,1.0291595197255574,False
all,2020,55,2,1166,0.17152658662092624,False
all,2020,56,2,1166,0.17152658662092624,False
all,2020,57,2,1166,0.17152658662092624,False
all,2020,58,6,1166,0.5145797598627787,False
all,2020,59,14,1166,1.2006861063464838,False
all,2020,60,19,1166,1.6295025728987993,False
all,2020,61,0,1166,0.0,False
all,2020,62,0,1166,0.0,False
all,2020,63,0,1166,0.0,False
all,2021,-1,289,1299,22.24788298691301,False
all,2021,0,408,1299,31.40877598152425,False
all,2021,1,3,1299,0.23094688221709006,False
all,2021,2,1,1299,0.07698229407236336,False
all,2021,3,33,1299,2.540415704387991,False
all,2021,4,91,1299,7.005388760585065,False
all,2021,5,25,1299,1.924557351809084,False
all,2021,6,3,1299,0.23094688221709006,False
all,2021,7,43,1299,3.310238645111624,False
all,2021,8,15,1299,1.1547344110854503,False
all,2021,9,6,1299,0.4618937644341801,False
all,2021,10,2,1299,0.15396458814472672,False
all,2021,11,0,1299,0.0,False
all,2021,12,15,1299,1.1547344110854503,False
all,2021,13,13,1299,1.0007698229407236,False
all,2021,14,29,1299,2.2324865280985375,False
all,2021,15,1,1299,0.07698229407236336,False
all,2021,16,1,1299,0.07698229407236336,False
all,2021,17,20,1299,1.539645881447267,False
all,2021,18,36,1299,2.771362586605081,False
all,2021,19,24,1299,1.8475750577367205,False
all,2021,20,23,1299,1.7705927636643572,False
all,2021,21,0,1299,0.0,False
all,2021,22,13,1299,1.0007698229407236,False
all,2021,23,4,1299,0.30792917628945343,False
all,2021,24,0,1299,0.0,False
all,2021,25,4,1299,0.30792917628945343,False
all,2021,26,0,1299,0.0,False
all,2021,27,2,1299,0.15396458814472672,False
all,2021,28,0,1299,0.0,False
all,2021,29,4,1299,0.30792917628945343,False
all,2021,30,12,1299,0.9237875288683602,False
all,2021,31,0,1299,0.0,False
all,2021,32,9,1299,0.6928406466512702,False
all,2021,33,15,1299,1.1547344110854503,False
all,2021,34,0,1299,0.0,False
all,2021,35,0,1299,0.0,False
all,2021,36,0,1299,0.0,False
all,2021,37,0,1299,0.0,False
all,2021,38,0,1299,0.0,False
all,2021,39,0,1299,0.0,False
all,2021,40,27,1299,2.0785219399538106,False
all,2021,41,5,1299,0.3849114703618168,False
all,2021,42,19,1299,1.4626635873749039,False
all,2021,43,0,1299,0.0,False
all,2021,44,0,1299,0.0,False
all,2021,45,0,1299,0.0,False
all,2021,46,2,1299,0.15396458814472672,False
all,2021,47,2,1299,0.15396458814472672,False
all,2021,48,43,1299,3.310238645111624,False
all,2021,49,1,1299,0.07698229407236336,False
all,2021,50,0,1299,0.0,False
all,2021,51,13,1299,1.0007698229407236,False
all,2021,52,0,1299,0.0,False
all,2021,53,0,1299,0.0,False
all,2021,54,0,1299,0.0,False
all,2021,55,7,1299,0.5388760585065435,False
all,2021,56,8,1299,0.6158583525789069,False
all,2021,57,1,1299,0.07698229407236336,False
all,2021,58,12,1299,0.9237875288683602,False
all,2021,59,6,1299,0.4618937644341801,False
all,2021,60,9,1299,0.6928406466512702,False
all,2021,61,0,1299,0.0,False
all,2021,62,0,1299,0.0,False
all,2021,63,0,1299,0.0,False
all,2022,-1,241,1899,12.690889942074776,False
all,2022,0,853,1899,44.918378093733544,False
all,2022,1,41,1899,2.159031068983676,False
all,2022,2,21,1899,1.1058451816745656,False
all,2022,3,76,1899,4.002106371774619,False
all,2022,4,51,1899,2.6856240126382307,False
all,2022,5,67,1899,3.5281727224855186,False
all,2022,6,0,1899,0.0,False
all,2022,7,12,1899,0.631911532385466,False
all,2022,8,8,1899,0.421274354923644,False
all,2022,9,13,1899,0.6845708267509215,False
all,2022,10,2,1899,0.105318588730911,False
all,2022,11,2,1899,0.105318588730911,False
all,2022,12,22,1899,1.1585044760400212,False
all,2022,13,20,1899,1.05318588730911,False
all,2022,14,59,1899,3.106898367561875,False
all,2022,15,17,1899,0.8952080042127436,False
all,2022,16,5,1899,0.2632964718272775,False
all,2022,17,43,1899,2.2643496577145865,False
all,2022,18,24,1899,1.263823064770932,False
all,2022,19,25,1899,1.3164823591363877,False
all,2022,20,36,1899,1.8957345971563981,False
all,2022,21,3,1899,0.1579778830963665,False
all,2022,22,25,1899,1.3164823591363877,False
all,2022,23,5,1899,0.2632964718272775,False
all,2022,24,0,1899,0.0,False
all,2022,25,15,1899,0.7898894154818326,False
all,2022,26,7,1899,0.36861506055818855,False
all,2022,27,15,1899,0.7898894154818326,False
all,2022,28,0,1899,0.0,False
all,2022,29,6,1899,0.315955766192733,False
all,2022,30,17,1899,0.8952080042127436,False
all,2022,31,1,1899,0.0526592943654555,False
all,2022,32,5,1899,0.2632964718272775,False
all,2022,33,27,1899,1.4218009478672986,False
all,2022,34,0,1899,0.0,False
all,2022,35,21,1899,1.1058451816745656,False
all,2022,36,0,1899,0.0,False
all,2022,37,4,1899,0.210637177461822,False
all,2022,38,0,1899,0.0,False
all,2022,39,1,1899,0.0526592943654555,False
all,2022,40,8,1899,0.421274354923644,False
all,2022,41,18,1899,0.9478672985781991,False
all,2022,42,12,1899,0.631911532385466,False
all,2022,43,0,1899,0.0,False
all,2022,44,0,1899,0.0,False
all,2022,45,0,1899,0.0,False
all,2022,46,3,1899,0.1579778830963665,False
all,2022,47,0,1899,0.0,False
all,2022,48,5,1899,0.2632964718272775,False
all,2022,49,2,1899,0.105318588730911,False
all,2022,50,7,1899,0.36861506055818855,False
all,2022,51,11,1899,0.5792522380200106,False
all,2022,52,0,1899,0.0,False
all,2022,53,0,1899,0.0,False
all,2022,54,0,1899,0.0,False
all,2022,55,13,1899,0.6845708267509215,False
all,2022,56,12,1899,0.631911532385466,False
all,2022,57,0,1899,0.0,False
all,2022,58,11,1899,0.5792522380200106,False
all,2022,59,4,1899,0.210637177461822,False
all,2022,60,3,1899,0.1579778830963665,False
all,2022,61,0,1899,0.0,False
all,2022,62,0,1899,0.0,False
all,2022,63,0,1899,0.0,False
all,2023,-1,274,2635,10.398481973434535,False
all,2023,0,1143,2635,43.37760910815939,False
all,2023,1,208,2635,7.893738140417457,False
all,2023,2,49,2635,1.8595825426944972,False
all,2023,3,82,2635,3.111954459203036,False
all,2023,4,11,2635,0.4174573055028463,False
all,2023,5,69,2635,2.618595825426945,False
all,2023,6,2,2635,0.07590132827324478,False
all,2023,7,6,2635,0.22770398481973433,False
all,2023,8,47,2635,1.7836812144212524,False
all,2023,9,80,2635,3.0360531309297913,False
all,2023,10,17,2635,0.6451612903225806,False
all,2023,11,1,2635,0.03795066413662239,False
all,2023,12,92,2635,3.49146110056926,False
all,2023,13,50,2635,1.8975332068311195,False
all,2023,14,10,2635,0.3795066413662239,False
all,2023,15,15,2635,0.5692599620493358,False
all,2023,16,39,2635,1.4800759013282732,False
all,2023,17,28,2635,1.0626185958254268,False
all,2023,18,8,2635,0.3036053130929791,False
all,2023,19,15,2635,0.5692599620493358,False
all,2023,20,19,2635,0.7210626185958254,False
all,2023,21,28,2635,1.0626185958254268,False
all,2023,22,15,2635,0.5692599620493358,False
all,2023,23,3,2635,0.11385199240986717,False
all,2023,24,1,2635,0.03795066413662239,False
all,2023,25,44,2635,1.6698292220113853,False
all,2023,26,50,2635,1.8975332068311195,False
all,2023,27,6,2635,0.22770398481973433,False
all,2023,28,2,2635,0.07590132827324478,False
all,2023,29,26,2635,0.9867172675521821,False
all,2023,30,4,2635,0.15180265654648956,False
all,2023,31,2,2635,0.07590132827324478,False
all,2023,32,2,2635,0.07590132827324478,False
all,2023,33,7,2635,0.2656546489563567,False
all,2023,34,0,2635,0.0,False
all,2023,35,33,2635,1.252371916508539,False
all,2023,36,0,2635,0.0,False
all,2023,37,5,2635,0.18975332068311196,False
all,2023,38,14,2635,0.5313092979127134,False
all,2023,39,6,2635,0.22770398481973433,False
all,2023,40,2,2635,0.07590132827324478,False
all,2023,41,15,2635,0.5692599620493358,False
all,2023,42,7,2635,0.2656546489563567,False
all,2023,43,16,2635,0.6072106261859582,False
all,2023,44,1,2635,0.03795066413662239,False
all,2023,45,0,2635,0.0,False
all,2023,46,28,2635,1.0626185958254268,False
all,2023,47,0,2635,0.0,False
all,2023,48,0,2635,0.0,False
all,2023,49,1,2635,0.03795066413662239,False
all,2023,50,2,2635,0.07590132827324478,False
all,2023,51,14,2635,0.5313092979127134,False
all,2023,52,0,2635,0.0,False
all,2023,53,1,2635,0.03795066413662239,False
all,2023,54,2,2635,0.07590132827324478,False
all,2023,55,10,2635,0.3795066413662239,False
all,2023,56,5,2635,0.18975332068311196,False
all,2023,57,1,2635,0.03795066413662239,False
all,2023,58,6,2635,0.22770398481973433,False
all,2023,59,4,2635,0.15180265654648956,False
all,2023,60,0,2635,0.0,False
all,2023,61,0,2635,0.0,False
all,2023,62,7,2635,0.2656546489563567,False
all,2023,63,0,2635,0.0,False
all,2024,-1,321,2408,13.330564784053156,False
all,2024,0,772,2408,32.05980066445183,False
all,2024,1,99,2408,4.1112956810631225,False
all,2024,2,87,2408,3.6129568106312293,False
all,2024,3,51,2408,2.117940199335548,False
all,2024,4,5,2408,0.20764119601328904,False
all,2024,5,37,2408,1.5365448504983388,False
all,2024,6,4,2408,0.16611295681063123,False
all,2024,7,9,2408,0.37375415282392027,False
all,2024,8,55,2408,2.284053156146179,False
all,2024,9,80,2408,3.3222591362126246,False
all,2024,10,33,2408,1.3704318936877076,False
all,2024,11,71,2408,2.9485049833887045,False
all,2024,12,27,2408,1.1212624584717608,False
all,2024,13,29,2408,1.2043189368770764,False
all,2024,14,51,2408,2.117940199335548,False
all,2024,15,53,2408,2.200996677740864,False
all,2024,16,68,2408,2.823920265780731,False
all,2024,17,8,2408,0.33222591362126247,False
all,2024,18,38,2408,1.5780730897009967,False
all,2024,19,11,2408,0.4568106312292359,False
all,2024,20,12,2408,0.4983388704318937,False
all,2024,21,56,2408,2.3255813953488373,False
all,2024,22,35,2408,1.4534883720930232,False
all,2024,23,21,2408,0.872093023255814,False
all,2024,24,1,2408,0.04152823920265781,False
all,2024,25,13,2408,0.5398671096345515,False
all,2024,26,29,2408,1.2043189368770764,False
all,2024,27,14,2408,0.5813953488372093,False
all,2024,28,3,2408,0.12458471760797342,False
all,2024,29,33,2408,1.3704318936877076,False
all,2024,30,8,2408,0.33222591362126247,False
all,2024,31,10,2408,0.4152823920265781,False
all,2024,32,23,2408,0.9551495016611296,False
all,2024,33,15,2408,0.6229235880398671,False
all,2024,34,16,2408,0.6644518272425249,False
all,2024,35,6,2408,0.24916943521594684,False
all,2024,36,5,2408,0.20764119601328904,False
all,2024,37,11,2408,0.4568106312292359,False
all,2024,38,19,2408,0.7890365448504983,False
all,2024,39,32,2408,1.3289036544850499,False
all,2024,40,0,2408,0.0,False
all,2024,41,8,2408,0.33222591362126247,False
all,2024,42,8,2408,0.33222591362126247,False
all,2024,43,4,2408,0.16611295681063123,False
all,2024,44,16,2408,0.6644518272425249,False
all,2024,45,5,2408,0.20764119601328904,False
all,2024,46,4,2408,0.16611295681063123,False
all,2024,47,8,2408,0.33222591362126247,False
all,2024,48,0,2408,0.0,False
all,2024,49,12,2408,0.4983388704318937,False
all,2024,50,7,2408,0.29069767441860467,False
all,2024,51,7,2408,0.29069767441860467,False
all,2024,52,1,2408,0.04152823920265781,False
all,2024,53,22,2408,0.9136212624584718,False
all,2024,54,0,2408,0.0,False
all,2024,55,4,2408,0.16611295681063123,False
all,2024,56,5,2408,0.20764119601328904,False
all,2024,57,7,2408,0.29069767441860467,False
all,2024,58,2,2408,0.08305647840531562,False
all,2024,59,2,2408,0.08305647840531562,False
all,2024,60,1,2408,0.04152823920265781,False
all,2024,61,2,2408,0.08305647840531562,False
all,2024,62,10,2408,0.4152823920265781,False
all,2024,63,2,2408,0.08305647840531562,False
all,2025,-1,518,2428,21.334431630971995,False
all,2025,0,486,2428,20.0164744645799,False
all,2025,1,30,2428,1.2355848434925865,False
all,2025,2,117,2428,4.818780889621087,False
all,2025,3,24,2428,0.9884678747940692,False
all,2025,4,4,2428,0.16474464579901152,False
all,2025,5,28,2428,1.1532125205930808,False
all,2025,6,152,2428,6.260296540362439,False
all,2025,7,5,2428,0.20593080724876442,False
all,2025,8,64,2428,2.6359143327841843,False
all,2025,9,20,2428,0.8237232289950577,False
all,2025,10,36,2428,1.4827018121911038,False
all,2025,11,90,2428,3.7067545304777596,False
all,2025,12,12,2428,0.4942339373970346,False
all,2025,13,25,2428,1.029654036243822,False
all,2025,14,12,2428,0.4942339373970346,False
all,2025,15,40,2428,1.6474464579901154,False
all,2025,16,19,2428,0.7825370675453048,False
all,2025,17,16,2428,0.6589785831960461,False
all,2025,18,6,2428,0.2471169686985173,False
all,2025,19,7,2428,0.2883031301482702,False
all,2025,20,6,2428,0.2471169686985173,False
all,2025,21,10,2428,0.41186161449752884,False
all,2025,22,8,2428,0.32948929159802304,False
all,2025,23,51,2428,2.100494233937397,False
all,2025,24,77,2428,3.171334431630972,False
all,2025,25,14,2428,0.5766062602965404,False
all,2025,26,3,2428,0.12355848434925865,False
all,2025,27,11,2428,0.45304777594728174,False
all,2025,28,30,2428,1.2355848434925865,False
all,2025,29,8,2428,0.32948929159802304,False
all,2025,30,9,2428,0.37067545304777594,False
all,2025,31,15,2428,0.6177924217462932,False
all,2025,32,19,2428,0.7825370675453048,False
all,2025,33,3,2428,0.12355848434925865,False
all,2025,34,19,2428,0.7825370675453048,False
all,2025,35,9,2428,0.37067545304777594,False
all,2025,36,52,2428,2.1416803953871497,False
all,2025,37,26,2428,1.0708401976935749,False
all,2025,38,28,2428,1.1532125205930808,False
all,2025,39,23,2428,0.9472817133443163,False
all,2025,40,0,2428,0.0,False
all,2025,41,11,2428,0.45304777594728174,False
all,2025,42,7,2428,0.2883031301482702,False
all,2025,43,14,2428,0.5766062602965404,False
all,2025,44,25,2428,1.029654036243822,False
all,2025,45,28,2428,1.1532125205930808,False
all,2025,46,2,2428,0.08237232289950576,False
all,2025,47,33,2428,1.3591433278418452,False
all,2025,48,0,2428,0.0,False
all,2025,49,17,2428,0.700164744645799,False
all,2025,50,20,2428,0.8237232289950577,False
all,2025,51,7,2428,0.2883031301482702,False
all,2025,52,17,2428,0.700164744645799,False
all,2025,53,7,2428,0.2883031301482702,False
all,2025,54,2,2428,0.08237232289950576,False
all,2025,55,2,2428,0.08237232289950576,False
all,2025,56,13,2428,0.5354200988467874,False
all,2025,57,21,2428,0.8649093904448105,False
all,2025,58,3,2428,0.12355848434925865,False
all,2025,59,4,2428,0.16474464579901152,False
all,2025,60,0,2428,0.0,False
all,2025,61,26,2428,1.0708401976935749,False
all,2025,62,14,2428,0.5766062602965404,False
all,2025,63,23,2428,0.9472817133443163,False
all,2026,-1,390,1407,27.718550106609808,True
all,2026,0,200,1407,14.214641080312722,True
all,2026,1,4,1407,0.28429282160625446,True
all,2026,2,46,1407,3.269367448471926,True
all,2026,3,7,1407,0.4975124378109453,True
all,2026,4,1,1407,0.07107320540156362,True
all,2026,5,4,1407,0.28429282160625446,True
all,2026,6,76,1407,5.401563610518834,True
all,2026,7,22,1407,1.5636105188343994,True
all,2026,8,23,1407,1.634683724235963,True
all,2026,9,9,1407,0.6396588486140725,True
all,2026,10,92,1407,6.538734896943852,True
all,2026,11,20,1407,1.4214641080312722,True
all,2026,12,3,1407,0.21321961620469082,True
all,2026,13,24,1407,1.7057569296375266,True
all,2026,14,4,1407,0.28429282160625446,True
all,2026,15,21,1407,1.492537313432836,True
all,2026,16,1,1407,0.07107320540156362,True
all,2026,17,11,1407,0.7818052594171997,True
all,2026,18,3,1407,0.21321961620469082,True
all,2026,19,9,1407,0.6396588486140725,True
all,2026,20,2,1407,0.14214641080312723,True
all,2026,21,5,1407,0.35536602700781805,True
all,2026,22,3,1407,0.21321961620469082,True
all,2026,23,10,1407,0.7107320540156361,True
all,2026,24,18,1407,1.279317697228145,True
all,2026,25,6,1407,0.42643923240938164,True
all,2026,26,1,1407,0.07107320540156362,True
all,2026,27,35,1407,2.487562189054726,True
all,2026,28,45,1407,3.1982942430703623,True
all,2026,29,4,1407,0.28429282160625446,True
all,2026,30,7,1407,0.4975124378109453,True
all,2026,31,47,1407,3.3404406538734897,True
all,2026,32,8,1407,0.5685856432125089,True
all,2026,33,2,1407,0.14214641080312723,True
all,2026,34,36,1407,2.55863539445629,True
all,2026,35,3,1407,0.21321961620469082,True
all,2026,36,13,1407,0.923951670220327,True
all,2026,37,17,1407,1.2082444918265813,True
all,2026,38,3,1407,0.21321961620469082,True
all,2026,39,1,1407,0.07107320540156362,True
all,2026,40,0,1407,0.0,True
all,2026,41,3,1407,0.21321961620469082,True
all,2026,42,4,1407,0.28429282160625446,True
all,2026,43,20,1407,1.4214641080312722,True
all,2026,44,11,1407,0.7818052594171997,True
all,2026,45,20,1407,1.4214641080312722,True
all,2026,46,3,1407,0.21321961620469082,True
all,2026,47,6,1407,0.42643923240938164,True
all,2026,48,1,1407,0.07107320540156362,True
all,2026,49,15,1407,1.0660980810234542,True
all,2026,50,11,1407,0.7818052594171997,True
all,2026,51,4,1407,0.28429282160625446,True
all,2026,52,28,1407,1.9900497512437811,True
all,2026,53,13,1407,0.923951670220327,True
all,2026,54,0,1407,0.0,True
all,2026,55,7,1407,0.4975124378109453,True
all,2026,56,4,1407,0.28429282160625446,True
all,2026,57,7,1407,0.4975124378109453,True
all,2026,58,0,1407,0.0,True
all,2026,59,4,1407,0.28429282160625446,True
all,2026,60,1,1407,0.07107320540156362,True
all,2026,61,4,1407,0.28429282160625446,True
all,2026,62,0,1407,0.0,True
all,2026,63,5,1407,0.35536602700781805,True
afnc,2015,-1,0,0,,True
afnc,2015,0,0,0,,True
afnc,2015,1,0,0,,True
afnc,2015,2,0,0,,True
afnc,2015,3,0,0,,True
afnc,2015,4,0,0,,True
afnc,2015,5,0,0,,True
afnc,2015,6,0,0,,True
afnc,2015,7,0,0,,True
afnc,2015,8,0,0,,True
afnc,2015,9,0,0,,True
afnc,2015,10,0,0,,True
afnc,2015,11,0,0,,True
afnc,2015,12,0,0,,True
afnc,2015,13,0,0,,True
afnc,2015,14,0,0,,True
afnc,2015,15,0,0,,True
afnc,2015,16,0,0,,True
afnc,2015,17,0,0,,True
afnc,2015,18,0,0,,True
afnc,2015,19,0,0,,True
afnc,2015,20,0,0,,True
afnc,2015,21,0,0,,True
afnc,2015,22,0,0,,True
afnc,2015,23,0,0,,True
afnc,2015,24,0,0,,True
afnc,2015,25,0,0,,True
afnc,2015,26,0,0,,True
afnc,2015,27,0,0,,True
afnc,2015,28,0,0,,True
afnc,2015,29,0,0,,True
afnc,2015,30,0,0,,True
afnc,2015,31,0,0,,True
afnc,2015,32,0,0,,True
afnc,2015,33,0,0,,True
afnc,2015,34,0,0,,True
afnc,2015,35,0,0,,True
afnc,2015,36,0,0,,True
afnc,2015,37,0,0,,True
afnc,2015,38,0,0,,True
afnc,2015,39,0,0,,True
afnc,2015,40,0,0,,True
afnc,2015,41,0,0,,True
afnc,2015,42,0,0,,True
afnc,2015,43,0,0,,True
afnc,2015,44,0,0,,True
afnc,2015,45,0,0,,True
afnc,2015,46,0,0,,True
afnc,2015,47,0,0,,True
afnc,2015,48,0,0,,True
afnc,2015,49,0,0,,True
afnc,2015,50,0,0,,True
afnc,2015,51,0,0,,True
afnc,2015,52,0,0,,True
afnc,2015,53,0,0,,True
afnc,2015,54,0,0,,True
afnc,2015,55,0,0,,True
afnc,2015,56,0,0,,True
afnc,2015,57,0,0,,True
afnc,2015,58,0,0,,True
afnc,2015,59,0,0,,True
afnc,2015,60,0,0,,True
afnc,2015,61,0,0,,True
afnc,2015,62,0,0,,True
afnc,2015,63,0,0,,True
afnc,2016,-1,0,0,,False
afnc,2016,0,0,0,,False
afnc,2016,1,0,0,,False
afnc,2016,2,0,0,,False
afnc,2016,3,0,0,,False
afnc,2016,4,0,0,,False
afnc,2016,5,0,0,,False
afnc,2016,6,0,0,,False
afnc,2016,7,0,0,,False
afnc,2016,8,0,0,,False
afnc,2016,9,0,0,,False
afnc,2016,10,0,0,,False
afnc,2016,11,0,0,,False
afnc,2016,12,0,0,,False
afnc,2016,13,0,0,,False
afnc,2016,14,0,0,,False
afnc,2016,15,0,0,,False
afnc,2016,16,0,0,,False
afnc,2016,17,0,0,,False
afnc,2016,18,0,0,,False
afnc,2016,19,0,0,,False
afnc,2016,20,0,0,,False
afnc,2016,21,0,0,,False
afnc,2016,22,0,0,,False
afnc,2016,23,0,0,,False
afnc,2016,24,0,0,,False
afnc,2016,25,0,0,,False
afnc,2016,26,0,0,,False
afnc,2016,27,0,0,,False
afnc,2016,28,0,0,,False
afnc,2016,29,0,0,,False
afnc,2016,30,0,0,,False
afnc,2016,31,0,0,,False
afnc,2016,32,0,0,,False
afnc,2016,33,0,0,,False
afnc,2016,34,0,0,,False
afnc,2016,35,0,0,,False
afnc,2016,36,0,0,,False
afnc,2016,37,0,0,,False
afnc,2016,38,0,0,,False
afnc,2016,39,0,0,,False
afnc,2016,40,0,0,,False
afnc,2016,41,0,0,,False
afnc,2016,42,0,0,,False
afnc,2016,43,0,0,,False
afnc,2016,44,0,0,,False
afnc,2016,45,0,0,,False
afnc,2016,46,0,0,,False
afnc,2016,47,0,0,,False
afnc,2016,48,0,0,,False
afnc,2016,49,0,0,,False
afnc,2016,50,0,0,,False
afnc,2016,51,0,0,,False
afnc,2016,52,0,0,,False
afnc,2016,53,0,0,,False
afnc,2016,54,0,0,,False
afnc,2016,55,0,0,,False
afnc,2016,56,0,0,,False
afnc,2016,57,0,0,,False
afnc,2016,58,0,0,,False
afnc,2016,59,0,0,,False
afnc,2016,60,0,0,,False
afnc,2016,61,0,0,,False
afnc,2016,62,0,0,,False
afnc,2016,63,0,0,,False
afnc,2017,-1,0,3,0.0,False
afnc,2017,0,1,3,33.333333333333336,False
afnc,2017,1,0,3,0.0,False
afnc,2017,2,0,3,0.0,False
afnc,2017,3,0,3,0.0,False
afnc,2017,4,0,3,0.0,False
afnc,2017,5,0,3,0.0,False
afnc,2017,6,0,3,0.0,False
afnc,2017,7,0,3,0.0,False
afnc,2017,8,0,3,0.0,False
afnc,2017,9,0,3,0.0,False
afnc,2017,10,0,3,0.0,False
afnc,2017,11,0,3,0.0,False
afnc,2017,12,0,3,0.0,False
afnc,2017,13,0,3,0.0,False
afnc,2017,14,0,3,0.0,False
afnc,2017,15,0,3,0.0,False
afnc,2017,16,0,3,0.0,False
afnc,2017,17,0,3,0.0,False
afnc,2017,18,0,3,0.0,False
afnc,2017,19,0,3,0.0,False
afnc,2017,20,0,3,0.0,False
afnc,2017,21,0,3,0.0,False
afnc,2017,22,0,3,0.0,False
afnc,2017,23,0,3,0.0,False
afnc,2017,24,0,3,0.0,False
afnc,2017,25,0,3,0.0,False
afnc,2017,26,0,3,0.0,False
afnc,2017,27,0,3,0.0,False
afnc,2017,28,0,3,0.0,False
afnc,2017,29,0,3,0.0,False
afnc,2017,30,0,3,0.0,False
afnc,2017,31,0,3,0.0,False
afnc,2017,32,0,3,0.0,False
afnc,2017,33,0,3,0.0,False
afnc,2017,34,0,3,0.0,False
afnc,2017,35,0,3,0.0,False
afnc,2017,36,0,3,0.0,False
afnc,2017,37,0,3,0.0,False
afnc,2017,38,0,3,0.0,False
afnc,2017,39,0,3,0.0,False
afnc,2017,40,0,3,0.0,False
afnc,2017,41,0,3,0.0,False
afnc,2017,42,0,3,0.0,False
afnc,2017,43,0,3,0.0,False
afnc,2017,44,0,3,0.0,False
afnc,2017,45,0,3,0.0,False
afnc,2017,46,0,3,0.0,False
afnc,2017,47,0,3,0.0,False
afnc,2017,48,0,3,0.0,False
afnc,2017,49,0,3,0.0,False
afnc,2017,50,0,3,0.0,False
afnc,2017,51,1,3,33.333333333333336,False
afnc,2017,52,0,3,0.0,False
afnc,2017,53,0,3,0.0,False
afnc,2017,54,1,3,33.333333333333336,False
afnc,2017,55,0,3,0.0,False
afnc,2017,56,0,3,0.0,False
afnc,2017,57,0,3,0.0,False
afnc,2017,58,0,3,0.0,False
afnc,2017,59,0,3,0.0,False
afnc,2017,60,0,3,0.0,False
afnc,2017,61,0,3,0.0,False
afnc,2017,62,0,3,0.0,False
afnc,2017,63,0,3,0.0,False
afnc,2018,-1,3,5,60.0,False
afnc,2018,0,1,5,20.0,False
afnc,2018,1,0,5,0.0,False
afnc,2018,2,0,5,0.0,False
afnc,2018,3,0,5,0.0,False
afnc,2018,4,0,5,0.0,False
afnc,2018,5,0,5,0.0,False
afnc,2018,6,0,5,0.0,False
afnc,2018,7,0,5,0.0,False
afnc,2018,8,0,5,0.0,False
afnc,2018,9,0,5,0.0,False
afnc,2018,10,0,5,0.0,False
afnc,2018,11,0,5,0.0,False
afnc,2018,12,0,5,0.0,False
afnc,2018,13,0,5,0.0,False
afnc,2018,14,0,5,0.0,False
afnc,2018,15,0,5,0.0,False
afnc,2018,16,0,5,0.0,False
afnc,2018,17,0,5,0.0,False
afnc,2018,18,0,5,0.0,False
afnc,2018,19,0,5,0.0,False
afnc,2018,20,0,5,0.0,False
afnc,2018,21,0,5,0.0,False
afnc,2018,22,0,5,0.0,False
afnc,2018,23,0,5,0.0,False
afnc,2018,24,0,5,0.0,False
afnc,2018,25,0,5,0.0,False
afnc,2018,26,0,5,0.0,False
afnc,2018,27,0,5,0.0,False
afnc,2018,28,0,5,0.0,False
afnc,2018,29,0,5,0.0,False
afnc,2018,30,0,5,0.0,False
afnc,2018,31,0,5,0.0,False
afnc,2018,32,0,5,0.0,False
afnc,2018,33,0,5,0.0,False
afnc,2018,34,0,5,0.0,False
afnc,2018,35,0,5,0.0,False
afnc,2018,36,0,5,0.0,False
afnc,2018,37,0,5,0.0,False
afnc,2018,38,0,5,0.0,False
afnc,2018,39,0,5,0.0,False
afnc,2018,40,0,5,0.0,False
afnc,2018,41,0,5,0.0,False
afnc,2018,42,0,5,0.0,False
afnc,2018,43,0,5,0.0,False
afnc,2018,44,0,5,0.0,False
afnc,2018,45,0,5,0.0,False
afnc,2018,46,0,5,0.0,False
afnc,2018,47,0,5,0.0,False
afnc,2018,48,0,5,0.0,False
afnc,2018,49,0,5,0.0,False
afnc,2018,50,0,5,0.0,False
afnc,2018,51,0,5,0.0,False
afnc,2018,52,0,5,0.0,False
afnc,2018,53,0,5,0.0,False
afnc,2018,54,1,5,20.0,False
afnc,2018,55,0,5,0.0,False
afnc,2018,56,0,5,0.0,False
afnc,2018,57,0,5,0.0,False
afnc,2018,58,0,5,0.0,False
afnc,2018,59,0,5,0.0,False
afnc,2018,60,0,5,0.0,False
afnc,2018,61,0,5,0.0,False
afnc,2018,62,0,5,0.0,False
afnc,2018,63,0,5,0.0,False
afnc,2019,-1,17,70,24.285714285714285,False
afnc,2019,0,11,70,15.714285714285714,False
afnc,2019,1,0,70,0.0,False
afnc,2019,2,0,70,0.0,False
afnc,2019,3,0,70,0.0,False
afnc,2019,4,0,70,0.0,False
afnc,2019,5,1,70,1.4285714285714286,False
afnc,2019,6,0,70,0.0,False
afnc,2019,7,0,70,0.0,False
afnc,2019,8,1,70,1.4285714285714286,False
afnc,2019,9,0,70,0.0,False
afnc,2019,10,0,70,0.0,False
afnc,2019,11,0,70,0.0,False
afnc,2019,12,0,70,0.0,False
afnc,2019,13,1,70,1.4285714285714286,False
afnc,2019,14,0,70,0.0,False
afnc,2019,15,0,70,0.0,False
afnc,2019,16,0,70,0.0,False
afnc,2019,17,0,70,0.0,False
afnc,2019,18,0,70,0.0,False
afnc,2019,19,3,70,4.285714285714286,False
afnc,2019,20,3,70,4.285714285714286,False
afnc,2019,21,2,70,2.857142857142857,False
afnc,2019,22,2,70,2.857142857142857,False
afnc,2019,23,1,70,1.4285714285714286,False
afnc,2019,24,0,70,0.0,False
afnc,2019,25,0,70,0.0,False
afnc,2019,26,0,70,0.0,False
afnc,2019,27,0,70,0.0,False
afnc,2019,28,0,70,0.0,False
afnc,2019,29,0,70,0.0,False
afnc,2019,30,0,70,0.0,False
afnc,2019,31,0,70,0.0,False
afnc,2019,32,0,70,0.0,False
afnc,2019,33,1,70,1.4285714285714286,False
afnc,2019,34,0,70,0.0,False
afnc,2019,35,0,70,0.0,False
afnc,2019,36,0,70,0.0,False
afnc,2019,37,0,70,0.0,False
afnc,2019,38,0,70,0.0,False
afnc,2019,39,0,70,0.0,False
afnc,2019,40,0,70,0.0,False
afnc,2019,41,0,70,0.0,False
afnc,2019,42,0,70,0.0,False
afnc,2019,43,2,70,2.857142857142857,False
afnc,2019,44,0,70,0.0,False
afnc,2019,45,0,70,0.0,False
afnc,2019,46,0,70,0.0,False
afnc,2019,47,0,70,0.0,False
afnc,2019,48,0,70,0.0,False
afnc,2019,49,0,70,0.0,False
afnc,2019,50,0,70,0.0,False
afnc,2019,51,1,70,1.4285714285714286,False
afnc,2019,52,0,70,0.0,False
afnc,2019,53,0,70,0.0,False
afnc,2019,54,24,70,34.285714285714285,False
afnc,2019,55,0,70,0.0,False
afnc,2019,56,0,70,0.0,False
afnc,2019,57,0,70,0.0,False
afnc,2019,58,0,70,0.0,False
afnc,2019,59,0,70,0.0,False
afnc,2019,60,0,70,0.0,False
afnc,2019,61,0,70,0.0,False
afnc,2019,62,0,70,0.0,False
afnc,2019,63,0,70,0.0,False
afnc,2020,-1,180,865,20.809248554913296,False
afnc,2020,0,291,865,33.641618497109825,False
afnc,2020,1,0,865,0.0,False
afnc,2020,2,0,865,0.0,False
afnc,2020,3,3,865,0.3468208092485549,False
afnc,2020,4,69,865,7.976878612716763,False
afnc,2020,5,8,865,0.9248554913294798,False
afnc,2020,6,0,865,0.0,False
afnc,2020,7,118,865,13.641618497109826,False
afnc,2020,8,9,865,1.0404624277456647,False
afnc,2020,9,0,865,0.0,False
afnc,2020,10,0,865,0.0,False
afnc,2020,11,0,865,0.0,False
afnc,2020,12,2,865,0.23121387283236994,False
afnc,2020,13,15,865,1.7341040462427746,False
afnc,2020,14,4,865,0.4624277456647399,False
afnc,2020,15,1,865,0.11560693641618497,False
afnc,2020,16,1,865,0.11560693641618497,False
afnc,2020,17,4,865,0.4624277456647399,False
afnc,2020,18,0,865,0.0,False
afnc,2020,19,21,865,2.4277456647398843,False
afnc,2020,20,11,865,1.2716763005780347,False
afnc,2020,21,2,865,0.23121387283236994,False
afnc,2020,22,5,865,0.5780346820809249,False
afnc,2020,23,0,865,0.0,False
afnc,2020,24,0,865,0.0,False
afnc,2020,25,0,865,0.0,False
afnc,2020,26,1,865,0.11560693641618497,False
afnc,2020,27,0,865,0.0,False
afnc,2020,28,2,865,0.23121387283236994,False
afnc,2020,29,2,865,0.23121387283236994,False
afnc,2020,30,19,865,2.1965317919075145,False
afnc,2020,31,0,865,0.0,False
afnc,2020,32,5,865,0.5780346820809249,False
afnc,2020,33,15,865,1.7341040462427746,False
afnc,2020,34,0,865,0.0,False
afnc,2020,35,0,865,0.0,False
afnc,2020,36,0,865,0.0,False
afnc,2020,37,0,865,0.0,False
afnc,2020,38,0,865,0.0,False
afnc,2020,39,0,865,0.0,False
afnc,2020,40,0,865,0.0,False
afnc,2020,41,0,865,0.0,False
afnc,2020,42,6,865,0.6936416184971098,False
afnc,2020,43,2,865,0.23121387283236994,False
afnc,2020,44,0,865,0.0,False
afnc,2020,45,0,865,0.0,False
afnc,2020,46,8,865,0.9248554913294798,False
afnc,2020,47,0,865,0.0,False
afnc,2020,48,0,865,0.0,False
afnc,2020,49,1,865,0.11560693641618497,False
afnc,2020,50,1,865,0.11560693641618497,False
afnc,2020,51,7,865,0.8092485549132948,False
afnc,2020,52,0,865,0.0,False
afnc,2020,53,0,865,0.0,False
afnc,2020,54,12,865,1.3872832369942196,False
afnc,2020,55,2,865,0.23121387283236994,False
afnc,2020,56,2,865,0.23121387283236994,False
afnc,2020,57,2,865,0.23121387283236994,False
afnc,2020,58,3,865,0.3468208092485549,False
afnc,2020,59,14,865,1.6184971098265897,False
afnc,2020,60,17,865,1.9653179190751444,False
afnc,2020,61,0,865,0.0,False
afnc,2020,62,0,865,0.0,False
afnc,2020,63,0,865,0.0,False
afnc,2021,-1,254,1046,24.282982791587,False
afnc,2021,0,261,1046,24.952198852772465,False
afnc,2021,1,3,1046,0.28680688336520077,False
afnc,2021,2,1,1046,0.09560229445506692,False
afnc,2021,3,33,1046,3.1548757170172084,False
afnc,2021,4,66,1046,6.309751434034417,False
afnc,2021,5,25,1046,2.390057361376673,False
afnc,2021,6,2,1046,0.19120458891013384,False
afnc,2021,7,42,1046,4.015296367112811,False
afnc,2021,8,14,1046,1.338432122370937,False
afnc,2021,9,6,1046,0.5736137667304015,False
afnc,2021,10,0,1046,0.0,False
afnc,2021,11,0,1046,0.0,False
afnc,2021,12,15,1046,1.4340344168260037,False
afnc,2021,13,13,1046,1.24282982791587,False
afnc,2021,14,29,1046,2.7724665391969405,False
afnc,2021,15,1,1046,0.09560229445506692,False
afnc,2021,16,1,1046,0.09560229445506692,False
afnc,2021,17,20,1046,1.9120458891013383,False
afnc,2021,18,30,1046,2.8680688336520075,False
afnc,2021,19,24,1046,2.294455066921606,False
afnc,2021,20,21,1046,2.0076481835564053,False
afnc,2021,21,0,1046,0.0,False
afnc,2021,22,13,1046,1.24282982791587,False
afnc,2021,23,4,1046,0.3824091778202677,False
afnc,2021,24,0,1046,0.0,False
afnc,2021,25,4,1046,0.3824091778202677,False
afnc,2021,26,0,1046,0.0,False
afnc,2021,27,1,1046,0.09560229445506692,False
afnc,2021,28,0,1046,0.0,False
afnc,2021,29,4,1046,0.3824091778202677,False
afnc,2021,30,12,1046,1.147227533460803,False
afnc,2021,31,0,1046,0.0,False
afnc,2021,32,8,1046,0.7648183556405354,False
afnc,2021,33,14,1046,1.338432122370937,False
afnc,2021,34,0,1046,0.0,False
afnc,2021,35,0,1046,0.0,False
afnc,2021,36,0,1046,0.0,False
afnc,2021,37,0,1046,0.0,False
afnc,2021,38,0,1046,0.0,False
afnc,2021,39,0,1046,0.0,False
afnc,2021,40,0,1046,0.0,False
afnc,2021,41,5,1046,0.4780114722753346,False
afnc,2021,42,19,1046,1.8164435946462716,False
afnc,2021,43,0,1046,0.0,False
afnc,2021,44,0,1046,0.0,False
afnc,2021,45,0,1046,0.0,False
afnc,2021,46,2,1046,0.19120458891013384,False
afnc,2021,47,2,1046,0.19120458891013384,False
afnc,2021,48,43,1046,4.1108986615678775,False
afnc,2021,49,1,1046,0.09560229445506692,False
afnc,2021,50,0,1046,0.0,False
afnc,2021,51,12,1046,1.147227533460803,False
afnc,2021,52,0,1046,0.0,False
afnc,2021,53,0,1046,0.0,False
afnc,2021,54,0,1046,0.0,False
afnc,2021,55,7,1046,0.6692160611854685,False
afnc,2021,56,8,1046,0.7648183556405354,False
afnc,2021,57,1,1046,0.09560229445506692,False
afnc,2021,58,10,1046,0.9560229445506692,False
afnc,2021,59,6,1046,0.5736137667304015,False
afnc,2021,60,9,1046,0.8604206500956023,False
afnc,2021,61,0,1046,0.0,False
afnc,2021,62,0,1046,0.0,False
afnc,2021,63,0,1046,0.0,False
afnc,2022,-1,211,1615,13.06501547987616,False
afnc,2022,0,660,1615,40.86687306501548,False
afnc,2022,1,41,1615,2.538699690402477,False
afnc,2022,2,21,1615,1.3003095975232197,False
afnc,2022,3,76,1615,4.705882352941177,False
afnc,2022,4,37,1615,2.291021671826625,False
afnc,2022,5,66,1615,4.086687306501548,False
afnc,2022,6,0,1615,0.0,False
afnc,2022,7,10,1615,0.6191950464396285,False
afnc,2022,8,8,1615,0.4953560371517028,False
afnc,2022,9,13,1615,0.804953560371517,False
afnc,2022,10,0,1615,0.0,False
afnc,2022,11,2,1615,0.1238390092879257,False
afnc,2022,12,22,1615,1.3622291021671826,False
afnc,2022,13,20,1615,1.238390092879257,False
afnc,2022,14,59,1615,3.653250773993808,False
afnc,2022,15,17,1615,1.0526315789473684,False
afnc,2022,16,5,1615,0.30959752321981426,False
afnc,2022,17,43,1615,2.6625386996904026,False
afnc,2022,18,15,1615,0.9287925696594427,False
afnc,2022,19,25,1615,1.5479876160990713,False
afnc,2022,20,35,1615,2.1671826625387,False
afnc,2022,21,3,1615,0.18575851393188855,False
afnc,2022,22,24,1615,1.4860681114551084,False
afnc,2022,23,5,1615,0.30959752321981426,False
afnc,2022,24,0,1615,0.0,False
afnc,2022,25,15,1615,0.9287925696594427,False
afnc,2022,26,7,1615,0.43343653250773995,False
afnc,2022,27,1,1615,0.06191950464396285,False
afnc,2022,28,0,1615,0.0,False
afnc,2022,29,6,1615,0.3715170278637771,False
afnc,2022,30,17,1615,1.0526315789473684,False
afnc,2022,31,1,1615,0.06191950464396285,False
afnc,2022,32,5,1615,0.30959752321981426,False
afnc,2022,33,26,1615,1.609907120743034,False
afnc,2022,34,0,1615,0.0,False
afnc,2022,35,21,1615,1.3003095975232197,False
afnc,2022,36,0,1615,0.0,False
afnc,2022,37,0,1615,0.0,False
afnc,2022,38,0,1615,0.0,False
afnc,2022,39,1,1615,0.06191950464396285,False
afnc,2022,40,0,1615,0.0,False
afnc,2022,41,18,1615,1.1145510835913313,False
afnc,2022,42,12,1615,0.7430340557275542,False
afnc,2022,43,0,1615,0.0,False
afnc,2022,44,0,1615,0.0,False
afnc,2022,45,0,1615,0.0,False
afnc,2022,46,3,1615,0.18575851393188855,False
afnc,2022,47,0,1615,0.0,False
afnc,2022,48,5,1615,0.30959752321981426,False
afnc,2022,49,2,1615,0.1238390092879257,False
afnc,2022,50,7,1615,0.43343653250773995,False
afnc,2022,51,11,1615,0.6811145510835913,False
afnc,2022,52,0,1615,0.0,False
afnc,2022,53,0,1615,0.0,False
afnc,2022,54,0,1615,0.0,False
afnc,2022,55,12,1615,0.7430340557275542,False
afnc,2022,56,12,1615,0.7430340557275542,False
afnc,2022,57,0,1615,0.0,False
afnc,2022,58,8,1615,0.4953560371517028,False
afnc,2022,59,4,1615,0.2476780185758514,False
afnc,2022,60,3,1615,0.18575851393188855,False
afnc,2022,61,0,1615,0.0,False
afnc,2022,62,0,1615,0.0,False
afnc,2022,63,0,1615,0.0,False
afnc,2023,-1,233,2031,11.472181191531265,False
afnc,2023,0,650,2031,32.00393894633186,False
afnc,2023,1,208,2031,10.241260462826194,False
afnc,2023,2,48,2031,2.363367799113737,False
afnc,2023,3,82,2031,4.037419990152634,False
afnc,2023,4,10,2031,0.49236829148202854,False
afnc,2023,5,69,2031,3.397341211225997,False
afnc,2023,6,1,2031,0.049236829148202856,False
afnc,2023,7,5,2031,0.24618414574101427,False
afnc,2023,8,44,2031,2.1664204825209255,False
afnc,2023,9,80,2031,3.9389463318562283,False
afnc,2023,10,0,2031,0.0,False
afnc,2023,11,1,2031,0.049236829148202856,False
afnc,2023,12,92,2031,4.529788281634663,False
afnc,2023,13,48,2031,2.363367799113737,False
afnc,2023,14,10,2031,0.49236829148202854,False
afnc,2023,15,15,2031,0.7385524372230429,False
afnc,2023,16,39,2031,1.9202363367799113,False
afnc,2023,17,28,2031,1.3786312161496799,False
afnc,2023,18,4,2031,0.19694731659281142,False
afnc,2023,19,15,2031,0.7385524372230429,False
afnc,2023,20,14,2031,0.6893156080748399,False
afnc,2023,21,28,2031,1.3786312161496799,False
afnc,2023,22,15,2031,0.7385524372230429,False
afnc,2023,23,2,2031,0.09847365829640571,False
afnc,2023,24,1,2031,0.049236829148202856,False
afnc,2023,25,44,2031,2.1664204825209255,False
afnc,2023,26,50,2031,2.461841457410143,False
afnc,2023,27,1,2031,0.049236829148202856,False
afnc,2023,28,0,2031,0.0,False
afnc,2023,29,26,2031,1.2801575578532742,False
afnc,2023,30,2,2031,0.09847365829640571,False
afnc,2023,31,2,2031,0.09847365829640571,False
afnc,2023,32,0,2031,0.0,False
afnc,2023,33,5,2031,0.24618414574101427,False
afnc,2023,34,0,2031,0.0,False
afnc,2023,35,32,2031,1.5755785327424914,False
afnc,2023,36,0,2031,0.0,False
afnc,2023,37,0,2031,0.0,False
afnc,2023,38,14,2031,0.6893156080748399,False
afnc,2023,39,5,2031,0.24618414574101427,False
afnc,2023,40,0,2031,0.0,False
afnc,2023,41,15,2031,0.7385524372230429,False
afnc,2023,42,7,2031,0.34465780403741997,False
afnc,2023,43,9,2031,0.4431314623338257,False
afnc,2023,44,1,2031,0.049236829148202856,False
afnc,2023,45,0,2031,0.0,False
afnc,2023,46,28,2031,1.3786312161496799,False
afnc,2023,47,0,2031,0.0,False
afnc,2023,48,0,2031,0.0,False
afnc,2023,49,1,2031,0.049236829148202856,False
afnc,2023,50,1,2031,0.049236829148202856,False
afnc,2023,51,14,2031,0.6893156080748399,False
afnc,2023,52,0,2031,0.0,False
afnc,2023,53,1,2031,0.049236829148202856,False
afnc,2023,54,0,2031,0.0,False
afnc,2023,55,9,2031,0.4431314623338257,False
afnc,2023,56,5,2031,0.24618414574101427,False
afnc,2023,57,0,2031,0.0,False
afnc,2023,58,6,2031,0.29542097488921715,False
afnc,2023,59,4,2031,0.19694731659281142,False
afnc,2023,60,0,2031,0.0,False
afnc,2023,61,0,2031,0.0,False
afnc,2023,62,7,2031,0.34465780403741997,False
afnc,2023,63,0,2031,0.0,False
afnc,2024,-1,266,1889,14.081524616199047,False
afnc,2024,0,435,1889,23.028057173107463,False
afnc,2024,1,99,1889,5.240868184224458,False
afnc,2024,2,87,1889,4.605611434621493,False
afnc,2024,3,51,1889,2.6998411858125992,False
afnc,2024,4,4,1889,0.21175224986765484,False
afnc,2024,5,37,1889,1.9587083112758072,False
afnc,2024,6,3,1889,0.15881418740074113,False
afnc,2024,7,8,1889,0.4235044997353097,False
afnc,2024,8,54,1889,2.8586553732133404,False
afnc,2024,9,79,1889,4.182106934886183,False
afnc,2024,10,0,1889,0.0,False
afnc,2024,11,70,1889,3.7056643726839598,False
afnc,2024,12,27,1889,1.4293276866066702,False
afnc,2024,13,29,1889,1.5352038115404976,False
afnc,2024,14,51,1889,2.6998411858125992,False
afnc,2024,15,53,1889,2.805717310746427,False
afnc,2024,16,68,1889,3.599788247750132,False
afnc,2024,17,8,1889,0.4235044997353097,False
afnc,2024,18,1,1889,0.05293806246691371,False
afnc,2024,19,10,1889,0.5293806246691372,False
afnc,2024,20,11,1889,0.5823186871360508,False
afnc,2024,21,56,1889,2.964531498147168,False
afnc,2024,22,35,1889,1.8528321863419799,False
afnc,2024,23,21,1889,1.1116993118051879,False
afnc,2024,24,1,1889,0.05293806246691371,False
afnc,2024,25,13,1889,0.6881948120698782,False
afnc,2024,26,29,1889,1.5352038115404976,False
afnc,2024,27,1,1889,0.05293806246691371,False
afnc,2024,28,3,1889,0.15881418740074113,False
afnc,2024,29,33,1889,1.7469560614081525,False
afnc,2024,30,8,1889,0.4235044997353097,False
afnc,2024,31,8,1889,0.4235044997353097,False
afnc,2024,32,20,1889,1.0587612493382743,False
afnc,2024,33,13,1889,0.6881948120698782,False
afnc,2024,34,16,1889,0.8470089994706194,False
afnc,2024,35,6,1889,0.31762837480148226,False
afnc,2024,36,5,1889,0.2646903123345686,False
afnc,2024,37,0,1889,0.0,False
afnc,2024,38,19,1889,1.0058231868713605,False
afnc,2024,39,32,1889,1.6940179989412387,False
afnc,2024,40,0,1889,0.0,False
afnc,2024,41,8,1889,0.4235044997353097,False
afnc,2024,42,8,1889,0.4235044997353097,False
afnc,2024,43,0,1889,0.0,False
afnc,2024,44,16,1889,0.8470089994706194,False
afnc,2024,45,5,1889,0.2646903123345686,False
afnc,2024,46,4,1889,0.21175224986765484,False
afnc,2024,47,8,1889,0.4235044997353097,False
afnc,2024,48,0,1889,0.0,False
afnc,2024,49,10,1889,0.5293806246691372,False
afnc,2024,50,6,1889,0.31762837480148226,False
afnc,2024,51,7,1889,0.370566437268396,False
afnc,2024,52,1,1889,0.05293806246691371,False
afnc,2024,53,21,1889,1.1116993118051879,False
afnc,2024,54,0,1889,0.0,False
afnc,2024,55,4,1889,0.21175224986765484,False
afnc,2024,56,5,1889,0.2646903123345686,False
afnc,2024,57,0,1889,0.0,False
afnc,2024,58,2,1889,0.10587612493382742,False
afnc,2024,59,2,1889,0.10587612493382742,False
afnc,2024,60,0,1889,0.0,False
afnc,2024,61,2,1889,0.10587612493382742,False
afnc,2024,62,10,1889,0.5293806246691372,False
afnc,2024,63,0,1889,0.0,False
afnc,2025,-1,408,1853,22.01834862385321,False
afnc,2025,0,215,1853,11.602806260118726,False
afnc,2025,1,30,1853,1.618996222342148,False
afnc,2025,2,117,1853,6.314085267134376,False
afnc,2025,3,24,1853,1.2951969778737182,False
afnc,2025,4,2,1853,0.10793308148947653,False
afnc,2025,5,26,1853,1.4031300593631948,False
afnc,2025,6,119,1853,6.422018348623853,False
afnc,2025,7,5,1853,0.26983270372369134,False
afnc,2025,8,64,1853,3.453858607663249,False
afnc,2025,9,20,1853,1.0793308148947653,False
afnc,2025,10,0,1853,0.0,False
afnc,2025,11,89,1853,4.803022126281705,False
afnc,2025,12,12,1853,0.6475984889368591,False
afnc,2025,13,22,1853,1.1872638963842417,False
afnc,2025,14,11,1853,0.5936319481921208,False
afnc,2025,15,40,1853,2.1586616297895307,False
afnc,2025,16,19,1853,1.025364274150027,False
afnc,2025,17,16,1853,0.8634646519158122,False
afnc,2025,18,5,1853,0.26983270372369134,False
afnc,2025,19,6,1853,0.32379924446842956,False
afnc,2025,20,4,1853,0.21586616297895306,False
afnc,2025,21,9,1853,0.48569886670264434,False
afnc,2025,22,8,1853,0.4317323259579061,False
afnc,2025,23,51,1853,2.7522935779816513,False
afnc,2025,24,77,1853,4.155423637344846,False
afnc,2025,25,14,1853,0.7555315704263357,False
afnc,2025,26,3,1853,0.16189962223421478,False
afnc,2025,27,1,1853,0.053966540744738264,False
afnc,2025,28,24,1853,1.2951969778737182,False
afnc,2025,29,7,1853,0.37776578521316784,False
afnc,2025,30,9,1853,0.48569886670264434,False
afnc,2025,31,14,1853,0.7555315704263357,False
afnc,2025,32,19,1853,1.025364274150027,False
afnc,2025,33,2,1853,0.10793308148947653,False
afnc,2025,34,19,1853,1.025364274150027,False
afnc,2025,35,9,1853,0.48569886670264434,False
afnc,2025,36,52,1853,2.8062601187263896,False
afnc,2025,37,0,1853,0.0,False
afnc,2025,38,28,1853,1.5110631408526713,False
afnc,2025,39,22,1853,1.1872638963842417,False
afnc,2025,40,0,1853,0.0,False
afnc,2025,41,11,1853,0.5936319481921208,False
afnc,2025,42,7,1853,0.37776578521316784,False
afnc,2025,43,2,1853,0.10793308148947653,False
afnc,2025,44,25,1853,1.3491635186184565,False
afnc,2025,45,28,1853,1.5110631408526713,False
afnc,2025,46,2,1853,0.10793308148947653,False
afnc,2025,47,33,1853,1.7808958445763627,False
afnc,2025,48,0,1853,0.0,False
afnc,2025,49,11,1853,0.5936319481921208,False
afnc,2025,50,20,1853,1.0793308148947653,False
afnc,2025,51,6,1853,0.32379924446842956,False
afnc,2025,52,15,1853,0.809498111171074,False
afnc,2025,53,7,1853,0.37776578521316784,False
afnc,2025,54,0,1853,0.0,False
afnc,2025,55,2,1853,0.10793308148947653,False
afnc,2025,56,13,1853,0.7015650296815974,False
afnc,2025,57,2,1853,0.10793308148947653,False
afnc,2025,58,3,1853,0.16189962223421478,False
afnc,2025,59,4,1853,0.21586616297895306,False
afnc,2025,60,0,1853,0.0,False
afnc,2025,61,26,1853,1.4031300593631948,False
afnc,2025,62,14,1853,0.7555315704263357,False
afnc,2025,63,0,1853,0.0,False
afnc,2026,-1,263,979,26.86414708886619,True
afnc,2026,0,126,979,12.870275791624106,True
afnc,2026,1,4,979,0.40858018386108275,True
afnc,2026,2,44,979,4.49438202247191,True
afnc,2026,3,6,979,0.6128702757916241,True
afnc,2026,4,1,979,0.10214504596527069,True
afnc,2026,5,3,979,0.30643513789581206,True
afnc,2026,6,71,979,7.252298263534219,True
afnc,2026,7,15,979,1.5321756894790604,True
afnc,2026,8,23,979,2.3493360572012256,True
afnc,2026,9,9,979,0.9193054136874361,True
afnc,2026,10,8,979,0.8171603677221655,True
afnc,2026,11,20,979,2.0429009193054135,True
afnc,2026,12,3,979,0.30643513789581206,True
afnc,2026,13,16,979,1.634320735444331,True
afnc,2026,14,4,979,0.40858018386108275,True
afnc,2026,15,21,979,2.1450459652706844,True
afnc,2026,16,0,979,0.0,True
afnc,2026,17,8,979,0.8171603677221655,True
afnc,2026,18,1,979,0.10214504596527069,True
afnc,2026,19,5,979,0.5107252298263534,True
afnc,2026,20,2,979,0.20429009193054137,True
afnc,2026,21,3,979,0.30643513789581206,True
afnc,2026,22,3,979,0.30643513789581206,True
afnc,2026,23,10,979,1.0214504596527068,True
afnc,2026,24,18,979,1.8386108273748722,True
afnc,2026,25,5,979,0.5107252298263534,True
afnc,2026,26,1,979,0.10214504596527069,True
afnc,2026,27,1,979,0.10214504596527069,True
afnc,2026,28,32,979,3.268641470888662,True
afnc,2026,29,3,979,0.30643513789581206,True
afnc,2026,30,5,979,0.5107252298263534,True
afnc,2026,31,47,979,4.800817160367722,True
afnc,2026,32,6,979,0.6128702757916241,True
afnc,2026,33,1,979,0.10214504596527069,True
afnc,2026,34,36,979,3.6772216547497445,True
afnc,2026,35,3,979,0.30643513789581206,True
afnc,2026,36,13,979,1.3278855975485189,True
afnc,2026,37,0,979,0.0,True
afnc,2026,38,3,979,0.30643513789581206,True
afnc,2026,39,0,979,0.0,True
afnc,2026,40,0,979,0.0,True
afnc,2026,41,3,979,0.30643513789581206,True
afnc,2026,42,4,979,0.40858018386108275,True
afnc,2026,43,7,979,0.7150153217568948,True
afnc,2026,44,11,979,1.1235955056179776,True
afnc,2026,45,19,979,1.940755873340143,True
afnc,2026,46,2,979,0.20429009193054137,True
afnc,2026,47,6,979,0.6128702757916241,True
afnc,2026,48,1,979,0.10214504596527069,True
afnc,2026,49,11,979,1.1235955056179776,True
afnc,2026,50,11,979,1.1235955056179776,True
afnc,2026,51,4,979,0.40858018386108275,True
afnc,2026,52,28,979,2.860061287027579,True
afnc,2026,53,13,979,1.3278855975485189,True
afnc,2026,54,0,979,0.0,True
afnc,2026,55,5,979,0.5107252298263534,True
afnc,2026,56,4,979,0.40858018386108275,True
afnc,2026,57,0,979,0.0,True
afnc,2026,58,0,979,0.0,True
afnc,2026,59,3,979,0.30643513789581206,True
afnc,2026,60,1,979,0.10214504596527069,True
afnc,2026,61,3,979,0.30643513789581206,True
afnc,2026,62,0,979,0.0,True
afnc,2026,63,0,979,0.0,True
afp,2015,-1,0,0,,True
afp,2015,0,0,0,,True
afp,2015,1,0,0,,True
afp,2015,2,0,0,,True
afp,2015,3,0,0,,True
afp,2015,4,0,0,,True
afp,2015,5,0,0,,True
afp,2015,6,0,0,,True
afp,2015,7,0,0,,True
afp,2015,8,0,0,,True
afp,2015,9,0,0,,True
afp,2015,10,0,0,,True
afp,2015,11,0,0,,True
afp,2015,12,0,0,,True
afp,2015,13,0,0,,True
afp,2015,14,0,0,,True
afp,2015,15,0,0,,True
afp,2015,16,0,0,,True
afp,2015,17,0,0,,True
afp,2015,18,0,0,,True
afp,2015,19,0,0,,True
afp,2015,20,0,0,,True
afp,2015,21,0,0,,True
afp,2015,22,0,0,,True
afp,2015,23,0,0,,True
afp,2015,24,0,0,,True
afp,2015,25,0,0,,True
afp,2015,26,0,0,,True
afp,2015,27,0,0,,True
afp,2015,28,0,0,,True
afp,2015,29,0,0,,True
afp,2015,30,0,0,,True
afp,2015,31,0,0,,True
afp,2015,32,0,0,,True
afp,2015,33,0,0,,True
afp,2015,34,0,0,,True
afp,2015,35,0,0,,True
afp,2015,36,0,0,,True
afp,2015,37,0,0,,True
afp,2015,38,0,0,,True
afp,2015,39,0,0,,True
afp,2015,40,0,0,,True
afp,2015,41,0,0,,True
afp,2015,42,0,0,,True
afp,2015,43,0,0,,True
afp,2015,44,0,0,,True
afp,2015,45,0,0,,True
afp,2015,46,0,0,,True
afp,2015,47,0,0,,True
afp,2015,48,0,0,,True
afp,2015,49,0,0,,True
afp,2015,50,0,0,,True
afp,2015,51,0,0,,True
afp,2015,52,0,0,,True
afp,2015,53,0,0,,True
afp,2015,54,0,0,,True
afp,2015,55,0,0,,True
afp,2015,56,0,0,,True
afp,2015,57,0,0,,True
afp,2015,58,0,0,,True
afp,2015,59,0,0,,True
afp,2015,60,0,0,,True
afp,2015,61,0,0,,True
afp,2015,62,0,0,,True
afp,2015,63,0,0,,True
afp,2016,-1,0,0,,False
afp,2016,0,0,0,,False
afp,2016,1,0,0,,False
afp,2016,2,0,0,,False
afp,2016,3,0,0,,False
afp,2016,4,0,0,,False
afp,2016,5,0,0,,False
afp,2016,6,0,0,,False
afp,2016,7,0,0,,False
afp,2016,8,0,0,,False
afp,2016,9,0,0,,False
afp,2016,10,0,0,,False
afp,2016,11,0,0,,False
afp,2016,12,0,0,,False
afp,2016,13,0,0,,False
afp,2016,14,0,0,,False
afp,2016,15,0,0,,False
afp,2016,16,0,0,,False
afp,2016,17,0,0,,False
afp,2016,18,0,0,,False
afp,2016,19,0,0,,False
afp,2016,20,0,0,,False
afp,2016,21,0,0,,False
afp,2016,22,0,0,,False
afp,2016,23,0,0,,False
afp,2016,24,0,0,,False
afp,2016,25,0,0,,False
afp,2016,26,0,0,,False
afp,2016,27,0,0,,False
afp,2016,28,0,0,,False
afp,2016,29,0,0,,False
afp,2016,30,0,0,,False
afp,2016,31,0,0,,False
afp,2016,32,0,0,,False
afp,2016,33,0,0,,False
afp,2016,34,0,0,,False
afp,2016,35,0,0,,False
afp,2016,36,0,0,,False
afp,2016,37,0,0,,False
afp,2016,38,0,0,,False
afp,2016,39,0,0,,False
afp,2016,40,0,0,,False
afp,2016,41,0,0,,False
afp,2016,42,0,0,,False
afp,2016,43,0,0,,False
afp,2016,44,0,0,,False
afp,2016,45,0,0,,False
afp,2016,46,0,0,,False
afp,2016,47,0,0,,False
afp,2016,48,0,0,,False
afp,2016,49,0,0,,False
afp,2016,50,0,0,,False
afp,2016,51,0,0,,False
afp,2016,52,0,0,,False
afp,2016,53,0,0,,False
afp,2016,54,0,0,,False
afp,2016,55,0,0,,False
afp,2016,56,0,0,,False
afp,2016,57,0,0,,False
afp,2016,58,0,0,,False
afp,2016,59,0,0,,False
afp,2016,60,0,0,,False
afp,2016,61,0,0,,False
afp,2016,62,0,0,,False
afp,2016,63,0,0,,False
afp,2017,-1,0,0,,False
afp,2017,0,0,0,,False
afp,2017,1,0,0,,False
afp,2017,2,0,0,,False
afp,2017,3,0,0,,False
afp,2017,4,0,0,,False
afp,2017,5,0,0,,False
afp,2017,6,0,0,,False
afp,2017,7,0,0,,False
afp,2017,8,0,0,,False
afp,2017,9,0,0,,False
afp,2017,10,0,0,,False
afp,2017,11,0,0,,False
afp,2017,12,0,0,,False
afp,2017,13,0,0,,False
afp,2017,14,0,0,,False
afp,2017,15,0,0,,False
afp,2017,16,0,0,,False
afp,2017,17,0,0,,False
afp,2017,18,0,0,,False
afp,2017,19,0,0,,False
afp,2017,20,0,0,,False
afp,2017,21,0,0,,False
afp,2017,22,0,0,,False
afp,2017,23,0,0,,False
afp,2017,24,0,0,,False
afp,2017,25,0,0,,False
afp,2017,26,0,0,,False
afp,2017,27,0,0,,False
afp,2017,28,0,0,,False
afp,2017,29,0,0,,False
afp,2017,30,0,0,,False
afp,2017,31,0,0,,False
afp,2017,32,0,0,,False
afp,2017,33,0,0,,False
afp,2017,34,0,0,,False
afp,2017,35,0,0,,False
afp,2017,36,0,0,,False
afp,2017,37,0,0,,False
afp,2017,38,0,0,,False
afp,2017,39,0,0,,False
afp,2017,40,0,0,,False
afp,2017,41,0,0,,False
afp,2017,42,0,0,,False
afp,2017,43,0,0,,False
afp,2017,44,0,0,,False
afp,2017,45,0,0,,False
afp,2017,46,0,0,,False
afp,2017,47,0,0,,False
afp,2017,48,0,0,,False
afp,2017,49,0,0,,False
afp,2017,50,0,0,,False
afp,2017,51,0,0,,False
afp,2017,52,0,0,,False
afp,2017,53,0,0,,False
afp,2017,54,0,0,,False
afp,2017,55,0,0,,False
afp,2017,56,0,0,,False
afp,2017,57,0,0,,False
afp,2017,58,0,0,,False
afp,2017,59,0,0,,False
afp,2017,60,0,0,,False
afp,2017,61,0,0,,False
afp,2017,62,0,0,,False
afp,2017,63,0,0,,False
afp,2018,-1,0,0,,False
afp,2018,0,0,0,,False
afp,2018,1,0,0,,False
afp,2018,2,0,0,,False
afp,2018,3,0,0,,False
afp,2018,4,0,0,,False
afp,2018,5,0,0,,False
afp,2018,6,0,0,,False
afp,2018,7,0,0,,False
afp,2018,8,0,0,,False
afp,2018,9,0,0,,False
afp,2018,10,0,0,,False
afp,2018,11,0,0,,False
afp,2018,12,0,0,,False
afp,2018,13,0,0,,False
afp,2018,14,0,0,,False
afp,2018,15,0,0,,False
afp,2018,16,0,0,,False
afp,2018,17,0,0,,False
afp,2018,18,0,0,,False
afp,2018,19,0,0,,False
afp,2018,20,0,0,,False
afp,2018,21,0,0,,False
afp,2018,22,0,0,,False
afp,2018,23,0,0,,False
afp,2018,24,0,0,,False
afp,2018,25,0,0,,False
afp,2018,26,0,0,,False
afp,2018,27,0,0,,False
afp,2018,28,0,0,,False
afp,2018,29,0,0,,False
afp,2018,30,0,0,,False
afp,2018,31,0,0,,False
afp,2018,32,0,0,,False
afp,2018,33,0,0,,False
afp,2018,34,0,0,,False
afp,2018,35,0,0,,False
afp,2018,36,0,0,,False
afp,2018,37,0,0,,False
afp,2018,38,0,0,,False
afp,2018,39,0,0,,False
afp,2018,40,0,0,,False
afp,2018,41,0,0,,False
afp,2018,42,0,0,,False
afp,2018,43,0,0,,False
afp,2018,44,0,0,,False
afp,2018,45,0,0,,False
afp,2018,46,0,0,,False
afp,2018,47,0,0,,False
afp,2018,48,0,0,,False
afp,2018,49,0,0,,False
afp,2018,50,0,0,,False
afp,2018,51,0,0,,False
afp,2018,52,0,0,,False
afp,2018,53,0,0,,False
afp,2018,54,0,0,,False
afp,2018,55,0,0,,False
afp,2018,56,0,0,,False
afp,2018,57,0,0,,False
afp,2018,58,0,0,,False
afp,2018,59,0,0,,False
afp,2018,60,0,0,,False
afp,2018,61,0,0,,False
afp,2018,62,0,0,,False
afp,2018,63,0,0,,False
afp,2019,-1,0,0,,False
afp,2019,0,0,0,,False
afp,2019,1,0,0,,False
afp,2019,2,0,0,,False
afp,2019,3,0,0,,False
afp,2019,4,0,0,,False
afp,2019,5,0,0,,False
afp,2019,6,0,0,,False
afp,2019,7,0,0,,False
afp,2019,8,0,0,,False
afp,2019,9,0,0,,False
afp,2019,10,0,0,,False
afp,2019,11,0,0,,False
afp,2019,12,0,0,,False
afp,2019,13,0,0,,False
afp,2019,14,0,0,,False
afp,2019,15,0,0,,False
afp,2019,16,0,0,,False
afp,2019,17,0,0,,False
afp,2019,18,0,0,,False
afp,2019,19,0,0,,False
afp,2019,20,0,0,,False
afp,2019,21,0,0,,False
afp,2019,22,0,0,,False
afp,2019,23,0,0,,False
afp,2019,24,0,0,,False
afp,2019,25,0,0,,False
afp,2019,26,0,0,,False
afp,2019,27,0,0,,False
afp,2019,28,0,0,,False
afp,2019,29,0,0,,False
afp,2019,30,0,0,,False
afp,2019,31,0,0,,False
afp,2019,32,0,0,,False
afp,2019,33,0,0,,False
afp,2019,34,0,0,,False
afp,2019,35,0,0,,False
afp,2019,36,0,0,,False
afp,2019,37,0,0,,False
afp,2019,38,0,0,,False
afp,2019,39,0,0,,False
afp,2019,40,0,0,,False
afp,2019,41,0,0,,False
afp,2019,42,0,0,,False
afp,2019,43,0,0,,False
afp,2019,44,0,0,,False
afp,2019,45,0,0,,False
afp,2019,46,0,0,,False
afp,2019,47,0,0,,False
afp,2019,48,0,0,,False
afp,2019,49,0,0,,False
afp,2019,50,0,0,,False
afp,2019,51,0,0,,False
afp,2019,52,0,0,,False
afp,2019,53,0,0,,False
afp,2019,54,0,0,,False
afp,2019,55,0,0,,False
afp,2019,56,0,0,,False
afp,2019,57,0,0,,False
afp,2019,58,0,0,,False
afp,2019,59,0,0,,False
afp,2019,60,0,0,,False
afp,2019,61,0,0,,False
afp,2019,62,0,0,,False
afp,2019,63,0,0,,False
afp,2020,-1,21,106,19.81132075471698,False
afp,2020,0,29,106,27.358490566037737,False
afp,2020,1,0,106,0.0,False
afp,2020,2,0,106,0.0,False
afp,2020,3,0,106,0.0,False
afp,2020,4,12,106,11.320754716981131,False
afp,2020,5,0,106,0.0,False
afp,2020,6,0,106,0.0,False
afp,2020,7,5,106,4.716981132075472,False
afp,2020,8,1,106,0.9433962264150944,False
afp,2020,9,0,106,0.0,False
afp,2020,10,0,106,0.0,False
afp,2020,11,0,106,0.0,False
afp,2020,12,0,106,0.0,False
afp,2020,13,2,106,1.8867924528301887,False
afp,2020,14,1,106,0.9433962264150944,False
afp,2020,15,0,106,0.0,False
afp,2020,16,0,106,0.0,False
afp,2020,17,0,106,0.0,False
afp,2020,18,0,106,0.0,False
afp,2020,19,1,106,0.9433962264150944,False
afp,2020,20,2,106,1.8867924528301887,False
afp,2020,21,0,106,0.0,False
afp,2020,22,0,106,0.0,False
afp,2020,23,0,106,0.0,False
afp,2020,24,0,106,0.0,False
afp,2020,25,0,106,0.0,False
afp,2020,26,0,106,0.0,False
afp,2020,27,1,106,0.9433962264150944,False
afp,2020,28,1,106,0.9433962264150944,False
afp,2020,29,0,106,0.0,False
afp,2020,30,2,106,1.8867924528301887,False
afp,2020,31,0,106,0.0,False
afp,2020,32,0,106,0.0,False
afp,2020,33,0,106,0.0,False
afp,2020,34,0,106,0.0,False
afp,2020,35,0,106,0.0,False
afp,2020,36,0,106,0.0,False
afp,2020,37,0,106,0.0,False
afp,2020,38,0,106,0.0,False
afp,2020,39,0,106,0.0,False
afp,2020,40,26,106,24.528301886792452,False
afp,2020,41,0,106,0.0,False
afp,2020,42,0,106,0.0,False
afp,2020,43,0,106,0.0,False
afp,2020,44,0,106,0.0,False
afp,2020,45,0,106,0.0,False
afp,2020,46,0,106,0.0,False
afp,2020,47,0,106,0.0,False
afp,2020,48,0,106,0.0,False
afp,2020,49,0,106,0.0,False
afp,2020,50,0,106,0.0,False
afp,2020,51,0,106,0.0,False
afp,2020,52,0,106,0.0,False
afp,2020,53,0,106,0.0,False
afp,2020,54,0,106,0.0,False
afp,2020,55,0,106,0.0,False
afp,2020,56,0,106,0.0,False
afp,2020,57,0,106,0.0,False
afp,2020,58,0,106,0.0,False
afp,2020,59,0,106,0.0,False
afp,2020,60,2,106,1.8867924528301887,False
afp,2020,61,0,106,0.0,False
afp,2020,62,0,106,0.0,False
afp,2020,63,0,106,0.0,False
afp,2021,-1,22,87,25.28735632183908,False
afp,2021,0,16,87,18.39080459770115,False
afp,2021,1,0,87,0.0,False
afp,2021,2,0,87,0.0,False
afp,2021,3,0,87,0.0,False
afp,2021,4,13,87,14.942528735632184,False
afp,2021,5,0,87,0.0,False
afp,2021,6,1,87,1.1494252873563218,False
afp,2021,7,1,87,1.1494252873563218,False
afp,2021,8,0,87,0.0,False
afp,2021,9,0,87,0.0,False
afp,2021,10,2,87,2.2988505747126435,False
afp,2021,11,0,87,0.0,False
afp,2021,12,0,87,0.0,False
afp,2021,13,0,87,0.0,False
afp,2021,14,0,87,0.0,False
afp,2021,15,0,87,0.0,False
afp,2021,16,0,87,0.0,False
afp,2021,17,0,87,0.0,False
afp,2021,18,1,87,1.1494252873563218,False
afp,2021,19,0,87,0.0,False
afp,2021,20,0,87,0.0,False
afp,2021,21,0,87,0.0,False
afp,2021,22,0,87,0.0,False
afp,2021,23,0,87,0.0,False
afp,2021,24,0,87,0.0,False
afp,2021,25,0,87,0.0,False
afp,2021,26,0,87,0.0,False
afp,2021,27,1,87,1.1494252873563218,False
afp,2021,28,0,87,0.0,False
afp,2021,29,0,87,0.0,False
afp,2021,30,0,87,0.0,False
afp,2021,31,0,87,0.0,False
afp,2021,32,1,87,1.1494252873563218,False
afp,2021,33,1,87,1.1494252873563218,False
afp,2021,34,0,87,0.0,False
afp,2021,35,0,87,0.0,False
afp,2021,36,0,87,0.0,False
afp,2021,37,0,87,0.0,False
afp,2021,38,0,87,0.0,False
afp,2021,39,0,87,0.0,False
afp,2021,40,27,87,31.03448275862069,False
afp,2021,41,0,87,0.0,False
afp,2021,42,0,87,0.0,False
afp,2021,43,0,87,0.0,False
afp,2021,44,0,87,0.0,False
afp,2021,45,0,87,0.0,False
afp,2021,46,0,87,0.0,False
afp,2021,47,0,87,0.0,False
afp,2021,48,0,87,0.0,False
afp,2021,49,0,87,0.0,False
afp,2021,50,0,87,0.0,False
afp,2021,51,1,87,1.1494252873563218,False
afp,2021,52,0,87,0.0,False
afp,2021,53,0,87,0.0,False
afp,2021,54,0,87,0.0,False
afp,2021,55,0,87,0.0,False
afp,2021,56,0,87,0.0,False
afp,2021,57,0,87,0.0,False
afp,2021,58,0,87,0.0,False
afp,2021,59,0,87,0.0,False
afp,2021,60,0,87,0.0,False
afp,2021,61,0,87,0.0,False
afp,2021,62,0,87,0.0,False
afp,2021,63,0,87,0.0,False
afp,2022,-1,20,81,24.691358024691358,False
afp,2022,0,26,81,32.098765432098766,False
afp,2022,1,0,81,0.0,False
afp,2022,2,0,81,0.0,False
afp,2022,3,0,81,0.0,False
afp,2022,4,2,81,2.4691358024691357,False
afp,2022,5,1,81,1.2345679012345678,False
afp,2022,6,0,81,0.0,False
afp,2022,7,1,81,1.2345679012345678,False
afp,2022,8,0,81,0.0,False
afp,2022,9,0,81,0.0,False
afp,2022,10,2,81,2.4691358024691357,False
afp,2022,11,0,81,0.0,False
afp,2022,12,0,81,0.0,False
afp,2022,13,0,81,0.0,False
afp,2022,14,0,81,0.0,False
afp,2022,15,0,81,0.0,False
afp,2022,16,0,81,0.0,False
afp,2022,17,0,81,0.0,False
afp,2022,18,1,81,1.2345679012345678,False
afp,2022,19,0,81,0.0,False
afp,2022,20,0,81,0.0,False
afp,2022,21,0,81,0.0,False
afp,2022,22,1,81,1.2345679012345678,False
afp,2022,23,0,81,0.0,False
afp,2022,24,0,81,0.0,False
afp,2022,25,0,81,0.0,False
afp,2022,26,0,81,0.0,False
afp,2022,27,14,81,17.28395061728395,False
afp,2022,28,0,81,0.0,False
afp,2022,29,0,81,0.0,False
afp,2022,30,0,81,0.0,False
afp,2022,31,0,81,0.0,False
afp,2022,32,0,81,0.0,False
afp,2022,33,1,81,1.2345679012345678,False
afp,2022,34,0,81,0.0,False
afp,2022,35,0,81,0.0,False
afp,2022,36,0,81,0.0,False
afp,2022,37,4,81,4.938271604938271,False
afp,2022,38,0,81,0.0,False
afp,2022,39,0,81,0.0,False
afp,2022,40,8,81,9.876543209876543,False
afp,2022,41,0,81,0.0,False
afp,2022,42,0,81,0.0,False
afp,2022,43,0,81,0.0,False
afp,2022,44,0,81,0.0,False
afp,2022,45,0,81,0.0,False
afp,2022,46,0,81,0.0,False
afp,2022,47,0,81,0.0,False
afp,2022,48,0,81,0.0,False
afp,2022,49,0,81,0.0,False
afp,2022,50,0,81,0.0,False
afp,2022,51,0,81,0.0,False
afp,2022,52,0,81,0.0,False
afp,2022,53,0,81,0.0,False
afp,2022,54,0,81,0.0,False
afp,2022,55,0,81,0.0,False
afp,2022,56,0,81,0.0,False
afp,2022,57,0,81,0.0,False
afp,2022,58,0,81,0.0,False
afp,2022,59,0,81,0.0,False
afp,2022,60,0,81,0.0,False
afp,2022,61,0,81,0.0,False
afp,2022,62,0,81,0.0,False
afp,2022,63,0,81,0.0,False
afp,2023,-1,27,78,34.61538461538461,False
afp,2023,0,12,78,15.384615384615385,False
afp,2023,1,0,78,0.0,False
afp,2023,2,0,78,0.0,False
afp,2023,3,0,78,0.0,False
afp,2023,4,0,78,0.0,False
afp,2023,5,0,78,0.0,False
afp,2023,6,0,78,0.0,False
afp,2023,7,1,78,1.2820512820512822,False
afp,2023,8,0,78,0.0,False
afp,2023,9,0,78,0.0,False
afp,2023,10,17,78,21.794871794871796,False
afp,2023,11,0,78,0.0,False
afp,2023,12,0,78,0.0,False
afp,2023,13,0,78,0.0,False
afp,2023,14,0,78,0.0,False
afp,2023,15,0,78,0.0,False
afp,2023,16,0,78,0.0,False
afp,2023,17,0,78,0.0,False
afp,2023,18,0,78,0.0,False
afp,2023,19,0,78,0.0,False
afp,2023,20,0,78,0.0,False
afp,2023,21,0,78,0.0,False
afp,2023,22,0,78,0.0,False
afp,2023,23,1,78,1.2820512820512822,False
afp,2023,24,0,78,0.0,False
afp,2023,25,0,78,0.0,False
afp,2023,26,0,78,0.0,False
afp,2023,27,5,78,6.410256410256411,False
afp,2023,28,1,78,1.2820512820512822,False
afp,2023,29,0,78,0.0,False
afp,2023,30,2,78,2.5641025641025643,False
afp,2023,31,0,78,0.0,False
afp,2023,32,2,78,2.5641025641025643,False
afp,2023,33,1,78,1.2820512820512822,False
afp,2023,34,0,78,0.0,False
afp,2023,35,0,78,0.0,False
afp,2023,36,0,78,0.0,False
afp,2023,37,5,78,6.410256410256411,False
afp,2023,38,0,78,0.0,False
afp,2023,39,0,78,0.0,False
afp,2023,40,2,78,2.5641025641025643,False
afp,2023,41,0,78,0.0,False
afp,2023,42,0,78,0.0,False
afp,2023,43,2,78,2.5641025641025643,False
afp,2023,44,0,78,0.0,False
afp,2023,45,0,78,0.0,False
afp,2023,46,0,78,0.0,False
afp,2023,47,0,78,0.0,False
afp,2023,48,0,78,0.0,False
afp,2023,49,0,78,0.0,False
afp,2023,50,0,78,0.0,False
afp,2023,51,0,78,0.0,False
afp,2023,52,0,78,0.0,False
afp,2023,53,0,78,0.0,False
afp,2023,54,0,78,0.0,False
afp,2023,55,0,78,0.0,False
afp,2023,56,0,78,0.0,False
afp,2023,57,0,78,0.0,False
afp,2023,58,0,78,0.0,False
afp,2023,59,0,78,0.0,False
afp,2023,60,0,78,0.0,False
afp,2023,61,0,78,0.0,False
afp,2023,62,0,78,0.0,False
afp,2023,63,0,78,0.0,False
afp,2024,-1,26,109,23.853211009174313,False
afp,2024,0,10,109,9.174311926605505,False
afp,2024,1,0,109,0.0,False
afp,2024,2,0,109,0.0,False
afp,2024,3,0,109,0.0,False
afp,2024,4,0,109,0.0,False
afp,2024,5,0,109,0.0,False
afp,2024,6,0,109,0.0,False
afp,2024,7,1,109,0.9174311926605505,False
afp,2024,8,1,109,0.9174311926605505,False
afp,2024,9,0,109,0.0,False
afp,2024,10,32,109,29.357798165137616,False
afp,2024,11,0,109,0.0,False
afp,2024,12,0,109,0.0,False
afp,2024,13,0,109,0.0,False
afp,2024,14,0,109,0.0,False
afp,2024,15,0,109,0.0,False
afp,2024,16,0,109,0.0,False
afp,2024,17,0,109,0.0,False
afp,2024,18,3,109,2.7522935779816513,False
afp,2024,19,1,109,0.9174311926605505,False
afp,2024,20,0,109,0.0,False
afp,2024,21,0,109,0.0,False
afp,2024,22,0,109,0.0,False
afp,2024,23,0,109,0.0,False
afp,2024,24,0,109,0.0,False
afp,2024,25,0,109,0.0,False
afp,2024,26,0,109,0.0,False
afp,2024,27,9,109,8.256880733944953,False
afp,2024,28,0,109,0.0,False
afp,2024,29,0,109,0.0,False
afp,2024,30,0,109,0.0,False
afp,2024,31,0,109,0.0,False
afp,2024,32,3,109,2.7522935779816513,False
afp,2024,33,2,109,1.834862385321101,False
afp,2024,34,0,109,0.0,False
afp,2024,35,0,109,0.0,False
afp,2024,36,0,109,0.0,False
afp,2024,37,11,109,10.091743119266056,False
afp,2024,38,0,109,0.0,False
afp,2024,39,0,109,0.0,False
afp,2024,40,0,109,0.0,False
afp,2024,41,0,109,0.0,False
afp,2024,42,0,109,0.0,False
afp,2024,43,2,109,1.834862385321101,False
afp,2024,44,0,109,0.0,False
afp,2024,45,0,109,0.0,False
afp,2024,46,0,109,0.0,False
afp,2024,47,0,109,0.0,False
afp,2024,48,0,109,0.0,False
afp,2024,49,0,109,0.0,False
afp,2024,50,1,109,0.9174311926605505,False
afp,2024,51,0,109,0.0,False
afp,2024,52,0,109,0.0,False
afp,2024,53,0,109,0.0,False
afp,2024,54,0,109,0.0,False
afp,2024,55,0,109,0.0,False
afp,2024,56,0,109,0.0,False
afp,2024,57,5,109,4.587155963302752,False
afp,2024,58,0,109,0.0,False
afp,2024,59,0,109,0.0,False
afp,2024,60,1,109,0.9174311926605505,False
afp,2024,61,0,109,0.0,False
afp,2024,62,0,109,0.0,False
afp,2024,63,1,109,0.9174311926605505,False
afp,2025,-1,48,138,34.78260869565217,False
afp,2025,0,1,138,0.7246376811594203,False
afp,2025,1,0,138,0.0,False
afp,2025,2,0,138,0.0,False
afp,2025,3,0,138,0.0,False
afp,2025,4,0,138,0.0,False
afp,2025,5,0,138,0.0,False
afp,2025,6,1,138,0.7246376811594203,False
afp,2025,7,0,138,0.0,False
afp,2025,8,0,138,0.0,False
afp,2025,9,0,138,0.0,False
afp,2025,10,32,138,23.18840579710145,False
afp,2025,11,0,138,0.0,False
afp,2025,12,0,138,0.0,False
afp,2025,13,0,138,0.0,False
afp,2025,14,0,138,0.0,False
afp,2025,15,0,138,0.0,False
afp,2025,16,0,138,0.0,False
afp,2025,17,0,138,0.0,False
afp,2025,18,1,138,0.7246376811594203,False
afp,2025,19,0,138,0.0,False
afp,2025,20,0,138,0.0,False
afp,2025,21,1,138,0.7246376811594203,False
afp,2025,22,0,138,0.0,False
afp,2025,23,0,138,0.0,False
afp,2025,24,0,138,0.0,False
afp,2025,25,0,138,0.0,False
afp,2025,26,0,138,0.0,False
afp,2025,27,8,138,5.797101449275362,False
afp,2025,28,0,138,0.0,False
afp,2025,29,0,138,0.0,False
afp,2025,30,0,138,0.0,False
afp,2025,31,0,138,0.0,False
afp,2025,32,0,138,0.0,False
afp,2025,33,0,138,0.0,False
afp,2025,34,0,138,0.0,False
afp,2025,35,0,138,0.0,False
afp,2025,36,0,138,0.0,False
afp,2025,37,25,138,18.115942028985508,False
afp,2025,38,0,138,0.0,False
afp,2025,39,0,138,0.0,False
afp,2025,40,0,138,0.0,False
afp,2025,41,0,138,0.0,False
afp,2025,42,0,138,0.0,False
afp,2025,43,0,138,0.0,False
afp,2025,44,0,138,0.0,False
afp,2025,45,0,138,0.0,False
afp,2025,46,0,138,0.0,False
afp,2025,47,0,138,0.0,False
afp,2025,48,0,138,0.0,False
afp,2025,49,2,138,1.4492753623188406,False
afp,2025,50,0,138,0.0,False
afp,2025,51,1,138,0.7246376811594203,False
afp,2025,52,0,138,0.0,False
afp,2025,53,0,138,0.0,False
afp,2025,54,0,138,0.0,False
afp,2025,55,0,138,0.0,False
afp,2025,56,0,138,0.0,False
afp,2025,57,9,138,6.521739130434782,False
afp,2025,58,0,138,0.0,False
afp,2025,59,0,138,0.0,False
afp,2025,60,0,138,0.0,False
afp,2025,61,0,138,0.0,False
afp,2025,62,0,138,0.0,False
afp,2025,63,9,138,6.521739130434782,False
afp,2026,-1,21,91,23.076923076923077,True
afp,2026,0,2,91,2.197802197802198,True
afp,2026,1,0,91,0.0,True
afp,2026,2,0,91,0.0,True
afp,2026,3,0,91,0.0,True
afp,2026,4,0,91,0.0,True
afp,2026,5,0,91,0.0,True
afp,2026,6,2,91,2.197802197802198,True
afp,2026,7,0,91,0.0,True
afp,2026,8,0,91,0.0,True
afp,2026,9,0,91,0.0,True
afp,2026,10,31,91,34.065934065934066,True
afp,2026,11,0,91,0.0,True
afp,2026,12,0,91,0.0,True
afp,2026,13,0,91,0.0,True
afp,2026,14,0,91,0.0,True
afp,2026,15,0,91,0.0,True
afp,2026,16,0,91,0.0,True
afp,2026,17,0,91,0.0,True
afp,2026,18,0,91,0.0,True
afp,2026,19,0,91,0.0,True
afp,2026,20,0,91,0.0,True
afp,2026,21,0,91,0.0,True
afp,2026,22,0,91,0.0,True
afp,2026,23,0,91,0.0,True
afp,2026,24,0,91,0.0,True
afp,2026,25,0,91,0.0,True
afp,2026,26,0,91,0.0,True
afp,2026,27,19,91,20.87912087912088,True
afp,2026,28,2,91,2.197802197802198,True
afp,2026,29,0,91,0.0,True
afp,2026,30,0,91,0.0,True
afp,2026,31,0,91,0.0,True
afp,2026,32,0,91,0.0,True
afp,2026,33,0,91,0.0,True
afp,2026,34,0,91,0.0,True
afp,2026,35,0,91,0.0,True
afp,2026,36,0,91,0.0,True
afp,2026,37,12,91,13.186813186813186,True
afp,2026,38,0,91,0.0,True
afp,2026,39,0,91,0.0,True
afp,2026,40,0,91,0.0,True
afp,2026,41,0,91,0.0,True
afp,2026,42,0,91,0.0,True
afp,2026,43,0,91,0.0,True
afp,2026,44,0,91,0.0,True
afp,2026,45,0,91,0.0,True
afp,2026,46,0,91,0.0,True
afp,2026,47,0,91,0.0,True
afp,2026,48,0,91,0.0,True
afp,2026,49,0,91,0.0,True
afp,2026,50,0,91,0.0,True
afp,2026,51,0,91,0.0,True
afp,2026,52,0,91,0.0,True
afp,2026,53,0,91,0.0,True
afp,2026,54,0,91,0.0,True
afp,2026,55,1,91,1.098901098901099,True
afp,2026,56,0,91,0.0,True
afp,2026,57,1,91,1.098901098901099,True
afp,2026,58,0,91,0.0,True
afp,2026,59,0,91,0.0,True
afp,2026,60,0,91,0.0,True
afp,2026,61,0,91,0.0,True
afp,2026,62,0,91,0.0,True
afp,2026,63,0,91,0.0,True
cofact,2015,-1,0,0,,True
cofact,2015,0,0,0,,True
cofact,2015,1,0,0,,True
cofact,2015,2,0,0,,True
cofact,2015,3,0,0,,True
cofact,2015,4,0,0,,True
cofact,2015,5,0,0,,True
cofact,2015,6,0,0,,True
cofact,2015,7,0,0,,True
cofact,2015,8,0,0,,True
cofact,2015,9,0,0,,True
cofact,2015,10,0,0,,True
cofact,2015,11,0,0,,True
cofact,2015,12,0,0,,True
cofact,2015,13,0,0,,True
cofact,2015,14,0,0,,True
cofact,2015,15,0,0,,True
cofact,2015,16,0,0,,True
cofact,2015,17,0,0,,True
cofact,2015,18,0,0,,True
cofact,2015,19,0,0,,True
cofact,2015,20,0,0,,True
cofact,2015,21,0,0,,True
cofact,2015,22,0,0,,True
cofact,2015,23,0,0,,True
cofact,2015,24,0,0,,True
cofact,2015,25,0,0,,True
cofact,2015,26,0,0,,True
cofact,2015,27,0,0,,True
cofact,2015,28,0,0,,True
cofact,2015,29,0,0,,True
cofact,2015,30,0,0,,True
cofact,2015,31,0,0,,True
cofact,2015,32,0,0,,True
cofact,2015,33,0,0,,True
cofact,2015,34,0,0,,True
cofact,2015,35,0,0,,True
cofact,2015,36,0,0,,True
cofact,2015,37,0,0,,True
cofact,2015,38,0,0,,True
cofact,2015,39,0,0,,True
cofact,2015,40,0,0,,True
cofact,2015,41,0,0,,True
cofact,2015,42,0,0,,True
cofact,2015,43,0,0,,True
cofact,2015,44,0,0,,True
cofact,2015,45,0,0,,True
cofact,2015,46,0,0,,True
cofact,2015,47,0,0,,True
cofact,2015,48,0,0,,True
cofact,2015,49,0,0,,True
cofact,2015,50,0,0,,True
cofact,2015,51,0,0,,True
cofact,2015,52,0,0,,True
cofact,2015,53,0,0,,True
cofact,2015,54,0,0,,True
cofact,2015,55,0,0,,True
cofact,2015,56,0,0,,True
cofact,2015,57,0,0,,True
cofact,2015,58,0,0,,True
cofact,2015,59,0,0,,True
cofact,2015,60,0,0,,True
cofact,2015,61,0,0,,True
cofact,2015,62,0,0,,True
cofact,2015,63,0,0,,True
cofact,2016,-1,0,0,,False
cofact,2016,0,0,0,,False
cofact,2016,1,0,0,,False
cofact,2016,2,0,0,,False
cofact,2016,3,0,0,,False
cofact,2016,4,0,0,,False
cofact,2016,5,0,0,,False
cofact,2016,6,0,0,,False
cofact,2016,7,0,0,,False
cofact,2016,8,0,0,,False
cofact,2016,9,0,0,,False
cofact,2016,10,0,0,,False
cofact,2016,11,0,0,,False
cofact,2016,12,0,0,,False
cofact,2016,13,0,0,,False
cofact,2016,14,0,0,,False
cofact,2016,15,0,0,,False
cofact,2016,16,0,0,,False
cofact,2016,17,0,0,,False
cofact,2016,18,0,0,,False
cofact,2016,19,0,0,,False
cofact,2016,20,0,0,,False
cofact,2016,21,0,0,,False
cofact,2016,22,0,0,,False
cofact,2016,23,0,0,,False
cofact,2016,24,0,0,,False
cofact,2016,25,0,0,,False
cofact,2016,26,0,0,,False
cofact,2016,27,0,0,,False
cofact,2016,28,0,0,,False
cofact,2016,29,0,0,,False
cofact,2016,30,0,0,,False
cofact,2016,31,0,0,,False
cofact,2016,32,0,0,,False
cofact,2016,33,0,0,,False
cofact,2016,34,0,0,,False
cofact,2016,35,0,0,,False
cofact,2016,36,0,0,,False
cofact,2016,37,0,0,,False
cofact,2016,38,0,0,,False
cofact,2016,39,0,0,,False
cofact,2016,40,0,0,,False
cofact,2016,41,0,0,,False
cofact,2016,42,0,0,,False
cofact,2016,43,0,0,,False
cofact,2016,44,0,0,,False
cofact,2016,45,0,0,,False
cofact,2016,46,0,0,,False
cofact,2016,47,0,0,,False
cofact,2016,48,0,0,,False
cofact,2016,49,0,0,,False
cofact,2016,50,0,0,,False
cofact,2016,51,0,0,,False
cofact,2016,52,0,0,,False
cofact,2016,53,0,0,,False
cofact,2016,54,0,0,,False
cofact,2016,55,0,0,,False
cofact,2016,56,0,0,,False
cofact,2016,57,0,0,,False
cofact,2016,58,0,0,,False
cofact,2016,59,0,0,,False
cofact,2016,60,0,0,,False
cofact,2016,61,0,0,,False
cofact,2016,62,0,0,,False
cofact,2016,63,0,0,,False
cofact,2017,-1,0,0,,False
cofact,2017,0,0,0,,False
cofact,2017,1,0,0,,False
cofact,2017,2,0,0,,False
cofact,2017,3,0,0,,False
cofact,2017,4,0,0,,False
cofact,2017,5,0,0,,False
cofact,2017,6,0,0,,False
cofact,2017,7,0,0,,False
cofact,2017,8,0,0,,False
cofact,2017,9,0,0,,False
cofact,2017,10,0,0,,False
cofact,2017,11,0,0,,False
cofact,2017,12,0,0,,False
cofact,2017,13,0,0,,False
cofact,2017,14,0,0,,False
cofact,2017,15,0,0,,False
cofact,2017,16,0,0,,False
cofact,2017,17,0,0,,False
cofact,2017,18,0,0,,False
cofact,2017,19,0,0,,False
cofact,2017,20,0,0,,False
cofact,2017,21,0,0,,False
cofact,2017,22,0,0,,False
cofact,2017,23,0,0,,False
cofact,2017,24,0,0,,False
cofact,2017,25,0,0,,False
cofact,2017,26,0,0,,False
cofact,2017,27,0,0,,False
cofact,2017,28,0,0,,False
cofact,2017,29,0,0,,False
cofact,2017,30,0,0,,False
cofact,2017,31,0,0,,False
cofact,2017,32,0,0,,False
cofact,2017,33,0,0,,False
cofact,2017,34,0,0,,False
cofact,2017,35,0,0,,False
cofact,2017,36,0,0,,False
cofact,2017,37,0,0,,False
cofact,2017,38,0,0,,False
cofact,2017,39,0,0,,False
cofact,2017,40,0,0,,False
cofact,2017,41,0,0,,False
cofact,2017,42,0,0,,False
cofact,2017,43,0,0,,False
cofact,2017,44,0,0,,False
cofact,2017,45,0,0,,False
cofact,2017,46,0,0,,False
cofact,2017,47,0,0,,False
cofact,2017,48,0,0,,False
cofact,2017,49,0,0,,False
cofact,2017,50,0,0,,False
cofact,2017,51,0,0,,False
cofact,2017,52,0,0,,False
cofact,2017,53,0,0,,False
cofact,2017,54,0,0,,False
cofact,2017,55,0,0,,False
cofact,2017,56,0,0,,False
cofact,2017,57,0,0,,False
cofact,2017,58,0,0,,False
cofact,2017,59,0,0,,False
cofact,2017,60,0,0,,False
cofact,2017,61,0,0,,False
cofact,2017,62,0,0,,False
cofact,2017,63,0,0,,False
cofact,2018,-1,0,0,,False
cofact,2018,0,0,0,,False
cofact,2018,1,0,0,,False
cofact,2018,2,0,0,,False
cofact,2018,3,0,0,,False
cofact,2018,4,0,0,,False
cofact,2018,5,0,0,,False
cofact,2018,6,0,0,,False
cofact,2018,7,0,0,,False
cofact,2018,8,0,0,,False
cofact,2018,9,0,0,,False
cofact,2018,10,0,0,,False
cofact,2018,11,0,0,,False
cofact,2018,12,0,0,,False
cofact,2018,13,0,0,,False
cofact,2018,14,0,0,,False
cofact,2018,15,0,0,,False
cofact,2018,16,0,0,,False
cofact,2018,17,0,0,,False
cofact,2018,18,0,0,,False
cofact,2018,19,0,0,,False
cofact,2018,20,0,0,,False
cofact,2018,21,0,0,,False
cofact,2018,22,0,0,,False
cofact,2018,23,0,0,,False
cofact,2018,24,0,0,,False
cofact,2018,25,0,0,,False
cofact,2018,26,0,0,,False
cofact,2018,27,0,0,,False
cofact,2018,28,0,0,,False
cofact,2018,29,0,0,,False
cofact,2018,30,0,0,,False
cofact,2018,31,0,0,,False
cofact,2018,32,0,0,,False
cofact,2018,33,0,0,,False
cofact,2018,34,0,0,,False
cofact,2018,35,0,0,,False
cofact,2018,36,0,0,,False
cofact,2018,37,0,0,,False
cofact,2018,38,0,0,,False
cofact,2018,39,0,0,,False
cofact,2018,40,0,0,,False
cofact,2018,41,0,0,,False
cofact,2018,42,0,0,,False
cofact,2018,43,0,0,,False
cofact,2018,44,0,0,,False
cofact,2018,45,0,0,,False
cofact,2018,46,0,0,,False
cofact,2018,47,0,0,,False
cofact,2018,48,0,0,,False
cofact,2018,49,0,0,,False
cofact,2018,50,0,0,,False
cofact,2018,51,0,0,,False
cofact,2018,52,0,0,,False
cofact,2018,53,0,0,,False
cofact,2018,54,0,0,,False
cofact,2018,55,0,0,,False
cofact,2018,56,0,0,,False
cofact,2018,57,0,0,,False
cofact,2018,58,0,0,,False
cofact,2018,59,0,0,,False
cofact,2018,60,0,0,,False
cofact,2018,61,0,0,,False
cofact,2018,62,0,0,,False
cofact,2018,63,0,0,,False
cofact,2019,-1,0,0,,False
cofact,2019,0,0,0,,False
cofact,2019,1,0,0,,False
cofact,2019,2,0,0,,False
cofact,2019,3,0,0,,False
cofact,2019,4,0,0,,False
cofact,2019,5,0,0,,False
cofact,2019,6,0,0,,False
cofact,2019,7,0,0,,False
cofact,2019,8,0,0,,False
cofact,2019,9,0,0,,False
cofact,2019,10,0,0,,False
cofact,2019,11,0,0,,False
cofact,2019,12,0,0,,False
cofact,2019,13,0,0,,False
cofact,2019,14,0,0,,False
cofact,2019,15,0,0,,False
cofact,2019,16,0,0,,False
cofact,2019,17,0,0,,False
cofact,2019,18,0,0,,False
cofact,2019,19,0,0,,False
cofact,2019,20,0,0,,False
cofact,2019,21,0,0,,False
cofact,2019,22,0,0,,False
cofact,2019,23,0,0,,False
cofact,2019,24,0,0,,False
cofact,2019,25,0,0,,False
cofact,2019,26,0,0,,False
cofact,2019,27,0,0,,False
cofact,2019,28,0,0,,False
cofact,2019,29,0,0,,False
cofact,2019,30,0,0,,False
cofact,2019,31,0,0,,False
cofact,2019,32,0,0,,False
cofact,2019,33,0,0,,False
cofact,2019,34,0,0,,False
cofact,2019,35,0,0,,False
cofact,2019,36,0,0,,False
cofact,2019,37,0,0,,False
cofact,2019,38,0,0,,False
cofact,2019,39,0,0,,False
cofact,2019,40,0,0,,False
cofact,2019,41,0,0,,False
cofact,2019,42,0,0,,False
cofact,2019,43,0,0,,False
cofact,2019,44,0,0,,False
cofact,2019,45,0,0,,False
cofact,2019,46,0,0,,False
cofact,2019,47,0,0,,False
cofact,2019,48,0,0,,False
cofact,2019,49,0,0,,False
cofact,2019,50,0,0,,False
cofact,2019,51,0,0,,False
cofact,2019,52,0,0,,False
cofact,2019,53,0,0,,False
cofact,2019,54,0,0,,False
cofact,2019,55,0,0,,False
cofact,2019,56,0,0,,False
cofact,2019,57,0,0,,False
cofact,2019,58,0,0,,False
cofact,2019,59,0,0,,False
cofact,2019,60,0,0,,False
cofact,2019,61,0,0,,False
cofact,2019,62,0,0,,False
cofact,2019,63,0,0,,False
cofact,2020,-1,0,2,0.0,False
cofact,2020,0,2,2,100.0,False
cofact,2020,1,0,2,0.0,False
cofact,2020,2,0,2,0.0,False
cofact,2020,3,0,2,0.0,False
cofact,2020,4,0,2,0.0,False
cofact,2020,5,0,2,0.0,False
cofact,2020,6,0,2,0.0,False
cofact,2020,7,0,2,0.0,False
cofact,2020,8,0,2,0.0,False
cofact,2020,9,0,2,0.0,False
cofact,2020,10,0,2,0.0,False
cofact,2020,11,0,2,0.0,False
cofact,2020,12,0,2,0.0,False
cofact,2020,13,0,2,0.0,False
cofact,2020,14,0,2,0.0,False
cofact,2020,15,0,2,0.0,False
cofact,2020,16,0,2,0.0,False
cofact,2020,17,0,2,0.0,False
cofact,2020,18,0,2,0.0,False
cofact,2020,19,0,2,0.0,False
cofact,2020,20,0,2,0.0,False
cofact,2020,21,0,2,0.0,False
cofact,2020,22,0,2,0.0,False
cofact,2020,23,0,2,0.0,False
cofact,2020,24,0,2,0.0,False
cofact,2020,25,0,2,0.0,False
cofact,2020,26,0,2,0.0,False
cofact,2020,27,0,2,0.0,False
cofact,2020,28,0,2,0.0,False
cofact,2020,29,0,2,0.0,False
cofact,2020,30,0,2,0.0,False
cofact,2020,31,0,2,0.0,False
cofact,2020,32,0,2,0.0,False
cofact,2020,33,0,2,0.0,False
cofact,2020,34,0,2,0.0,False
cofact,2020,35,0,2,0.0,False
cofact,2020,36,0,2,0.0,False
cofact,2020,37,0,2,0.0,False
cofact,2020,38,0,2,0.0,False
cofact,2020,39,0,2,0.0,False
cofact,2020,40,0,2,0.0,False
cofact,2020,41,0,2,0.0,False
cofact,2020,42,0,2,0.0,False
cofact,2020,43,0,2,0.0,False
cofact,2020,44,0,2,0.0,False
cofact,2020,45,0,2,0.0,False
cofact,2020,46,0,2,0.0,False
cofact,2020,47,0,2,0.0,False
cofact,2020,48,0,2,0.0,False
cofact,2020,49,0,2,0.0,False
cofact,2020,50,0,2,0.0,False
cofact,2020,51,0,2,0.0,False
cofact,2020,52,0,2,0.0,False
cofact,2020,53,0,2,0.0,False
cofact,2020,54,0,2,0.0,False
cofact,2020,55,0,2,0.0,False
cofact,2020,56,0,2,0.0,False
cofact,2020,57,0,2,0.0,False
cofact,2020,58,0,2,0.0,False
cofact,2020,59,0,2,0.0,False
cofact,2020,60,0,2,0.0,False
cofact,2020,61,0,2,0.0,False
cofact,2020,62,0,2,0.0,False
cofact,2020,63,0,2,0.0,False
cofact,2021,-1,0,0,,False
cofact,2021,0,0,0,,False
cofact,2021,1,0,0,,False
cofact,2021,2,0,0,,False
cofact,2021,3,0,0,,False
cofact,2021,4,0,0,,False
cofact,2021,5,0,0,,False
cofact,2021,6,0,0,,False
cofact,2021,7,0,0,,False
cofact,2021,8,0,0,,False
cofact,2021,9,0,0,,False
cofact,2021,10,0,0,,False
cofact,2021,11,0,0,,False
cofact,2021,12,0,0,,False
cofact,2021,13,0,0,,False
cofact,2021,14,0,0,,False
cofact,2021,15,0,0,,False
cofact,2021,16,0,0,,False
cofact,2021,17,0,0,,False
cofact,2021,18,0,0,,False
cofact,2021,19,0,0,,False
cofact,2021,20,0,0,,False
cofact,2021,21,0,0,,False
cofact,2021,22,0,0,,False
cofact,2021,23,0,0,,False
cofact,2021,24,0,0,,False
cofact,2021,25,0,0,,False
cofact,2021,26,0,0,,False
cofact,2021,27,0,0,,False
cofact,2021,28,0,0,,False
cofact,2021,29,0,0,,False
cofact,2021,30,0,0,,False
cofact,2021,31,0,0,,False
cofact,2021,32,0,0,,False
cofact,2021,33,0,0,,False
cofact,2021,34,0,0,,False
cofact,2021,35,0,0,,False
cofact,2021,36,0,0,,False
cofact,2021,37,0,0,,False
cofact,2021,38,0,0,,False
cofact,2021,39,0,0,,False
cofact,2021,40,0,0,,False
cofact,2021,41,0,0,,False
cofact,2021,42,0,0,,False
cofact,2021,43,0,0,,False
cofact,2021,44,0,0,,False
cofact,2021,45,0,0,,False
cofact,2021,46,0,0,,False
cofact,2021,47,0,0,,False
cofact,2021,48,0,0,,False
cofact,2021,49,0,0,,False
cofact,2021,50,0,0,,False
cofact,2021,51,0,0,,False
cofact,2021,52,0,0,,False
cofact,2021,53,0,0,,False
cofact,2021,54,0,0,,False
cofact,2021,55,0,0,,False
cofact,2021,56,0,0,,False
cofact,2021,57,0,0,,False
cofact,2021,58,0,0,,False
cofact,2021,59,0,0,,False
cofact,2021,60,0,0,,False
cofact,2021,61,0,0,,False
cofact,2021,62,0,0,,False
cofact,2021,63,0,0,,False
cofact,2022,-1,0,1,0.0,False
cofact,2022,0,0,1,0.0,False
cofact,2022,1,0,1,0.0,False
cofact,2022,2,0,1,0.0,False
cofact,2022,3,0,1,0.0,False
cofact,2022,4,0,1,0.0,False
cofact,2022,5,0,1,0.0,False
cofact,2022,6,0,1,0.0,False
cofact,2022,7,0,1,0.0,False
cofact,2022,8,0,1,0.0,False
cofact,2022,9,0,1,0.0,False
cofact,2022,10,0,1,0.0,False
cofact,2022,11,0,1,0.0,False
cofact,2022,12,0,1,0.0,False
cofact,2022,13,0,1,0.0,False
cofact,2022,14,0,1,0.0,False
cofact,2022,15,0,1,0.0,False
cofact,2022,16,0,1,0.0,False
cofact,2022,17,0,1,0.0,False
cofact,2022,18,1,1,100.0,False
cofact,2022,19,0,1,0.0,False
cofact,2022,20,0,1,0.0,False
cofact,2022,21,0,1,0.0,False
cofact,2022,22,0,1,0.0,False
cofact,2022,23,0,1,0.0,False
cofact,2022,24,0,1,0.0,False
cofact,2022,25,0,1,0.0,False
cofact,2022,26,0,1,0.0,False
cofact,2022,27,0,1,0.0,False
cofact,2022,28,0,1,0.0,False
cofact,2022,29,0,1,0.0,False
cofact,2022,30,0,1,0.0,False
cofact,2022,31,0,1,0.0,False
cofact,2022,32,0,1,0.0,False
cofact,2022,33,0,1,0.0,False
cofact,2022,34,0,1,0.0,False
cofact,2022,35,0,1,0.0,False
cofact,2022,36,0,1,0.0,False
cofact,2022,37,0,1,0.0,False
cofact,2022,38,0,1,0.0,False
cofact,2022,39,0,1,0.0,False
cofact,2022,40,0,1,0.0,False
cofact,2022,41,0,1,0.0,False
cofact,2022,42,0,1,0.0,False
cofact,2022,43,0,1,0.0,False
cofact,2022,44,0,1,0.0,False
cofact,2022,45,0,1,0.0,False
cofact,2022,46,0,1,0.0,False
cofact,2022,47,0,1,0.0,False
cofact,2022,48,0,1,0.0,False
cofact,2022,49,0,1,0.0,False
cofact,2022,50,0,1,0.0,False
cofact,2022,51,0,1,0.0,False
cofact,2022,52,0,1,0.0,False
cofact,2022,53,0,1,0.0,False
cofact,2022,54,0,1,0.0,False
cofact,2022,55,0,1,0.0,False
cofact,2022,56,0,1,0.0,False
cofact,2022,57,0,1,0.0,False
cofact,2022,58,0,1,0.0,False
cofact,2022,59,0,1,0.0,False
cofact,2022,60,0,1,0.0,False
cofact,2022,61,0,1,0.0,False
cofact,2022,62,0,1,0.0,False
cofact,2022,63,0,1,0.0,False
cofact,2023,-1,8,20,40.0,False
cofact,2023,0,2,20,10.0,False
cofact,2023,1,0,20,0.0,False
cofact,2023,2,0,20,0.0,False
cofact,2023,3,0,20,0.0,False
cofact,2023,4,0,20,0.0,False
cofact,2023,5,0,20,0.0,False
cofact,2023,6,1,20,5.0,False
cofact,2023,7,0,20,0.0,False
cofact,2023,8,0,20,0.0,False
cofact,2023,9,0,20,0.0,False
cofact,2023,10,0,20,0.0,False
cofact,2023,11,0,20,0.0,False
cofact,2023,12,0,20,0.0,False
cofact,2023,13,2,20,10.0,False
cofact,2023,14,0,20,0.0,False
cofact,2023,15,0,20,0.0,False
cofact,2023,16,0,20,0.0,False
cofact,2023,17,0,20,0.0,False
cofact,2023,18,0,20,0.0,False
cofact,2023,19,0,20,0.0,False
cofact,2023,20,0,20,0.0,False
cofact,2023,21,0,20,0.0,False
cofact,2023,22,0,20,0.0,False
cofact,2023,23,0,20,0.0,False
cofact,2023,24,0,20,0.0,False
cofact,2023,25,0,20,0.0,False
cofact,2023,26,0,20,0.0,False
cofact,2023,27,0,20,0.0,False
cofact,2023,28,1,20,5.0,False
cofact,2023,29,0,20,0.0,False
cofact,2023,30,0,20,0.0,False
cofact,2023,31,0,20,0.0,False
cofact,2023,32,0,20,0.0,False
cofact,2023,33,1,20,5.0,False
cofact,2023,34,0,20,0.0,False
cofact,2023,35,0,20,0.0,False
cofact,2023,36,0,20,0.0,False
cofact,2023,37,0,20,0.0,False
cofact,2023,38,0,20,0.0,False
cofact,2023,39,0,20,0.0,False
cofact,2023,40,0,20,0.0,False
cofact,2023,41,0,20,0.0,False
cofact,2023,42,0,20,0.0,False
cofact,2023,43,4,20,20.0,False
cofact,2023,44,0,20,0.0,False
cofact,2023,45,0,20,0.0,False
cofact,2023,46,0,20,0.0,False
cofact,2023,47,0,20,0.0,False
cofact,2023,48,0,20,0.0,False
cofact,2023,49,0,20,0.0,False
cofact,2023,50,1,20,5.0,False
cofact,2023,51,0,20,0.0,False
cofact,2023,52,0,20,0.0,False
cofact,2023,53,0,20,0.0,False
cofact,2023,54,0,20,0.0,False
cofact,2023,55,0,20,0.0,False
cofact,2023,56,0,20,0.0,False
cofact,2023,57,0,20,0.0,False
cofact,2023,58,0,20,0.0,False
cofact,2023,59,0,20,0.0,False
cofact,2023,60,0,20,0.0,False
cofact,2023,61,0,20,0.0,False
cofact,2023,62,0,20,0.0,False
cofact,2023,63,0,20,0.0,False
cofact,2024,-1,2,8,25.0,False
cofact,2024,0,2,8,25.0,False
cofact,2024,1,0,8,0.0,False
cofact,2024,2,0,8,0.0,False
cofact,2024,3,0,8,0.0,False
cofact,2024,4,0,8,0.0,False
cofact,2024,5,0,8,0.0,False
cofact,2024,6,1,8,12.5,False
cofact,2024,7,0,8,0.0,False
cofact,2024,8,0,8,0.0,False
cofact,2024,9,0,8,0.0,False
cofact,2024,10,0,8,0.0,False
cofact,2024,11,0,8,0.0,False
cofact,2024,12,0,8,0.0,False
cofact,2024,13,0,8,0.0,False
cofact,2024,14,0,8,0.0,False
cofact,2024,15,0,8,0.0,False
cofact,2024,16,0,8,0.0,False
cofact,2024,17,0,8,0.0,False
cofact,2024,18,0,8,0.0,False
cofact,2024,19,0,8,0.0,False
cofact,2024,20,0,8,0.0,False
cofact,2024,21,0,8,0.0,False
cofact,2024,22,0,8,0.0,False
cofact,2024,23,0,8,0.0,False
cofact,2024,24,0,8,0.0,False
cofact,2024,25,0,8,0.0,False
cofact,2024,26,0,8,0.0,False
cofact,2024,27,1,8,12.5,False
cofact,2024,28,0,8,0.0,False
cofact,2024,29,0,8,0.0,False
cofact,2024,30,0,8,0.0,False
cofact,2024,31,0,8,0.0,False
cofact,2024,32,0,8,0.0,False
cofact,2024,33,0,8,0.0,False
cofact,2024,34,0,8,0.0,False
cofact,2024,35,0,8,0.0,False
cofact,2024,36,0,8,0.0,False
cofact,2024,37,0,8,0.0,False
cofact,2024,38,0,8,0.0,False
cofact,2024,39,0,8,0.0,False
cofact,2024,40,0,8,0.0,False
cofact,2024,41,0,8,0.0,False
cofact,2024,42,0,8,0.0,False
cofact,2024,43,1,8,12.5,False
cofact,2024,44,0,8,0.0,False
cofact,2024,45,0,8,0.0,False
cofact,2024,46,0,8,0.0,False
cofact,2024,47,0,8,0.0,False
cofact,2024,48,0,8,0.0,False
cofact,2024,49,1,8,12.5,False
cofact,2024,50,0,8,0.0,False
cofact,2024,51,0,8,0.0,False
cofact,2024,52,0,8,0.0,False
cofact,2024,53,0,8,0.0,False
cofact,2024,54,0,8,0.0,False
cofact,2024,55,0,8,0.0,False
cofact,2024,56,0,8,0.0,False
cofact,2024,57,0,8,0.0,False
cofact,2024,58,0,8,0.0,False
cofact,2024,59,0,8,0.0,False
cofact,2024,60,0,8,0.0,False
cofact,2024,61,0,8,0.0,False
cofact,2024,62,0,8,0.0,False
cofact,2024,63,0,8,0.0,False
cofact,2025,-1,34,110,30.90909090909091,False
cofact,2025,0,26,110,23.636363636363637,False
cofact,2025,1,0,110,0.0,False
cofact,2025,2,0,110,0.0,False
cofact,2025,3,0,110,0.0,False
cofact,2025,4,0,110,0.0,False
cofact,2025,5,0,110,0.0,False
cofact,2025,6,15,110,13.636363636363637,False
cofact,2025,7,0,110,0.0,False
cofact,2025,8,0,110,0.0,False
cofact,2025,9,0,110,0.0,False
cofact,2025,10,2,110,1.8181818181818181,False
cofact,2025,11,1,110,0.9090909090909091,False
cofact,2025,12,0,110,0.0,False
cofact,2025,13,1,110,0.9090909090909091,False
cofact,2025,14,1,110,0.9090909090909091,False
cofact,2025,15,0,110,0.0,False
cofact,2025,16,0,110,0.0,False
cofact,2025,17,0,110,0.0,False
cofact,2025,18,0,110,0.0,False
cofact,2025,19,0,110,0.0,False
cofact,2025,20,0,110,0.0,False
cofact,2025,21,0,110,0.0,False
cofact,2025,22,0,110,0.0,False
cofact,2025,23,0,110,0.0,False
cofact,2025,24,0,110,0.0,False
cofact,2025,25,0,110,0.0,False
cofact,2025,26,0,110,0.0,False
cofact,2025,27,0,110,0.0,False
cofact,2025,28,4,110,3.6363636363636362,False
cofact,2025,29,0,110,0.0,False
cofact,2025,30,0,110,0.0,False
cofact,2025,31,0,110,0.0,False
cofact,2025,32,0,110,0.0,False
cofact,2025,33,1,110,0.9090909090909091,False
cofact,2025,34,0,110,0.0,False
cofact,2025,35,0,110,0.0,False
cofact,2025,36,0,110,0.0,False
cofact,2025,37,0,110,0.0,False
cofact,2025,38,0,110,0.0,False
cofact,2025,39,0,110,0.0,False
cofact,2025,40,0,110,0.0,False
cofact,2025,41,0,110,0.0,False
cofact,2025,42,0,110,0.0,False
cofact,2025,43,6,110,5.454545454545454,False
cofact,2025,44,0,110,0.0,False
cofact,2025,45,0,110,0.0,False
cofact,2025,46,0,110,0.0,False
cofact,2025,47,0,110,0.0,False
cofact,2025,48,0,110,0.0,False
cofact,2025,49,3,110,2.727272727272727,False
cofact,2025,50,0,110,0.0,False
cofact,2025,51,0,110,0.0,False
cofact,2025,52,1,110,0.9090909090909091,False
cofact,2025,53,0,110,0.0,False
cofact,2025,54,1,110,0.9090909090909091,False
cofact,2025,55,0,110,0.0,False
cofact,2025,56,0,110,0.0,False
cofact,2025,57,7,110,6.363636363636363,False
cofact,2025,58,0,110,0.0,False
cofact,2025,59,0,110,0.0,False
cofact,2025,60,0,110,0.0,False
cofact,2025,61,0,110,0.0,False
cofact,2025,62,0,110,0.0,False
cofact,2025,63,7,110,6.363636363636363,False
cofact,2026,-1,56,143,39.16083916083916,True
cofact,2026,0,12,143,8.391608391608392,True
cofact,2026,1,0,143,0.0,True
cofact,2026,2,1,143,0.6993006993006993,True
cofact,2026,3,1,143,0.6993006993006993,True
cofact,2026,4,0,143,0.0,True
cofact,2026,5,1,143,0.6993006993006993,True
cofact,2026,6,3,143,2.097902097902098,True
cofact,2026,7,3,143,2.097902097902098,True
cofact,2026,8,0,143,0.0,True
cofact,2026,9,0,143,0.0,True
cofact,2026,10,20,143,13.986013986013987,True
cofact,2026,11,0,143,0.0,True
cofact,2026,12,0,143,0.0,True
cofact,2026,13,6,143,4.195804195804196,True
cofact,2026,14,0,143,0.0,True
cofact,2026,15,0,143,0.0,True
cofact,2026,16,1,143,0.6993006993006993,True
cofact,2026,17,3,143,2.097902097902098,True
cofact,2026,18,1,143,0.6993006993006993,True
cofact,2026,19,2,143,1.3986013986013985,True
cofact,2026,20,0,143,0.0,True
cofact,2026,21,1,143,0.6993006993006993,True
cofact,2026,22,0,143,0.0,True
cofact,2026,23,0,143,0.0,True
cofact,2026,24,0,143,0.0,True
cofact,2026,25,0,143,0.0,True
cofact,2026,26,0,143,0.0,True
cofact,2026,27,4,143,2.797202797202797,True
cofact,2026,28,5,143,3.4965034965034967,True
cofact,2026,29,1,143,0.6993006993006993,True
cofact,2026,30,0,143,0.0,True
cofact,2026,31,0,143,0.0,True
cofact,2026,32,1,143,0.6993006993006993,True
cofact,2026,33,1,143,0.6993006993006993,True
cofact,2026,34,0,143,0.0,True
cofact,2026,35,0,143,0.0,True
cofact,2026,36,0,143,0.0,True
cofact,2026,37,2,143,1.3986013986013985,True
cofact,2026,38,0,143,0.0,True
cofact,2026,39,0,143,0.0,True
cofact,2026,40,0,143,0.0,True
cofact,2026,41,0,143,0.0,True
cofact,2026,42,0,143,0.0,True
cofact,2026,43,7,143,4.895104895104895,True
cofact,2026,44,0,143,0.0,True
cofact,2026,45,0,143,0.0,True
cofact,2026,46,1,143,0.6993006993006993,True
cofact,2026,47,0,143,0.0,True
cofact,2026,48,0,143,0.0,True
cofact,2026,49,3,143,2.097902097902098,True
cofact,2026,50,0,143,0.0,True
cofact,2026,51,0,143,0.0,True
cofact,2026,52,0,143,0.0,True
cofact,2026,53,0,143,0.0,True
cofact,2026,54,0,143,0.0,True
cofact,2026,55,0,143,0.0,True
cofact,2026,56,0,143,0.0,True
cofact,2026,57,3,143,2.097902097902098,True
cofact,2026,58,0,143,0.0,True
cofact,2026,59,1,143,0.6993006993006993,True
cofact,2026,60,0,143,0.0,True
cofact,2026,61,0,143,0.0,True
cofact,2026,62,0,143,0.0,True
cofact,2026,63,3,143,2.097902097902098,True
sure_share,2015,-1,3,65,4.615384615384615,True
sure_share,2015,0,54,65,83.07692307692308,True
sure_share,2015,1,0,65,0.0,True
sure_share,2015,2,0,65,0.0,True
sure_share,2015,3,0,65,0.0,True
sure_share,2015,4,0,65,0.0,True
sure_share,2015,5,1,65,1.5384615384615385,True
sure_share,2015,6,0,65,0.0,True
sure_share,2015,7,0,65,0.0,True
sure_share,2015,8,1,65,1.5384615384615385,True
sure_share,2015,9,0,65,0.0,True
sure_share,2015,10,0,65,0.0,True
sure_share,2015,11,0,65,0.0,True
sure_share,2015,12,0,65,0.0,True
sure_share,2015,13,0,65,0.0,True
sure_share,2015,14,0,65,0.0,True
sure_share,2015,15,0,65,0.0,True
sure_share,2015,16,0,65,0.0,True
sure_share,2015,17,1,65,1.5384615384615385,True
sure_share,2015,18,0,65,0.0,True
sure_share,2015,19,1,65,1.5384615384615385,True
sure_share,2015,20,4,65,6.153846153846154,True
sure_share,2015,21,0,65,0.0,True
sure_share,2015,22,0,65,0.0,True
sure_share,2015,23,0,65,0.0,True
sure_share,2015,24,0,65,0.0,True
sure_share,2015,25,0,65,0.0,True
sure_share,2015,26,0,65,0.0,True
sure_share,2015,27,0,65,0.0,True
sure_share,2015,28,0,65,0.0,True
sure_share,2015,29,0,65,0.0,True
sure_share,2015,30,0,65,0.0,True
sure_share,2015,31,0,65,0.0,True
sure_share,2015,32,0,65,0.0,True
sure_share,2015,33,0,65,0.0,True
sure_share,2015,34,0,65,0.0,True
sure_share,2015,35,0,65,0.0,True
sure_share,2015,36,0,65,0.0,True
sure_share,2015,37,0,65,0.0,True
sure_share,2015,38,0,65,0.0,True
sure_share,2015,39,0,65,0.0,True
sure_share,2015,40,0,65,0.0,True
sure_share,2015,41,0,65,0.0,True
sure_share,2015,42,0,65,0.0,True
sure_share,2015,43,0,65,0.0,True
sure_share,2015,44,0,65,0.0,True
sure_share,2015,45,0,65,0.0,True
sure_share,2015,46,0,65,0.0,True
sure_share,2015,47,0,65,0.0,True
sure_share,2015,48,0,65,0.0,True
sure_share,2015,49,0,65,0.0,True
sure_share,2015,50,0,65,0.0,True
sure_share,2015,51,0,65,0.0,True
sure_share,2015,52,0,65,0.0,True
sure_share,2015,53,0,65,0.0,True
sure_share,2015,54,0,65,0.0,True
sure_share,2015,55,0,65,0.0,True
sure_share,2015,56,0,65,0.0,True
sure_share,2015,57,0,65,0.0,True
sure_share,2015,58,0,65,0.0,True
sure_share,2015,59,0,65,0.0,True
sure_share,2015,60,0,65,0.0,True
sure_share,2015,61,0,65,0.0,True
sure_share,2015,62,0,65,0.0,True
sure_share,2015,63,0,65,0.0,True
sure_share,2016,-1,25,206,12.135922330097088,False
sure_share,2016,0,150,206,72.81553398058253,False
sure_share,2016,1,0,206,0.0,False
sure_share,2016,2,1,206,0.4854368932038835,False
sure_share,2016,3,0,206,0.0,False
sure_share,2016,4,0,206,0.0,False
sure_share,2016,5,2,206,0.970873786407767,False
sure_share,2016,6,0,206,0.0,False
sure_share,2016,7,1,206,0.4854368932038835,False
sure_share,2016,8,0,206,0.0,False
sure_share,2016,9,0,206,0.0,False
sure_share,2016,10,2,206,0.970873786407767,False
sure_share,2016,11,0,206,0.0,False
sure_share,2016,12,0,206,0.0,False
sure_share,2016,13,2,206,0.970873786407767,False
sure_share,2016,14,0,206,0.0,False
sure_share,2016,15,0,206,0.0,False
sure_share,2016,16,0,206,0.0,False
sure_share,2016,17,0,206,0.0,False
sure_share,2016,18,0,206,0.0,False
sure_share,2016,19,3,206,1.4563106796116505,False
sure_share,2016,20,10,206,4.854368932038835,False
sure_share,2016,21,0,206,0.0,False
sure_share,2016,22,0,206,0.0,False
sure_share,2016,23,0,206,0.0,False
sure_share,2016,24,0,206,0.0,False
sure_share,2016,25,0,206,0.0,False
sure_share,2016,26,0,206,0.0,False
sure_share,2016,27,1,206,0.4854368932038835,False
sure_share,2016,28,0,206,0.0,False
sure_share,2016,29,0,206,0.0,False
sure_share,2016,30,1,206,0.4854368932038835,False
sure_share,2016,31,0,206,0.0,False
sure_share,2016,32,1,206,0.4854368932038835,False
sure_share,2016,33,2,206,0.970873786407767,False
sure_share,2016,34,0,206,0.0,False
sure_share,2016,35,0,206,0.0,False
sure_share,2016,36,0,206,0.0,False
sure_share,2016,37,0,206,0.0,False
sure_share,2016,38,0,206,0.0,False
sure_share,2016,39,0,206,0.0,False
sure_share,2016,40,0,206,0.0,False
sure_share,2016,41,0,206,0.0,False
sure_share,2016,42,1,206,0.4854368932038835,False
sure_share,2016,43,0,206,0.0,False
sure_share,2016,44,0,206,0.0,False
sure_share,2016,45,0,206,0.0,False
sure_share,2016,46,1,206,0.4854368932038835,False
sure_share,2016,47,0,206,0.0,False
sure_share,2016,48,0,206,0.0,False
sure_share,2016,49,0,206,0.0,False
sure_share,2016,50,0,206,0.0,False
sure_share,2016,51,0,206,0.0,False
sure_share,2016,52,0,206,0.0,False
sure_share,2016,53,0,206,0.0,False
sure_share,2016,54,0,206,0.0,False
sure_share,2016,55,1,206,0.4854368932038835,False
sure_share,2016,56,0,206,0.0,False
sure_share,2016,57,1,206,0.4854368932038835,False
sure_share,2016,58,0,206,0.0,False
sure_share,2016,59,0,206,0.0,False
sure_share,2016,60,1,206,0.4854368932038835,False
sure_share,2016,61,0,206,0.0,False
sure_share,2016,62,0,206,0.0,False
sure_share,2016,63,0,206,0.0,False
sure_share,2017,-1,14,254,5.511811023622047,False
sure_share,2017,0,219,254,86.22047244094489,False
sure_share,2017,1,0,254,0.0,False
sure_share,2017,2,2,254,0.7874015748031497,False
sure_share,2017,3,0,254,0.0,False
sure_share,2017,4,0,254,0.0,False
sure_share,2017,5,2,254,0.7874015748031497,False
sure_share,2017,6,0,254,0.0,False
sure_share,2017,7,1,254,0.3937007874015748,False
sure_share,2017,8,0,254,0.0,False
sure_share,2017,9,0,254,0.0,False
sure_share,2017,10,0,254,0.0,False
sure_share,2017,11,0,254,0.0,False
sure_share,2017,12,0,254,0.0,False
sure_share,2017,13,2,254,0.7874015748031497,False
sure_share,2017,14,1,254,0.3937007874015748,False
sure_share,2017,15,0,254,0.0,False
sure_share,2017,16,0,254,0.0,False
sure_share,2017,17,0,254,0.0,False
sure_share,2017,18,1,254,0.3937007874015748,False
sure_share,2017,19,3,254,1.1811023622047243,False
sure_share,2017,20,3,254,1.1811023622047243,False
sure_share,2017,21,0,254,0.0,False
sure_share,2017,22,0,254,0.0,False
sure_share,2017,23,2,254,0.7874015748031497,False
sure_share,2017,24,0,254,0.0,False
sure_share,2017,25,0,254,0.0,False
sure_share,2017,26,0,254,0.0,False
sure_share,2017,27,0,254,0.0,False
sure_share,2017,28,0,254,0.0,False
sure_share,2017,29,0,254,0.0,False
sure_share,2017,30,0,254,0.0,False
sure_share,2017,31,0,254,0.0,False
sure_share,2017,32,1,254,0.3937007874015748,False
sure_share,2017,33,2,254,0.7874015748031497,False
sure_share,2017,34,0,254,0.0,False
sure_share,2017,35,0,254,0.0,False
sure_share,2017,36,0,254,0.0,False
sure_share,2017,37,0,254,0.0,False
sure_share,2017,38,0,254,0.0,False
sure_share,2017,39,0,254,0.0,False
sure_share,2017,40,0,254,0.0,False
sure_share,2017,41,0,254,0.0,False
sure_share,2017,42,0,254,0.0,False
sure_share,2017,43,0,254,0.0,False
sure_share,2017,44,0,254,0.0,False
sure_share,2017,45,0,254,0.0,False
sure_share,2017,46,0,254,0.0,False
sure_share,2017,47,0,254,0.0,False
sure_share,2017,48,0,254,0.0,False
sure_share,2017,49,0,254,0.0,False
sure_share,2017,50,0,254,0.0,False
sure_share,2017,51,0,254,0.0,False
sure_share,2017,52,0,254,0.0,False
sure_share,2017,53,0,254,0.0,False
sure_share,2017,54,0,254,0.0,False
sure_share,2017,55,0,254,0.0,False
sure_share,2017,56,0,254,0.0,False
sure_share,2017,57,0,254,0.0,False
sure_share,2017,58,0,254,0.0,False
sure_share,2017,59,0,254,0.0,False
sure_share,2017,60,1,254,0.3937007874015748,False
sure_share,2017,61,0,254,0.0,False
sure_share,2017,62,0,254,0.0,False
sure_share,2017,63,0,254,0.0,False
sure_share,2018,-1,2,265,0.7547169811320755,False
sure_share,2018,0,243,265,91.69811320754717,False
sure_share,2018,1,0,265,0.0,False
sure_share,2018,2,0,265,0.0,False
sure_share,2018,3,0,265,0.0,False
sure_share,2018,4,1,265,0.37735849056603776,False
sure_share,2018,5,0,265,0.0,False
sure_share,2018,6,0,265,0.0,False
sure_share,2018,7,0,265,0.0,False
sure_share,2018,8,1,265,0.37735849056603776,False
sure_share,2018,9,0,265,0.0,False
sure_share,2018,10,0,265,0.0,False
sure_share,2018,11,0,265,0.0,False
sure_share,2018,12,0,265,0.0,False
sure_share,2018,13,1,265,0.37735849056603776,False
sure_share,2018,14,0,265,0.0,False
sure_share,2018,15,0,265,0.0,False
sure_share,2018,16,0,265,0.0,False
sure_share,2018,17,0,265,0.0,False
sure_share,2018,18,2,265,0.7547169811320755,False
sure_share,2018,19,4,265,1.509433962264151,False
sure_share,2018,20,4,265,1.509433962264151,False
sure_share,2018,21,0,265,0.0,False
sure_share,2018,22,0,265,0.0,False
sure_share,2018,23,3,265,1.1320754716981132,False
sure_share,2018,24,0,265,0.0,False
sure_share,2018,25,0,265,0.0,False
sure_share,2018,26,0,265,0.0,False
sure_share,2018,27,0,265,0.0,False
sure_share,2018,28,0,265,0.0,False
sure_share,2018,29,0,265,0.0,False
sure_share,2018,30,1,265,0.37735849056603776,False
sure_share,2018,31,0,265,0.0,False
sure_share,2018,32,0,265,0.0,False
sure_share,2018,33,1,265,0.37735849056603776,False
sure_share,2018,34,0,265,0.0,False
sure_share,2018,35,0,265,0.0,False
sure_share,2018,36,0,265,0.0,False
sure_share,2018,37,0,265,0.0,False
sure_share,2018,38,0,265,0.0,False
sure_share,2018,39,0,265,0.0,False
sure_share,2018,40,0,265,0.0,False
sure_share,2018,41,0,265,0.0,False
sure_share,2018,42,0,265,0.0,False
sure_share,2018,43,0,265,0.0,False
sure_share,2018,44,0,265,0.0,False
sure_share,2018,45,0,265,0.0,False
sure_share,2018,46,0,265,0.0,False
sure_share,2018,47,0,265,0.0,False
sure_share,2018,48,0,265,0.0,False
sure_share,2018,49,0,265,0.0,False
sure_share,2018,50,0,265,0.0,False
sure_share,2018,51,0,265,0.0,False
sure_share,2018,52,0,265,0.0,False
sure_share,2018,53,0,265,0.0,False
sure_share,2018,54,0,265,0.0,False
sure_share,2018,55,2,265,0.7547169811320755,False
sure_share,2018,56,0,265,0.0,False
sure_share,2018,57,0,265,0.0,False
sure_share,2018,58,0,265,0.0,False
sure_share,2018,59,0,265,0.0,False
sure_share,2018,60,0,265,0.0,False
sure_share,2018,61,0,265,0.0,False
sure_share,2018,62,0,265,0.0,False
sure_share,2018,63,0,265,0.0,False
sure_share,2019,-1,13,319,4.075235109717869,False
sure_share,2019,0,283,319,88.71473354231975,False
sure_share,2019,1,0,319,0.0,False
sure_share,2019,2,0,319,0.0,False
sure_share,2019,3,0,319,0.0,False
sure_share,2019,4,0,319,0.0,False
sure_share,2019,5,1,319,0.31347962382445144,False
sure_share,2019,6,0,319,0.0,False
sure_share,2019,7,0,319,0.0,False
sure_share,2019,8,1,319,0.31347962382445144,False
sure_share,2019,9,0,319,0.0,False
sure_share,2019,10,1,319,0.31347962382445144,False
sure_share,2019,11,0,319,0.0,False
sure_share,2019,12,0,319,0.0,False
sure_share,2019,13,0,319,0.0,False
sure_share,2019,14,0,319,0.0,False
sure_share,2019,15,0,319,0.0,False
sure_share,2019,16,0,319,0.0,False
sure_share,2019,17,0,319,0.0,False
sure_share,2019,18,1,319,0.31347962382445144,False
sure_share,2019,19,3,319,0.9404388714733543,False
sure_share,2019,20,9,319,2.8213166144200628,False
sure_share,2019,21,0,319,0.0,False
sure_share,2019,22,0,319,0.0,False
sure_share,2019,23,1,319,0.31347962382445144,False
sure_share,2019,24,0,319,0.0,False
sure_share,2019,25,1,319,0.31347962382445144,False
sure_share,2019,26,0,319,0.0,False
sure_share,2019,27,0,319,0.0,False
sure_share,2019,28,0,319,0.0,False
sure_share,2019,29,0,319,0.0,False
sure_share,2019,30,0,319,0.0,False
sure_share,2019,31,0,319,0.0,False
sure_share,2019,32,2,319,0.6269592476489029,False
sure_share,2019,33,0,319,0.0,False
sure_share,2019,34,0,319,0.0,False
sure_share,2019,35,0,319,0.0,False
sure_share,2019,36,0,319,0.0,False
sure_share,2019,37,1,319,0.31347962382445144,False
sure_share,2019,38,0,319,0.0,False
sure_share,2019,39,0,319,0.0,False
sure_share,2019,40,0,319,0.0,False
sure_share,2019,41,0,319,0.0,False
sure_share,2019,42,1,319,0.31347962382445144,False
sure_share,2019,43,0,319,0.0,False
sure_share,2019,44,0,319,0.0,False
sure_share,2019,45,0,319,0.0,False
sure_share,2019,46,0,319,0.0,False
sure_share,2019,47,0,319,0.0,False
sure_share,2019,48,0,319,0.0,False
sure_share,2019,49,0,319,0.0,False
sure_share,2019,50,0,319,0.0,False
sure_share,2019,51,0,319,0.0,False
sure_share,2019,52,0,319,0.0,False
sure_share,2019,53,0,319,0.0,False
sure_share,2019,54,0,319,0.0,False
sure_share,2019,55,0,319,0.0,False
sure_share,2019,56,0,319,0.0,False
sure_share,2019,57,0,319,0.0,False
sure_share,2019,58,0,319,0.0,False
sure_share,2019,59,0,319,0.0,False
sure_share,2019,60,0,319,0.0,False
sure_share,2019,61,0,319,0.0,False
sure_share,2019,62,0,319,0.0,False
sure_share,2019,63,1,319,0.31347962382445144,False
sure_share,2020,-1,13,193,6.7357512953367875,False
sure_share,2020,0,146,193,75.64766839378238,False
sure_share,2020,1,0,193,0.0,False
sure_share,2020,2,0,193,0.0,False
sure_share,2020,3,0,193,0.0,False
sure_share,2020,4,21,193,10.880829015544041,False
sure_share,2020,5,1,193,0.5181347150259067,False
sure_share,2020,6,0,193,0.0,False
sure_share,2020,7,3,193,1.5544041450777202,False
sure_share,2020,8,0,193,0.0,False
sure_share,2020,9,0,193,0.0,False
sure_share,2020,10,2,193,1.0362694300518134,False
sure_share,2020,11,0,193,0.0,False
sure_share,2020,12,0,193,0.0,False
sure_share,2020,13,0,193,0.0,False
sure_share,2020,14,0,193,0.0,False
sure_share,2020,15,0,193,0.0,False
sure_share,2020,16,0,193,0.0,False
sure_share,2020,17,0,193,0.0,False
sure_share,2020,18,3,193,1.5544041450777202,False
sure_share,2020,19,0,193,0.0,False
sure_share,2020,20,1,193,0.5181347150259067,False
sure_share,2020,21,0,193,0.0,False
sure_share,2020,22,0,193,0.0,False
sure_share,2020,23,0,193,0.0,False
sure_share,2020,24,0,193,0.0,False
sure_share,2020,25,0,193,0.0,False
sure_share,2020,26,0,193,0.0,False
sure_share,2020,27,0,193,0.0,False
sure_share,2020,28,0,193,0.0,False
sure_share,2020,29,0,193,0.0,False
sure_share,2020,30,0,193,0.0,False
sure_share,2020,31,0,193,0.0,False
sure_share,2020,32,0,193,0.0,False
sure_share,2020,33,0,193,0.0,False
sure_share,2020,34,0,193,0.0,False
sure_share,2020,35,0,193,0.0,False
sure_share,2020,36,0,193,0.0,False
sure_share,2020,37,0,193,0.0,False
sure_share,2020,38,0,193,0.0,False
sure_share,2020,39,0,193,0.0,False
sure_share,2020,40,0,193,0.0,False
sure_share,2020,41,0,193,0.0,False
sure_share,2020,42,0,193,0.0,False
sure_share,2020,43,0,193,0.0,False
sure_share,2020,44,0,193,0.0,False
sure_share,2020,45,0,193,0.0,False
sure_share,2020,46,0,193,0.0,False
sure_share,2020,47,0,193,0.0,False
sure_share,2020,48,0,193,0.0,False
sure_share,2020,49,0,193,0.0,False
sure_share,2020,50,0,193,0.0,False
sure_share,2020,51,0,193,0.0,False
sure_share,2020,52,0,193,0.0,False
sure_share,2020,53,0,193,0.0,False
sure_share,2020,54,0,193,0.0,False
sure_share,2020,55,0,193,0.0,False
sure_share,2020,56,0,193,0.0,False
sure_share,2020,57,0,193,0.0,False
sure_share,2020,58,3,193,1.5544041450777202,False
sure_share,2020,59,0,193,0.0,False
sure_share,2020,60,0,193,0.0,False
sure_share,2020,61,0,193,0.0,False
sure_share,2020,62,0,193,0.0,False
sure_share,2020,63,0,193,0.0,False
sure_share,2021,-1,13,166,7.831325301204819,False
sure_share,2021,0,131,166,78.91566265060241,False
sure_share,2021,1,0,166,0.0,False
sure_share,2021,2,0,166,0.0,False
sure_share,2021,3,0,166,0.0,False
sure_share,2021,4,12,166,7.228915662650603,False
sure_share,2021,5,0,166,0.0,False
sure_share,2021,6,0,166,0.0,False
sure_share,2021,7,0,166,0.0,False
sure_share,2021,8,1,166,0.6024096385542169,False
sure_share,2021,9,0,166,0.0,False
sure_share,2021,10,0,166,0.0,False
sure_share,2021,11,0,166,0.0,False
sure_share,2021,12,0,166,0.0,False
sure_share,2021,13,0,166,0.0,False
sure_share,2021,14,0,166,0.0,False
sure_share,2021,15,0,166,0.0,False
sure_share,2021,16,0,166,0.0,False
sure_share,2021,17,0,166,0.0,False
sure_share,2021,18,5,166,3.0120481927710845,False
sure_share,2021,19,0,166,0.0,False
sure_share,2021,20,2,166,1.2048192771084338,False
sure_share,2021,21,0,166,0.0,False
sure_share,2021,22,0,166,0.0,False
sure_share,2021,23,0,166,0.0,False
sure_share,2021,24,0,166,0.0,False
sure_share,2021,25,0,166,0.0,False
sure_share,2021,26,0,166,0.0,False
sure_share,2021,27,0,166,0.0,False
sure_share,2021,28,0,166,0.0,False
sure_share,2021,29,0,166,0.0,False
sure_share,2021,30,0,166,0.0,False
sure_share,2021,31,0,166,0.0,False
sure_share,2021,32,0,166,0.0,False
sure_share,2021,33,0,166,0.0,False
sure_share,2021,34,0,166,0.0,False
sure_share,2021,35,0,166,0.0,False
sure_share,2021,36,0,166,0.0,False
sure_share,2021,37,0,166,0.0,False
sure_share,2021,38,0,166,0.0,False
sure_share,2021,39,0,166,0.0,False
sure_share,2021,40,0,166,0.0,False
sure_share,2021,41,0,166,0.0,False
sure_share,2021,42,0,166,0.0,False
sure_share,2021,43,0,166,0.0,False
sure_share,2021,44,0,166,0.0,False
sure_share,2021,45,0,166,0.0,False
sure_share,2021,46,0,166,0.0,False
sure_share,2021,47,0,166,0.0,False
sure_share,2021,48,0,166,0.0,False
sure_share,2021,49,0,166,0.0,False
sure_share,2021,50,0,166,0.0,False
sure_share,2021,51,0,166,0.0,False
sure_share,2021,52,0,166,0.0,False
sure_share,2021,53,0,166,0.0,False
sure_share,2021,54,0,166,0.0,False
sure_share,2021,55,0,166,0.0,False
sure_share,2021,56,0,166,0.0,False
sure_share,2021,57,0,166,0.0,False
sure_share,2021,58,2,166,1.2048192771084338,False
sure_share,2021,59,0,166,0.0,False
sure_share,2021,60,0,166,0.0,False
sure_share,2021,61,0,166,0.0,False
sure_share,2021,62,0,166,0.0,False
sure_share,2021,63,0,166,0.0,False
sure_share,2022,-1,10,202,4.9504950495049505,False
sure_share,2022,0,167,202,82.67326732673267,False
sure_share,2022,1,0,202,0.0,False
sure_share,2022,2,0,202,0.0,False
sure_share,2022,3,0,202,0.0,False
sure_share,2022,4,12,202,5.9405940594059405,False
sure_share,2022,5,0,202,0.0,False
sure_share,2022,6,0,202,0.0,False
sure_share,2022,7,1,202,0.49504950495049505,False
sure_share,2022,8,0,202,0.0,False
sure_share,2022,9,0,202,0.0,False
sure_share,2022,10,0,202,0.0,False
sure_share,2022,11,0,202,0.0,False
sure_share,2022,12,0,202,0.0,False
sure_share,2022,13,0,202,0.0,False
sure_share,2022,14,0,202,0.0,False
sure_share,2022,15,0,202,0.0,False
sure_share,2022,16,0,202,0.0,False
sure_share,2022,17,0,202,0.0,False
sure_share,2022,18,7,202,3.4653465346534653,False
sure_share,2022,19,0,202,0.0,False
sure_share,2022,20,1,202,0.49504950495049505,False
sure_share,2022,21,0,202,0.0,False
sure_share,2022,22,0,202,0.0,False
sure_share,2022,23,0,202,0.0,False
sure_share,2022,24,0,202,0.0,False
sure_share,2022,25,0,202,0.0,False
sure_share,2022,26,0,202,0.0,False
sure_share,2022,27,0,202,0.0,False
sure_share,2022,28,0,202,0.0,False
sure_share,2022,29,0,202,0.0,False
sure_share,2022,30,0,202,0.0,False
sure_share,2022,31,0,202,0.0,False
sure_share,2022,32,0,202,0.0,False
sure_share,2022,33,0,202,0.0,False
sure_share,2022,34,0,202,0.0,False
sure_share,2022,35,0,202,0.0,False
sure_share,2022,36,0,202,0.0,False
sure_share,2022,37,0,202,0.0,False
sure_share,2022,38,0,202,0.0,False
sure_share,2022,39,0,202,0.0,False
sure_share,2022,40,0,202,0.0,False
sure_share,2022,41,0,202,0.0,False
sure_share,2022,42,0,202,0.0,False
sure_share,2022,43,0,202,0.0,False
sure_share,2022,44,0,202,0.0,False
sure_share,2022,45,0,202,0.0,False
sure_share,2022,46,0,202,0.0,False
sure_share,2022,47,0,202,0.0,False
sure_share,2022,48,0,202,0.0,False
sure_share,2022,49,0,202,0.0,False
sure_share,2022,50,0,202,0.0,False
sure_share,2022,51,0,202,0.0,False
sure_share,2022,52,0,202,0.0,False
sure_share,2022,53,0,202,0.0,False
sure_share,2022,54,0,202,0.0,False
sure_share,2022,55,1,202,0.49504950495049505,False
sure_share,2022,56,0,202,0.0,False
sure_share,2022,57,0,202,0.0,False
sure_share,2022,58,3,202,1.4851485148514851,False
sure_share,2022,59,0,202,0.0,False
sure_share,2022,60,0,202,0.0,False
sure_share,2022,61,0,202,0.0,False
sure_share,2022,62,0,202,0.0,False
sure_share,2022,63,0,202,0.0,False
sure_share,2023,-1,6,506,1.1857707509881423,False
sure_share,2023,0,479,506,94.66403162055336,False
sure_share,2023,1,0,506,0.0,False
sure_share,2023,2,1,506,0.1976284584980237,False
sure_share,2023,3,0,506,0.0,False
sure_share,2023,4,1,506,0.1976284584980237,False
sure_share,2023,5,0,506,0.0,False
sure_share,2023,6,0,506,0.0,False
sure_share,2023,7,0,506,0.0,False
sure_share,2023,8,3,506,0.5928853754940712,False
sure_share,2023,9,0,506,0.0,False
sure_share,2023,10,0,506,0.0,False
sure_share,2023,11,0,506,0.0,False
sure_share,2023,12,0,506,0.0,False
sure_share,2023,13,0,506,0.0,False
sure_share,2023,14,0,506,0.0,False
sure_share,2023,15,0,506,0.0,False
sure_share,2023,16,0,506,0.0,False
sure_share,2023,17,0,506,0.0,False
sure_share,2023,18,4,506,0.7905138339920948,False
sure_share,2023,19,0,506,0.0,False
sure_share,2023,20,5,506,0.9881422924901185,False
sure_share,2023,21,0,506,0.0,False
sure_share,2023,22,0,506,0.0,False
sure_share,2023,23,0,506,0.0,False
sure_share,2023,24,0,506,0.0,False
sure_share,2023,25,0,506,0.0,False
sure_share,2023,26,0,506,0.0,False
sure_share,2023,27,0,506,0.0,False
sure_share,2023,28,0,506,0.0,False
sure_share,2023,29,0,506,0.0,False
sure_share,2023,30,0,506,0.0,False
sure_share,2023,31,0,506,0.0,False
sure_share,2023,32,0,506,0.0,False
sure_share,2023,33,0,506,0.0,False
sure_share,2023,34,0,506,0.0,False
sure_share,2023,35,1,506,0.1976284584980237,False
sure_share,2023,36,0,506,0.0,False
sure_share,2023,37,0,506,0.0,False
sure_share,2023,38,0,506,0.0,False
sure_share,2023,39,1,506,0.1976284584980237,False
sure_share,2023,40,0,506,0.0,False
sure_share,2023,41,0,506,0.0,False
sure_share,2023,42,0,506,0.0,False
sure_share,2023,43,1,506,0.1976284584980237,False
sure_share,2023,44,0,506,0.0,False
sure_share,2023,45,0,506,0.0,False
sure_share,2023,46,0,506,0.0,False
sure_share,2023,47,0,506,0.0,False
sure_share,2023,48,0,506,0.0,False
sure_share,2023,49,0,506,0.0,False
sure_share,2023,50,0,506,0.0,False
sure_share,2023,51,0,506,0.0,False
sure_share,2023,52,0,506,0.0,False
sure_share,2023,53,0,506,0.0,False
sure_share,2023,54,2,506,0.3952569169960474,False
sure_share,2023,55,1,506,0.1976284584980237,False
sure_share,2023,56,0,506,0.0,False
sure_share,2023,57,1,506,0.1976284584980237,False
sure_share,2023,58,0,506,0.0,False
sure_share,2023,59,0,506,0.0,False
sure_share,2023,60,0,506,0.0,False
sure_share,2023,61,0,506,0.0,False
sure_share,2023,62,0,506,0.0,False
sure_share,2023,63,0,506,0.0,False
sure_share,2024,-1,23,383,6.005221932114883,False
sure_share,2024,0,322,383,84.07310704960835,False
sure_share,2024,1,0,383,0.0,False
sure_share,2024,2,0,383,0.0,False
sure_share,2024,3,0,383,0.0,False
sure_share,2024,4,1,383,0.26109660574412535,False
sure_share,2024,5,0,383,0.0,False
sure_share,2024,6,0,383,0.0,False
sure_share,2024,7,0,383,0.0,False
sure_share,2024,8,0,383,0.0,False
sure_share,2024,9,0,383,0.0,False
sure_share,2024,10,0,383,0.0,False
sure_share,2024,11,0,383,0.0,False
sure_share,2024,12,0,383,0.0,False
sure_share,2024,13,0,383,0.0,False
sure_share,2024,14,0,383,0.0,False
sure_share,2024,15,0,383,0.0,False
sure_share,2024,16,0,383,0.0,False
sure_share,2024,17,0,383,0.0,False
sure_share,2024,18,34,383,8.877284595300262,False
sure_share,2024,19,0,383,0.0,False
sure_share,2024,20,1,383,0.26109660574412535,False
sure_share,2024,21,0,383,0.0,False
sure_share,2024,22,0,383,0.0,False
sure_share,2024,23,0,383,0.0,False
sure_share,2024,24,0,383,0.0,False
sure_share,2024,25,0,383,0.0,False
sure_share,2024,26,0,383,0.0,False
sure_share,2024,27,2,383,0.5221932114882507,False
sure_share,2024,28,0,383,0.0,False
sure_share,2024,29,0,383,0.0,False
sure_share,2024,30,0,383,0.0,False
sure_share,2024,31,0,383,0.0,False
sure_share,2024,32,0,383,0.0,False
sure_share,2024,33,0,383,0.0,False
sure_share,2024,34,0,383,0.0,False
sure_share,2024,35,0,383,0.0,False
sure_share,2024,36,0,383,0.0,False
sure_share,2024,37,0,383,0.0,False
sure_share,2024,38,0,383,0.0,False
sure_share,2024,39,0,383,0.0,False
sure_share,2024,40,0,383,0.0,False
sure_share,2024,41,0,383,0.0,False
sure_share,2024,42,0,383,0.0,False
sure_share,2024,43,0,383,0.0,False
sure_share,2024,44,0,383,0.0,False
sure_share,2024,45,0,383,0.0,False
sure_share,2024,46,0,383,0.0,False
sure_share,2024,47,0,383,0.0,False
sure_share,2024,48,0,383,0.0,False
sure_share,2024,49,0,383,0.0,False
sure_share,2024,50,0,383,0.0,False
sure_share,2024,51,0,383,0.0,False
sure_share,2024,52,0,383,0.0,False
sure_share,2024,53,0,383,0.0,False
sure_share,2024,54,0,383,0.0,False
sure_share,2024,55,0,383,0.0,False
sure_share,2024,56,0,383,0.0,False
sure_share,2024,57,0,383,0.0,False
sure_share,2024,58,0,383,0.0,False
sure_share,2024,59,0,383,0.0,False
sure_share,2024,60,0,383,0.0,False
sure_share,2024,61,0,383,0.0,False
sure_share,2024,62,0,383,0.0,False
sure_share,2024,63,0,383,0.0,False
sure_share,2025,-1,3,242,1.2396694214876034,False
sure_share,2025,0,235,242,97.10743801652893,False
sure_share,2025,1,0,242,0.0,False
sure_share,2025,2,0,242,0.0,False
sure_share,2025,3,0,242,0.0,False
sure_share,2025,4,2,242,0.8264462809917356,False
sure_share,2025,5,0,242,0.0,False
sure_share,2025,6,0,242,0.0,False
sure_share,2025,7,0,242,0.0,False
sure_share,2025,8,0,242,0.0,False
sure_share,2025,9,0,242,0.0,False
sure_share,2025,10,0,242,0.0,False
sure_share,2025,11,0,242,0.0,False
sure_share,2025,12,0,242,0.0,False
sure_share,2025,13,0,242,0.0,False
sure_share,2025,14,0,242,0.0,False
sure_share,2025,15,0,242,0.0,False
sure_share,2025,16,0,242,0.0,False
sure_share,2025,17,0,242,0.0,False
sure_share,2025,18,0,242,0.0,False
sure_share,2025,19,1,242,0.4132231404958678,False
sure_share,2025,20,1,242,0.4132231404958678,False
sure_share,2025,21,0,242,0.0,False
sure_share,2025,22,0,242,0.0,False
sure_share,2025,23,0,242,0.0,False
sure_share,2025,24,0,242,0.0,False
sure_share,2025,25,0,242,0.0,False
sure_share,2025,26,0,242,0.0,False
sure_share,2025,27,0,242,0.0,False
sure_share,2025,28,0,242,0.0,False
sure_share,2025,29,0,242,0.0,False
sure_share,2025,30,0,242,0.0,False
sure_share,2025,31,0,242,0.0,False
sure_share,2025,32,0,242,0.0,False
sure_share,2025,33,0,242,0.0,False
sure_share,2025,34,0,242,0.0,False
sure_share,2025,35,0,242,0.0,False
sure_share,2025,36,0,242,0.0,False
sure_share,2025,37,0,242,0.0,False
sure_share,2025,38,0,242,0.0,False
sure_share,2025,39,0,242,0.0,False
sure_share,2025,40,0,242,0.0,False
sure_share,2025,41,0,242,0.0,False
sure_share,2025,42,0,242,0.0,False
sure_share,2025,43,0,242,0.0,False
sure_share,2025,44,0,242,0.0,False
sure_share,2025,45,0,242,0.0,False
sure_share,2025,46,0,242,0.0,False
sure_share,2025,47,0,242,0.0,False
sure_share,2025,48,0,242,0.0,False
sure_share,2025,49,0,242,0.0,False
sure_share,2025,50,0,242,0.0,False
sure_share,2025,51,0,242,0.0,False
sure_share,2025,52,0,242,0.0,False
sure_share,2025,53,0,242,0.0,False
sure_share,2025,54,0,242,0.0,False
sure_share,2025,55,0,242,0.0,False
sure_share,2025,56,0,242,0.0,False
sure_share,2025,57,0,242,0.0,False
sure_share,2025,58,0,242,0.0,False
sure_share,2025,59,0,242,0.0,False
sure_share,2025,60,0,242,0.0,False
sure_share,2025,61,0,242,0.0,False
sure_share,2025,62,0,242,0.0,False
sure_share,2025,63,0,242,0.0,False
sure_share,2026,-1,1,60,1.6666666666666667,True
sure_share,2026,0,57,60,95.0,True
sure_share,2026,1,0,60,0.0,True
sure_share,2026,2,0,60,0.0,True
sure_share,2026,3,0,60,0.0,True
sure_share,2026,4,0,60,0.0,True
sure_share,2026,5,0,60,0.0,True
sure_share,2026,6,0,60,0.0,True
sure_share,2026,7,0,60,0.0,True
sure_share,2026,8,0,60,0.0,True
sure_share,2026,9,0,60,0.0,True
sure_share,2026,10,0,60,0.0,True
sure_share,2026,11,0,60,0.0,True
sure_share,2026,12,0,60,0.0,True
sure_share,2026,13,0,60,0.0,True
sure_share,2026,14,0,60,0.0,True
sure_share,2026,15,0,60,0.0,True
sure_share,2026,16,0,60,0.0,True
sure_share,2026,17,0,60,0.0,True
sure_share,2026,18,0,60,0.0,True
sure_share,2026,19,2,60,3.3333333333333335,True
sure_share,2026,20,0,60,0.0,True
sure_share,2026,21,0,60,0.0,True
sure_share,2026,22,0,60,0.0,True
sure_share,2026,23,0,60,0.0,True
sure_share,2026,24,0,60,0.0,True
sure_share,2026,25,0,60,0.0,True
sure_share,2026,26,0,60,0.0,True
sure_share,2026,27,0,60,0.0,True
sure_share,2026,28,0,60,0.0,True
sure_share,2026,29,0,60,0.0,True
sure_share,2026,30,0,60,0.0,True
sure_share,2026,31,0,60,0.0,True
sure_share,2026,32,0,60,0.0,True
sure_share,2026,33,0,60,0.0,True
sure_share,2026,34,0,60,0.0,True
sure_share,2026,35,0,60,0.0,True
sure_share,2026,36,0,60,0.0,True
sure_share,2026,37,0,60,0.0,True
sure_share,2026,38,0,60,0.0,True
sure_share,2026,39,0,60,0.0,True
sure_share,2026,40,0,60,0.0,True
sure_share,2026,41,0,60,0.0,True
sure_share,2026,42,0,60,0.0,True
sure_share,2026,43,0,60,0.0,True
sure_share,2026,44,0,60,0.0,True
sure_share,2026,45,0,60,0.0,True
sure_share,2026,46,0,60,0.0,True
sure_share,2026,47,0,60,0.0,True
sure_share,2026,48,0,60,0.0,True
sure_share,2026,49,0,60,0.0,True
sure_share,2026,50,0,60,0.0,True
sure_share,2026,51,0,60,0.0,True
sure_share,2026,52,0,60,0.0,True
sure_share,2026,53,0,60,0.0,True
sure_share,2026,54,0,60,0.0,True
sure_share,2026,55,0,60,0.0,True
sure_share,2026,56,0,60,0.0,True
sure_share,2026,57,0,60,0.0,True
sure_share,2026,58,0,60,0.0,True
sure_share,2026,59,0,60,0.0,True
sure_share,2026,60,0,60,0.0,True
sure_share,2026,61,0,60,0.0,True
sure_share,2026,62,0,60,0.0,True
sure_share,2026,63,0,60,0.0,True
thaipbs,2015,-1,0,0,,True
thaipbs,2015,0,0,0,,True
thaipbs,2015,1,0,0,,True
thaipbs,2015,2,0,0,,True
thaipbs,2015,3,0,0,,True
thaipbs,2015,4,0,0,,True
thaipbs,2015,5,0,0,,True
thaipbs,2015,6,0,0,,True
thaipbs,2015,7,0,0,,True
thaipbs,2015,8,0,0,,True
thaipbs,2015,9,0,0,,True
thaipbs,2015,10,0,0,,True
thaipbs,2015,11,0,0,,True
thaipbs,2015,12,0,0,,True
thaipbs,2015,13,0,0,,True
thaipbs,2015,14,0,0,,True
thaipbs,2015,15,0,0,,True
thaipbs,2015,16,0,0,,True
thaipbs,2015,17,0,0,,True
thaipbs,2015,18,0,0,,True
thaipbs,2015,19,0,0,,True
thaipbs,2015,20,0,0,,True
thaipbs,2015,21,0,0,,True
thaipbs,2015,22,0,0,,True
thaipbs,2015,23,0,0,,True
thaipbs,2015,24,0,0,,True
thaipbs,2015,25,0,0,,True
thaipbs,2015,26,0,0,,True
thaipbs,2015,27,0,0,,True
thaipbs,2015,28,0,0,,True
thaipbs,2015,29,0,0,,True
thaipbs,2015,30,0,0,,True
thaipbs,2015,31,0,0,,True
thaipbs,2015,32,0,0,,True
thaipbs,2015,33,0,0,,True
thaipbs,2015,34,0,0,,True
thaipbs,2015,35,0,0,,True
thaipbs,2015,36,0,0,,True
thaipbs,2015,37,0,0,,True
thaipbs,2015,38,0,0,,True
thaipbs,2015,39,0,0,,True
thaipbs,2015,40,0,0,,True
thaipbs,2015,41,0,0,,True
thaipbs,2015,42,0,0,,True
thaipbs,2015,43,0,0,,True
thaipbs,2015,44,0,0,,True
thaipbs,2015,45,0,0,,True
thaipbs,2015,46,0,0,,True
thaipbs,2015,47,0,0,,True
thaipbs,2015,48,0,0,,True
thaipbs,2015,49,0,0,,True
thaipbs,2015,50,0,0,,True
thaipbs,2015,51,0,0,,True
thaipbs,2015,52,0,0,,True
thaipbs,2015,53,0,0,,True
thaipbs,2015,54,0,0,,True
thaipbs,2015,55,0,0,,True
thaipbs,2015,56,0,0,,True
thaipbs,2015,57,0,0,,True
thaipbs,2015,58,0,0,,True
thaipbs,2015,59,0,0,,True
thaipbs,2015,60,0,0,,True
thaipbs,2015,61,0,0,,True
thaipbs,2015,62,0,0,,True
thaipbs,2015,63,0,0,,True
thaipbs,2016,-1,0,0,,False
thaipbs,2016,0,0,0,,False
thaipbs,2016,1,0,0,,False
thaipbs,2016,2,0,0,,False
thaipbs,2016,3,0,0,,False
thaipbs,2016,4,0,0,,False
thaipbs,2016,5,0,0,,False
thaipbs,2016,6,0,0,,False
thaipbs,2016,7,0,0,,False
thaipbs,2016,8,0,0,,False
thaipbs,2016,9,0,0,,False
thaipbs,2016,10,0,0,,False
thaipbs,2016,11,0,0,,False
thaipbs,2016,12,0,0,,False
thaipbs,2016,13,0,0,,False
thaipbs,2016,14,0,0,,False
thaipbs,2016,15,0,0,,False
thaipbs,2016,16,0,0,,False
thaipbs,2016,17,0,0,,False
thaipbs,2016,18,0,0,,False
thaipbs,2016,19,0,0,,False
thaipbs,2016,20,0,0,,False
thaipbs,2016,21,0,0,,False
thaipbs,2016,22,0,0,,False
thaipbs,2016,23,0,0,,False
thaipbs,2016,24,0,0,,False
thaipbs,2016,25,0,0,,False
thaipbs,2016,26,0,0,,False
thaipbs,2016,27,0,0,,False
thaipbs,2016,28,0,0,,False
thaipbs,2016,29,0,0,,False
thaipbs,2016,30,0,0,,False
thaipbs,2016,31,0,0,,False
thaipbs,2016,32,0,0,,False
thaipbs,2016,33,0,0,,False
thaipbs,2016,34,0,0,,False
thaipbs,2016,35,0,0,,False
thaipbs,2016,36,0,0,,False
thaipbs,2016,37,0,0,,False
thaipbs,2016,38,0,0,,False
thaipbs,2016,39,0,0,,False
thaipbs,2016,40,0,0,,False
thaipbs,2016,41,0,0,,False
thaipbs,2016,42,0,0,,False
thaipbs,2016,43,0,0,,False
thaipbs,2016,44,0,0,,False
thaipbs,2016,45,0,0,,False
thaipbs,2016,46,0,0,,False
thaipbs,2016,47,0,0,,False
thaipbs,2016,48,0,0,,False
thaipbs,2016,49,0,0,,False
thaipbs,2016,50,0,0,,False
thaipbs,2016,51,0,0,,False
thaipbs,2016,52,0,0,,False
thaipbs,2016,53,0,0,,False
thaipbs,2016,54,0,0,,False
thaipbs,2016,55,0,0,,False
thaipbs,2016,56,0,0,,False
thaipbs,2016,57,0,0,,False
thaipbs,2016,58,0,0,,False
thaipbs,2016,59,0,0,,False
thaipbs,2016,60,0,0,,False
thaipbs,2016,61,0,0,,False
thaipbs,2016,62,0,0,,False
thaipbs,2016,63,0,0,,False
thaipbs,2017,-1,0,0,,False
thaipbs,2017,0,0,0,,False
thaipbs,2017,1,0,0,,False
thaipbs,2017,2,0,0,,False
thaipbs,2017,3,0,0,,False
thaipbs,2017,4,0,0,,False
thaipbs,2017,5,0,0,,False
thaipbs,2017,6,0,0,,False
thaipbs,2017,7,0,0,,False
thaipbs,2017,8,0,0,,False
thaipbs,2017,9,0,0,,False
thaipbs,2017,10,0,0,,False
thaipbs,2017,11,0,0,,False
thaipbs,2017,12,0,0,,False
thaipbs,2017,13,0,0,,False
thaipbs,2017,14,0,0,,False
thaipbs,2017,15,0,0,,False
thaipbs,2017,16,0,0,,False
thaipbs,2017,17,0,0,,False
thaipbs,2017,18,0,0,,False
thaipbs,2017,19,0,0,,False
thaipbs,2017,20,0,0,,False
thaipbs,2017,21,0,0,,False
thaipbs,2017,22,0,0,,False
thaipbs,2017,23,0,0,,False
thaipbs,2017,24,0,0,,False
thaipbs,2017,25,0,0,,False
thaipbs,2017,26,0,0,,False
thaipbs,2017,27,0,0,,False
thaipbs,2017,28,0,0,,False
thaipbs,2017,29,0,0,,False
thaipbs,2017,30,0,0,,False
thaipbs,2017,31,0,0,,False
thaipbs,2017,32,0,0,,False
thaipbs,2017,33,0,0,,False
thaipbs,2017,34,0,0,,False
thaipbs,2017,35,0,0,,False
thaipbs,2017,36,0,0,,False
thaipbs,2017,37,0,0,,False
thaipbs,2017,38,0,0,,False
thaipbs,2017,39,0,0,,False
thaipbs,2017,40,0,0,,False
thaipbs,2017,41,0,0,,False
thaipbs,2017,42,0,0,,False
thaipbs,2017,43,0,0,,False
thaipbs,2017,44,0,0,,False
thaipbs,2017,45,0,0,,False
thaipbs,2017,46,0,0,,False
thaipbs,2017,47,0,0,,False
thaipbs,2017,48,0,0,,False
thaipbs,2017,49,0,0,,False
thaipbs,2017,50,0,0,,False
thaipbs,2017,51,0,0,,False
thaipbs,2017,52,0,0,,False
thaipbs,2017,53,0,0,,False
thaipbs,2017,54,0,0,,False
thaipbs,2017,55,0,0,,False
thaipbs,2017,56,0,0,,False
thaipbs,2017,57,0,0,,False
thaipbs,2017,58,0,0,,False
thaipbs,2017,59,0,0,,False
thaipbs,2017,60,0,0,,False
thaipbs,2017,61,0,0,,False
thaipbs,2017,62,0,0,,False
thaipbs,2017,63,0,0,,False
thaipbs,2018,-1,0,0,,False
thaipbs,2018,0,0,0,,False
thaipbs,2018,1,0,0,,False
thaipbs,2018,2,0,0,,False
thaipbs,2018,3,0,0,,False
thaipbs,2018,4,0,0,,False
thaipbs,2018,5,0,0,,False
thaipbs,2018,6,0,0,,False
thaipbs,2018,7,0,0,,False
thaipbs,2018,8,0,0,,False
thaipbs,2018,9,0,0,,False
thaipbs,2018,10,0,0,,False
thaipbs,2018,11,0,0,,False
thaipbs,2018,12,0,0,,False
thaipbs,2018,13,0,0,,False
thaipbs,2018,14,0,0,,False
thaipbs,2018,15,0,0,,False
thaipbs,2018,16,0,0,,False
thaipbs,2018,17,0,0,,False
thaipbs,2018,18,0,0,,False
thaipbs,2018,19,0,0,,False
thaipbs,2018,20,0,0,,False
thaipbs,2018,21,0,0,,False
thaipbs,2018,22,0,0,,False
thaipbs,2018,23,0,0,,False
thaipbs,2018,24,0,0,,False
thaipbs,2018,25,0,0,,False
thaipbs,2018,26,0,0,,False
thaipbs,2018,27,0,0,,False
thaipbs,2018,28,0,0,,False
thaipbs,2018,29,0,0,,False
thaipbs,2018,30,0,0,,False
thaipbs,2018,31,0,0,,False
thaipbs,2018,32,0,0,,False
thaipbs,2018,33,0,0,,False
thaipbs,2018,34,0,0,,False
thaipbs,2018,35,0,0,,False
thaipbs,2018,36,0,0,,False
thaipbs,2018,37,0,0,,False
thaipbs,2018,38,0,0,,False
thaipbs,2018,39,0,0,,False
thaipbs,2018,40,0,0,,False
thaipbs,2018,41,0,0,,False
thaipbs,2018,42,0,0,,False
thaipbs,2018,43,0,0,,False
thaipbs,2018,44,0,0,,False
thaipbs,2018,45,0,0,,False
thaipbs,2018,46,0,0,,False
thaipbs,2018,47,0,0,,False
thaipbs,2018,48,0,0,,False
thaipbs,2018,49,0,0,,False
thaipbs,2018,50,0,0,,False
thaipbs,2018,51,0,0,,False
thaipbs,2018,52,0,0,,False
thaipbs,2018,53,0,0,,False
thaipbs,2018,54,0,0,,False
thaipbs,2018,55,0,0,,False
thaipbs,2018,56,0,0,,False
thaipbs,2018,57,0,0,,False
thaipbs,2018,58,0,0,,False
thaipbs,2018,59,0,0,,False
thaipbs,2018,60,0,0,,False
thaipbs,2018,61,0,0,,False
thaipbs,2018,62,0,0,,False
thaipbs,2018,63,0,0,,False
thaipbs,2019,-1,0,0,,False
thaipbs,2019,0,0,0,,False
thaipbs,2019,1,0,0,,False
thaipbs,2019,2,0,0,,False
thaipbs,2019,3,0,0,,False
thaipbs,2019,4,0,0,,False
thaipbs,2019,5,0,0,,False
thaipbs,2019,6,0,0,,False
thaipbs,2019,7,0,0,,False
thaipbs,2019,8,0,0,,False
thaipbs,2019,9,0,0,,False
thaipbs,2019,10,0,0,,False
thaipbs,2019,11,0,0,,False
thaipbs,2019,12,0,0,,False
thaipbs,2019,13,0,0,,False
thaipbs,2019,14,0,0,,False
thaipbs,2019,15,0,0,,False
thaipbs,2019,16,0,0,,False
thaipbs,2019,17,0,0,,False
thaipbs,2019,18,0,0,,False
thaipbs,2019,19,0,0,,False
thaipbs,2019,20,0,0,,False
thaipbs,2019,21,0,0,,False
thaipbs,2019,22,0,0,,False
thaipbs,2019,23,0,0,,False
thaipbs,2019,24,0,0,,False
thaipbs,2019,25,0,0,,False
thaipbs,2019,26,0,0,,False
thaipbs,2019,27,0,0,,False
thaipbs,2019,28,0,0,,False
thaipbs,2019,29,0,0,,False
thaipbs,2019,30,0,0,,False
thaipbs,2019,31,0,0,,False
thaipbs,2019,32,0,0,,False
thaipbs,2019,33,0,0,,False
thaipbs,2019,34,0,0,,False
thaipbs,2019,35,0,0,,False
thaipbs,2019,36,0,0,,False
thaipbs,2019,37,0,0,,False
thaipbs,2019,38,0,0,,False
thaipbs,2019,39,0,0,,False
thaipbs,2019,40,0,0,,False
thaipbs,2019,41,0,0,,False
thaipbs,2019,42,0,0,,False
thaipbs,2019,43,0,0,,False
thaipbs,2019,44,0,0,,False
thaipbs,2019,45,0,0,,False
thaipbs,2019,46,0,0,,False
thaipbs,2019,47,0,0,,False
thaipbs,2019,48,0,0,,False
thaipbs,2019,49,0,0,,False
thaipbs,2019,50,0,0,,False
thaipbs,2019,51,0,0,,False
thaipbs,2019,52,0,0,,False
thaipbs,2019,53,0,0,,False
thaipbs,2019,54,0,0,,False
thaipbs,2019,55,0,0,,False
thaipbs,2019,56,0,0,,False
thaipbs,2019,57,0,0,,False
thaipbs,2019,58,0,0,,False
thaipbs,2019,59,0,0,,False
thaipbs,2019,60,0,0,,False
thaipbs,2019,61,0,0,,False
thaipbs,2019,62,0,0,,False
thaipbs,2019,63,0,0,,False
thaipbs,2020,-1,0,0,,False
thaipbs,2020,0,0,0,,False
thaipbs,2020,1,0,0,,False
thaipbs,2020,2,0,0,,False
thaipbs,2020,3,0,0,,False
thaipbs,2020,4,0,0,,False
thaipbs,2020,5,0,0,,False
thaipbs,2020,6,0,0,,False
thaipbs,2020,7,0,0,,False
thaipbs,2020,8,0,0,,False
thaipbs,2020,9,0,0,,False
thaipbs,2020,10,0,0,,False
thaipbs,2020,11,0,0,,False
thaipbs,2020,12,0,0,,False
thaipbs,2020,13,0,0,,False
thaipbs,2020,14,0,0,,False
thaipbs,2020,15,0,0,,False
thaipbs,2020,16,0,0,,False
thaipbs,2020,17,0,0,,False
thaipbs,2020,18,0,0,,False
thaipbs,2020,19,0,0,,False
thaipbs,2020,20,0,0,,False
thaipbs,2020,21,0,0,,False
thaipbs,2020,22,0,0,,False
thaipbs,2020,23,0,0,,False
thaipbs,2020,24,0,0,,False
thaipbs,2020,25,0,0,,False
thaipbs,2020,26,0,0,,False
thaipbs,2020,27,0,0,,False
thaipbs,2020,28,0,0,,False
thaipbs,2020,29,0,0,,False
thaipbs,2020,30,0,0,,False
thaipbs,2020,31,0,0,,False
thaipbs,2020,32,0,0,,False
thaipbs,2020,33,0,0,,False
thaipbs,2020,34,0,0,,False
thaipbs,2020,35,0,0,,False
thaipbs,2020,36,0,0,,False
thaipbs,2020,37,0,0,,False
thaipbs,2020,38,0,0,,False
thaipbs,2020,39,0,0,,False
thaipbs,2020,40,0,0,,False
thaipbs,2020,41,0,0,,False
thaipbs,2020,42,0,0,,False
thaipbs,2020,43,0,0,,False
thaipbs,2020,44,0,0,,False
thaipbs,2020,45,0,0,,False
thaipbs,2020,46,0,0,,False
thaipbs,2020,47,0,0,,False
thaipbs,2020,48,0,0,,False
thaipbs,2020,49,0,0,,False
thaipbs,2020,50,0,0,,False
thaipbs,2020,51,0,0,,False
thaipbs,2020,52,0,0,,False
thaipbs,2020,53,0,0,,False
thaipbs,2020,54,0,0,,False
thaipbs,2020,55,0,0,,False
thaipbs,2020,56,0,0,,False
thaipbs,2020,57,0,0,,False
thaipbs,2020,58,0,0,,False
thaipbs,2020,59,0,0,,False
thaipbs,2020,60,0,0,,False
thaipbs,2020,61,0,0,,False
thaipbs,2020,62,0,0,,False
thaipbs,2020,63,0,0,,False
thaipbs,2021,-1,0,0,,False
thaipbs,2021,0,0,0,,False
thaipbs,2021,1,0,0,,False
thaipbs,2021,2,0,0,,False
thaipbs,2021,3,0,0,,False
thaipbs,2021,4,0,0,,False
thaipbs,2021,5,0,0,,False
thaipbs,2021,6,0,0,,False
thaipbs,2021,7,0,0,,False
thaipbs,2021,8,0,0,,False
thaipbs,2021,9,0,0,,False
thaipbs,2021,10,0,0,,False
thaipbs,2021,11,0,0,,False
thaipbs,2021,12,0,0,,False
thaipbs,2021,13,0,0,,False
thaipbs,2021,14,0,0,,False
thaipbs,2021,15,0,0,,False
thaipbs,2021,16,0,0,,False
thaipbs,2021,17,0,0,,False
thaipbs,2021,18,0,0,,False
thaipbs,2021,19,0,0,,False
thaipbs,2021,20,0,0,,False
thaipbs,2021,21,0,0,,False
thaipbs,2021,22,0,0,,False
thaipbs,2021,23,0,0,,False
thaipbs,2021,24,0,0,,False
thaipbs,2021,25,0,0,,False
thaipbs,2021,26,0,0,,False
thaipbs,2021,27,0,0,,False
thaipbs,2021,28,0,0,,False
thaipbs,2021,29,0,0,,False
thaipbs,2021,30,0,0,,False
thaipbs,2021,31,0,0,,False
thaipbs,2021,32,0,0,,False
thaipbs,2021,33,0,0,,False
thaipbs,2021,34,0,0,,False
thaipbs,2021,35,0,0,,False
thaipbs,2021,36,0,0,,False
thaipbs,2021,37,0,0,,False
thaipbs,2021,38,0,0,,False
thaipbs,2021,39,0,0,,False
thaipbs,2021,40,0,0,,False
thaipbs,2021,41,0,0,,False
thaipbs,2021,42,0,0,,False
thaipbs,2021,43,0,0,,False
thaipbs,2021,44,0,0,,False
thaipbs,2021,45,0,0,,False
thaipbs,2021,46,0,0,,False
thaipbs,2021,47,0,0,,False
thaipbs,2021,48,0,0,,False
thaipbs,2021,49,0,0,,False
thaipbs,2021,50,0,0,,False
thaipbs,2021,51,0,0,,False
thaipbs,2021,52,0,0,,False
thaipbs,2021,53,0,0,,False
thaipbs,2021,54,0,0,,False
thaipbs,2021,55,0,0,,False
thaipbs,2021,56,0,0,,False
thaipbs,2021,57,0,0,,False
thaipbs,2021,58,0,0,,False
thaipbs,2021,59,0,0,,False
thaipbs,2021,60,0,0,,False
thaipbs,2021,61,0,0,,False
thaipbs,2021,62,0,0,,False
thaipbs,2021,63,0,0,,False
thaipbs,2022,-1,0,0,,False
thaipbs,2022,0,0,0,,False
thaipbs,2022,1,0,0,,False
thaipbs,2022,2,0,0,,False
thaipbs,2022,3,0,0,,False
thaipbs,2022,4,0,0,,False
thaipbs,2022,5,0,0,,False
thaipbs,2022,6,0,0,,False
thaipbs,2022,7,0,0,,False
thaipbs,2022,8,0,0,,False
thaipbs,2022,9,0,0,,False
thaipbs,2022,10,0,0,,False
thaipbs,2022,11,0,0,,False
thaipbs,2022,12,0,0,,False
thaipbs,2022,13,0,0,,False
thaipbs,2022,14,0,0,,False
thaipbs,2022,15,0,0,,False
thaipbs,2022,16,0,0,,False
thaipbs,2022,17,0,0,,False
thaipbs,2022,18,0,0,,False
thaipbs,2022,19,0,0,,False
thaipbs,2022,20,0,0,,False
thaipbs,2022,21,0,0,,False
thaipbs,2022,22,0,0,,False
thaipbs,2022,23,0,0,,False
thaipbs,2022,24,0,0,,False
thaipbs,2022,25,0,0,,False
thaipbs,2022,26,0,0,,False
thaipbs,2022,27,0,0,,False
thaipbs,2022,28,0,0,,False
thaipbs,2022,29,0,0,,False
thaipbs,2022,30,0,0,,False
thaipbs,2022,31,0,0,,False
thaipbs,2022,32,0,0,,False
thaipbs,2022,33,0,0,,False
thaipbs,2022,34,0,0,,False
thaipbs,2022,35,0,0,,False
thaipbs,2022,36,0,0,,False
thaipbs,2022,37,0,0,,False
thaipbs,2022,38,0,0,,False
thaipbs,2022,39,0,0,,False
thaipbs,2022,40,0,0,,False
thaipbs,2022,41,0,0,,False
thaipbs,2022,42,0,0,,False
thaipbs,2022,43,0,0,,False
thaipbs,2022,44,0,0,,False
thaipbs,2022,45,0,0,,False
thaipbs,2022,46,0,0,,False
thaipbs,2022,47,0,0,,False
thaipbs,2022,48,0,0,,False
thaipbs,2022,49,0,0,,False
thaipbs,2022,50,0,0,,False
thaipbs,2022,51,0,0,,False
thaipbs,2022,52,0,0,,False
thaipbs,2022,53,0,0,,False
thaipbs,2022,54,0,0,,False
thaipbs,2022,55,0,0,,False
thaipbs,2022,56,0,0,,False
thaipbs,2022,57,0,0,,False
thaipbs,2022,58,0,0,,False
thaipbs,2022,59,0,0,,False
thaipbs,2022,60,0,0,,False
thaipbs,2022,61,0,0,,False
thaipbs,2022,62,0,0,,False
thaipbs,2022,63,0,0,,False
thaipbs,2023,-1,0,0,,False
thaipbs,2023,0,0,0,,False
thaipbs,2023,1,0,0,,False
thaipbs,2023,2,0,0,,False
thaipbs,2023,3,0,0,,False
thaipbs,2023,4,0,0,,False
thaipbs,2023,5,0,0,,False
thaipbs,2023,6,0,0,,False
thaipbs,2023,7,0,0,,False
thaipbs,2023,8,0,0,,False
thaipbs,2023,9,0,0,,False
thaipbs,2023,10,0,0,,False
thaipbs,2023,11,0,0,,False
thaipbs,2023,12,0,0,,False
thaipbs,2023,13,0,0,,False
thaipbs,2023,14,0,0,,False
thaipbs,2023,15,0,0,,False
thaipbs,2023,16,0,0,,False
thaipbs,2023,17,0,0,,False
thaipbs,2023,18,0,0,,False
thaipbs,2023,19,0,0,,False
thaipbs,2023,20,0,0,,False
thaipbs,2023,21,0,0,,False
thaipbs,2023,22,0,0,,False
thaipbs,2023,23,0,0,,False
thaipbs,2023,24,0,0,,False
thaipbs,2023,25,0,0,,False
thaipbs,2023,26,0,0,,False
thaipbs,2023,27,0,0,,False
thaipbs,2023,28,0,0,,False
thaipbs,2023,29,0,0,,False
thaipbs,2023,30,0,0,,False
thaipbs,2023,31,0,0,,False
thaipbs,2023,32,0,0,,False
thaipbs,2023,33,0,0,,False
thaipbs,2023,34,0,0,,False
thaipbs,2023,35,0,0,,False
thaipbs,2023,36,0,0,,False
thaipbs,2023,37,0,0,,False
thaipbs,2023,38,0,0,,False
thaipbs,2023,39,0,0,,False
thaipbs,2023,40,0,0,,False
thaipbs,2023,41,0,0,,False
thaipbs,2023,42,0,0,,False
thaipbs,2023,43,0,0,,False
thaipbs,2023,44,0,0,,False
thaipbs,2023,45,0,0,,False
thaipbs,2023,46,0,0,,False
thaipbs,2023,47,0,0,,False
thaipbs,2023,48,0,0,,False
thaipbs,2023,49,0,0,,False
thaipbs,2023,50,0,0,,False
thaipbs,2023,51,0,0,,False
thaipbs,2023,52,0,0,,False
thaipbs,2023,53,0,0,,False
thaipbs,2023,54,0,0,,False
thaipbs,2023,55,0,0,,False
thaipbs,2023,56,0,0,,False
thaipbs,2023,57,0,0,,False
thaipbs,2023,58,0,0,,False
thaipbs,2023,59,0,0,,False
thaipbs,2023,60,0,0,,False
thaipbs,2023,61,0,0,,False
thaipbs,2023,62,0,0,,False
thaipbs,2023,63,0,0,,False
thaipbs,2024,-1,4,19,21.05263157894737,False
thaipbs,2024,0,3,19,15.789473684210526,False
thaipbs,2024,1,0,19,0.0,False
thaipbs,2024,2,0,19,0.0,False
thaipbs,2024,3,0,19,0.0,False
thaipbs,2024,4,0,19,0.0,False
thaipbs,2024,5,0,19,0.0,False
thaipbs,2024,6,0,19,0.0,False
thaipbs,2024,7,0,19,0.0,False
thaipbs,2024,8,0,19,0.0,False
thaipbs,2024,9,1,19,5.2631578947368425,False
thaipbs,2024,10,1,19,5.2631578947368425,False
thaipbs,2024,11,1,19,5.2631578947368425,False
thaipbs,2024,12,0,19,0.0,False
thaipbs,2024,13,0,19,0.0,False
thaipbs,2024,14,0,19,0.0,False
thaipbs,2024,15,0,19,0.0,False
thaipbs,2024,16,0,19,0.0,False
thaipbs,2024,17,0,19,0.0,False
thaipbs,2024,18,0,19,0.0,False
thaipbs,2024,19,0,19,0.0,False
thaipbs,2024,20,0,19,0.0,False
thaipbs,2024,21,0,19,0.0,False
thaipbs,2024,22,0,19,0.0,False
thaipbs,2024,23,0,19,0.0,False
thaipbs,2024,24,0,19,0.0,False
thaipbs,2024,25,0,19,0.0,False
thaipbs,2024,26,0,19,0.0,False
thaipbs,2024,27,1,19,5.2631578947368425,False
thaipbs,2024,28,0,19,0.0,False
thaipbs,2024,29,0,19,0.0,False
thaipbs,2024,30,0,19,0.0,False
thaipbs,2024,31,2,19,10.526315789473685,False
thaipbs,2024,32,0,19,0.0,False
thaipbs,2024,33,0,19,0.0,False
thaipbs,2024,34,0,19,0.0,False
thaipbs,2024,35,0,19,0.0,False
thaipbs,2024,36,0,19,0.0,False
thaipbs,2024,37,0,19,0.0,False
thaipbs,2024,38,0,19,0.0,False
thaipbs,2024,39,0,19,0.0,False
thaipbs,2024,40,0,19,0.0,False
thaipbs,2024,41,0,19,0.0,False
thaipbs,2024,42,0,19,0.0,False
thaipbs,2024,43,1,19,5.2631578947368425,False
thaipbs,2024,44,0,19,0.0,False
thaipbs,2024,45,0,19,0.0,False
thaipbs,2024,46,0,19,0.0,False
thaipbs,2024,47,0,19,0.0,False
thaipbs,2024,48,0,19,0.0,False
thaipbs,2024,49,1,19,5.2631578947368425,False
thaipbs,2024,50,0,19,0.0,False
thaipbs,2024,51,0,19,0.0,False
thaipbs,2024,52,0,19,0.0,False
thaipbs,2024,53,1,19,5.2631578947368425,False
thaipbs,2024,54,0,19,0.0,False
thaipbs,2024,55,0,19,0.0,False
thaipbs,2024,56,0,19,0.0,False
thaipbs,2024,57,2,19,10.526315789473685,False
thaipbs,2024,58,0,19,0.0,False
thaipbs,2024,59,0,19,0.0,False
thaipbs,2024,60,0,19,0.0,False
thaipbs,2024,61,0,19,0.0,False
thaipbs,2024,62,0,19,0.0,False
thaipbs,2024,63,1,19,5.2631578947368425,False
thaipbs,2025,-1,25,85,29.41176470588235,False
thaipbs,2025,0,9,85,10.588235294117647,False
thaipbs,2025,1,0,85,0.0,False
thaipbs,2025,2,0,85,0.0,False
thaipbs,2025,3,0,85,0.0,False
thaipbs,2025,4,0,85,0.0,False
thaipbs,2025,5,2,85,2.3529411764705883,False
thaipbs,2025,6,17,85,20.0,False
thaipbs,2025,7,0,85,0.0,False
thaipbs,2025,8,0,85,0.0,False
thaipbs,2025,9,0,85,0.0,False
thaipbs,2025,10,2,85,2.3529411764705883,False
thaipbs,2025,11,0,85,0.0,False
thaipbs,2025,12,0,85,0.0,False
thaipbs,2025,13,2,85,2.3529411764705883,False
thaipbs,2025,14,0,85,0.0,False
thaipbs,2025,15,0,85,0.0,False
thaipbs,2025,16,0,85,0.0,False
thaipbs,2025,17,0,85,0.0,False
thaipbs,2025,18,0,85,0.0,False
thaipbs,2025,19,0,85,0.0,False
thaipbs,2025,20,1,85,1.1764705882352942,False
thaipbs,2025,21,0,85,0.0,False
thaipbs,2025,22,0,85,0.0,False
thaipbs,2025,23,0,85,0.0,False
thaipbs,2025,24,0,85,0.0,False
thaipbs,2025,25,0,85,0.0,False
thaipbs,2025,26,0,85,0.0,False
thaipbs,2025,27,2,85,2.3529411764705883,False
thaipbs,2025,28,2,85,2.3529411764705883,False
thaipbs,2025,29,1,85,1.1764705882352942,False
thaipbs,2025,30,0,85,0.0,False
thaipbs,2025,31,1,85,1.1764705882352942,False
thaipbs,2025,32,0,85,0.0,False
thaipbs,2025,33,0,85,0.0,False
thaipbs,2025,34,0,85,0.0,False
thaipbs,2025,35,0,85,0.0,False
thaipbs,2025,36,0,85,0.0,False
thaipbs,2025,37,1,85,1.1764705882352942,False
thaipbs,2025,38,0,85,0.0,False
thaipbs,2025,39,1,85,1.1764705882352942,False
thaipbs,2025,40,0,85,0.0,False
thaipbs,2025,41,0,85,0.0,False
thaipbs,2025,42,0,85,0.0,False
thaipbs,2025,43,6,85,7.0588235294117645,False
thaipbs,2025,44,0,85,0.0,False
thaipbs,2025,45,0,85,0.0,False
thaipbs,2025,46,0,85,0.0,False
thaipbs,2025,47,0,85,0.0,False
thaipbs,2025,48,0,85,0.0,False
thaipbs,2025,49,1,85,1.1764705882352942,False
thaipbs,2025,50,0,85,0.0,False
thaipbs,2025,51,0,85,0.0,False
thaipbs,2025,52,1,85,1.1764705882352942,False
thaipbs,2025,53,0,85,0.0,False
thaipbs,2025,54,1,85,1.1764705882352942,False
thaipbs,2025,55,0,85,0.0,False
thaipbs,2025,56,0,85,0.0,False
thaipbs,2025,57,3,85,3.5294117647058822,False
thaipbs,2025,58,0,85,0.0,False
thaipbs,2025,59,0,85,0.0,False
thaipbs,2025,60,0,85,0.0,False
thaipbs,2025,61,0,85,0.0,False
thaipbs,2025,62,0,85,0.0,False
thaipbs,2025,63,7,85,8.235294117647058,False
thaipbs,2026,-1,49,134,36.56716417910448,True
thaipbs,2026,0,3,134,2.2388059701492535,True
thaipbs,2026,1,0,134,0.0,True
thaipbs,2026,2,1,134,0.746268656716418,True
thaipbs,2026,3,0,134,0.0,True
thaipbs,2026,4,0,134,0.0,True
thaipbs,2026,5,0,134,0.0,True
thaipbs,2026,6,0,134,0.0,True
thaipbs,2026,7,4,134,2.985074626865672,True
thaipbs,2026,8,0,134,0.0,True
thaipbs,2026,9,0,134,0.0,True
thaipbs,2026,10,33,134,24.62686567164179,True
thaipbs,2026,11,0,134,0.0,True
thaipbs,2026,12,0,134,0.0,True
thaipbs,2026,13,2,134,1.492537313432836,True
thaipbs,2026,14,0,134,0.0,True
thaipbs,2026,15,0,134,0.0,True
thaipbs,2026,16,0,134,0.0,True
thaipbs,2026,17,0,134,0.0,True
thaipbs,2026,18,1,134,0.746268656716418,True
thaipbs,2026,19,0,134,0.0,True
thaipbs,2026,20,0,134,0.0,True
thaipbs,2026,21,1,134,0.746268656716418,True
thaipbs,2026,22,0,134,0.0,True
thaipbs,2026,23,0,134,0.0,True
thaipbs,2026,24,0,134,0.0,True
thaipbs,2026,25,1,134,0.746268656716418,True
thaipbs,2026,26,0,134,0.0,True
thaipbs,2026,27,11,134,8.208955223880597,True
thaipbs,2026,28,6,134,4.477611940298507,True
thaipbs,2026,29,0,134,0.0,True
thaipbs,2026,30,2,134,1.492537313432836,True
thaipbs,2026,31,0,134,0.0,True
thaipbs,2026,32,1,134,0.746268656716418,True
thaipbs,2026,33,0,134,0.0,True
thaipbs,2026,34,0,134,0.0,True
thaipbs,2026,35,0,134,0.0,True
thaipbs,2026,36,0,134,0.0,True
thaipbs,2026,37,3,134,2.2388059701492535,True
thaipbs,2026,38,0,134,0.0,True
thaipbs,2026,39,1,134,0.746268656716418,True
thaipbs,2026,40,0,134,0.0,True
thaipbs,2026,41,0,134,0.0,True
thaipbs,2026,42,0,134,0.0,True
thaipbs,2026,43,6,134,4.477611940298507,True
thaipbs,2026,44,0,134,0.0,True
thaipbs,2026,45,1,134,0.746268656716418,True
thaipbs,2026,46,0,134,0.0,True
thaipbs,2026,47,0,134,0.0,True
thaipbs,2026,48,0,134,0.0,True
thaipbs,2026,49,1,134,0.746268656716418,True
thaipbs,2026,50,0,134,0.0,True
thaipbs,2026,51,0,134,0.0,True
thaipbs,2026,52,0,134,0.0,True
thaipbs,2026,53,0,134,0.0,True
thaipbs,2026,54,0,134,0.0,True
thaipbs,2026,55,1,134,0.746268656716418,True
thaipbs,2026,56,0,134,0.0,True
thaipbs,2026,57,3,134,2.2388059701492535,True
thaipbs,2026,58,0,134,0.0,True
thaipbs,2026,59,0,134,0.0,True
thaipbs,2026,60,0,134,0.0,True
thaipbs,2026,61,1,134,0.746268656716418,True
thaipbs,2026,62,0,134,0.0,True
thaipbs,2026,63,2,134,1.492537313432836,True
