id,source,date,year,verdict,verdict_origin,claim_text,claim_text_basis,title,url,topic_flags,migrant_match,border_match,frame_flags,text_family,topic_id,retrieval_route,similarity,nearest_seed_id,reviewed_scope,reviewed_frame,review_status,assistant_scope,scope_basis,scope_evidence,human_scope,human_frame,human_review_status,queue_round,v2_match_term
16428,afnc,2020-02-22,2020,misleading,source,รัฐบาลเมินช่วยคนงานเชฟโรเลต ไล่ไปเปิด google หางาน,cleaned_title,ข่าวบิดเบือน อย่าแชร์! รัฐบาลเมินช่วยคนงานเชฟโรเลต ไล่ไปเปิด google หางาน,https://www.antifakenewscenter.com/?p=2187,other,False,False,other,84a65d51f770a7f00eee,-1,semantic_neighbor,0.9316220283508301,14882,,,pending,out_of_scope,"assistant read claim/title, not full-source verification",ข่าวบิดเบือน อย่าแชร์! รัฐบาลเมินช่วยคนงานเชฟโรเลต ไล่ไปเปิด google หางาน,,,pending,1,
16390,afnc,2020-03-05,2020,false,source,การออกบัตรให้มุสลิมต่างด้าวทางสื่อออนไลน์,cleaned_title,ข่าวปลอม อย่าแชร์! การออกบัตรให้มุสลิมต่างด้าวทางสื่อออนไลน์,https://www.antifakenewscenter.com/?p=2430,T06,True,False,other,f359e79f782d2237cd47,-1,keyword_seed,1.0000001192092896,16390,,,pending,resident_refugee_status,"assistant read claim/title, not full-source verification",ข่าวปลอม อย่าแชร์! การออกบัตรให้มุสลิมต่างด้าวทางสื่อออนไลน์,,,pending,1,
16852,afp,2020-03-11,2020,false,source,"ชายต่างด้าวสมรสหญิงไอซ์แลนด์ได้เงินเดือน 170,000 บาทจากรัฐบาล?",source,รัฐบาลไอซ์แลนด์ได้ชี้แจงหลายครั้งแล้วตั้งแต่ข่าวลือเริ่มขึ้นในปี 2559 ว่าไม่มีโครงการแต่งงานแลกเงิน,https://factcheckthailand.afp.com/rathbaalaichaelndaidchiiaecchnghlaaykhrangaelwtangaetkhaawluueerimkhuenainpii-2559,T06,True,False,other,7e8e5b1b868122b45d3d,-1,keyword_seed,1.0000004768371582,16852,,,pending,out_of_scope,"assistant read claim/title, not full-source verification",รัฐบาลไอซ์แลนด์ได้ชี้แจงหลายครั้งแล้วตั้งแต่ข่าวลือเริ่มขึ้นในปี 2559 ว่าไม่มีโครงการแต่งงานแลกเงิน,,,pending,1,
16192,afnc,2020-04-04,2020,misleading,source,กระทรวงการต่างประเทศฝ่าฝืนคำสั่ง ออกเอกสารให้คนเดินทางเข้าประเทศไทย,cleaned_title,ข่าวบิดเบือน อย่าแชร์! กระทรวงการต่างประเทศฝ่าฝืนคำสั่ง ออกเอกสารให้คนเดินทางเข้าประเทศไทย,https://www.antifakenewscenter.com/?p=3855,other,False,False,other,33d29ba48f6e37ed0393,-1,semantic_neighbor,0.9367911219596863,1905,,,pending,out_of_scope,"assistant read claim/title, not full-source verification",ข่าวบิดเบือน อย่าแชร์! กระทรวงการต่างประเทศฝ่าฝืนคำสั่ง ออกเอกสารให้คนเดินทางเข้าประเทศไทย,,,pending,1,
15735,afnc,2020-10-04,2020,false,source,ชาวพม่ามาตรวจไทรอยด์ที่รพ.ราชวิถี แต่,cleaned_title,ข่าวปลอม อย่าแชร์! ชาวพม่ามาตรวจไทรอยด์ที่รพ.ราชวิถี แต่พบติดเชื้อโควิด-19,https://www.antifakenewscenter.com/?p=6476,T06,False,False,health,fb3c3b7d6b0fc3b87c6a,-1,keyword_seed,1.000000238418579,15735,,,pending,resident_refugee_status,"assistant read claim/title, not full-source verification",ข่าวปลอม อย่าแชร์! ชาวพม่ามาตรวจไทรอยด์ที่รพ.ราชวิถี แต่พบติดเชื้อโควิด-19,,,pending,1,
15731,afnc,2020-10-06,2020,false,source,ชาวพม่าอพยพเข้าไทยหนีโควิด-19 ที่ด่านพรมแดนแม่สอด จ.ตาก,cleaned_title,ข่าวปลอม อย่าแชร์! ชาวพม่าอพยพเข้าไทยหนีโควิด-19 ที่ด่านพรมแดนแม่สอด จ.ตาก,https://www.antifakenewscenter.com/?p=6499,T02;T06,False,False,health,78d93258ccd7caa03003,-1,keyword_seed,1.0000003576278687,15731,,,pending,resident_refugee_status,"assistant read claim/title, not full-source verification",ข่าวปลอม อย่าแชร์! ชาวพม่าอพยพเข้าไทยหนีโควิด-19 ที่ด่านพรมแดนแม่สอด จ.ตาก,,,pending,1,
15549,afnc,2020-12-22,2020,false,source,แรงงานต่างชาติลักลอบทุบกำแพง หลังพื้นที่กักกันเพื่อหลบหนี,cleaned_title,ข่าวปลอม อย่าแชร์! แรงงานต่างชาติลักลอบทุบกำแพง หลังพื้นที่กักกันเพื่อหลบหนี,https://www.antifakenewscenter.com/?p=7482,other,True,False,security,a5e6d6a13b9306148595,-1,keyword_seed,0.9999998807907104,15549,,,pending,resident_refugee_status,"assistant read claim/title, not full-source verification",ข่าวปลอม อย่าแชร์! แรงงานต่างชาติลักลอบทุบกำแพง หลังพื้นที่กักกันเพื่อหลบหนี,,,pending,1,
15481,afnc,2021-01-11,2021,false,source,คลังอนุมัติ ให้ยกเลิกจ่ายเงินบำนาญแก่ข้าราชการ,cleaned_title,ข่าวปลอม อย่าแชร์! คลังอนุมัติ ให้ยกเลิกจ่ายเงินบำนาญแก่ข้าราชการ,https://www.antifakenewscenter.com/?p=7877,other,False,False,other,6811ee37029eb36bacaf,13,semantic_neighbor,0.9370235800743103,14882,,,pending,out_of_scope,"assistant read claim/title, not full-source verification",ข่าวปลอม อย่าแชร์! คลังอนุมัติ ให้ยกเลิกจ่ายเงินบำนาญแก่ข้าราชการ,,,pending,1,
15406,afnc,2021-02-01,2021,false,source,กระทรวงแรงงาน ปลดล็อก 5 อาชีพ ให้แรงงานต่างชาติ,cleaned_title,ข่าวปลอม อย่าแชร์! กระทรวงแรงงาน ปลดล็อก 5 อาชีพ ให้แรงงานต่างชาติ,https://www.antifakenewscenter.com/?p=8236,other,True,False,jobs,9b9e350fe75036ba75ca,49,keyword_seed,1.0000003576278687,15406,,,pending,resident_refugee_status,"assistant read claim/title, not full-source verification",ข่าวปลอม อย่าแชร์! กระทรวงแรงงาน ปลดล็อก 5 อาชีพ ให้แรงงานต่างชาติ,,,pending,1,
14882,afnc,2021-07-16,2021,misleading,source,กรมการจัดหางาน ยกเลิกโครงการช่วยเหลือคนต่างด้าวด้านสาธารณสุข,cleaned_title,ข่าวบิดเบือน กรมการจัดหางาน ยกเลิกโครงการช่วยเหลือคนต่างด้าวด้านสาธารณสุข,https://www.antifakenewscenter.com/?p=11374,T06,True,False,health,ac1acdbc9a876d41585c,-1,keyword_seed,1.0000004768371582,14882,,,pending,resident_refugee_status,"assistant read claim/title, not full-source verification",ข่าวบิดเบือน กรมการจัดหางาน ยกเลิกโครงการช่วยเหลือคนต่างด้าวด้านสาธารณสุข,,,pending,1,
14480,afnc,2021-10-24,2021,false,source,ผู้ว่าฯ จังหวัดภูเก็ต แอบลักลอบนำมุสลิมต่างด้าวเข้ามาในประเทศอย่างผิดกฎหมาย,cleaned_title,ข่าวปลอม อย่าแชร์! ผู้ว่าฯ จังหวัดภูเก็ต แอบลักลอบนำมุสลิมต่างด้าวเข้ามาในประเทศอย่างผิดกฎหมาย,https://www.antifakenewscenter.com/?p=15331,T06,True,False,security,e3e51593e0d4c446d190,33,keyword_seed,0.9999998807907104,14480,,,pending,resident_refugee_status,"assistant read claim/title, not full-source verification",ข่าวปลอม อย่าแชร์! ผู้ว่าฯ จังหวัดภูเก็ต แอบลักลอบนำมุสลิมต่างด้าวเข้ามาในประเทศอย่างผิดกฎหมาย,,,pending,1,
14318,afnc,2021-11-24,2021,false,source,ข้าราชการไทย ออกบัตรประชาชนให้มุสลิมต่างด้าว โดยไม่ทำตามกฎหมาย,cleaned_title,ข่าวปลอม อย่าแชร์! ข้าราชการไทย ออกบัตรประชาชนให้มุสลิมต่างด้าว โดยไม่ทำตามกฎหมาย,https://www.antifakenewscenter.com/?p=15491,T06,True,False,rights,7fd3887bbd8e2ea0a997,33,keyword_seed,1.0000003576278687,14318,,,pending,resident_refugee_status,"assistant read claim/title, not full-source verification",ข่าวปลอม อย่าแชร์! ข้าราชการไทย ออกบัตรประชาชนให้มุสลิมต่างด้าว โดยไม่ทำตามกฎหมาย,,,pending,1,
13929,afnc,2022-01-29,2022,false,source,กระทรวงแรงงาน ปลดล็อก 5 อาชีพ ให้สามารถจ้างแรงงานต่างชาติทำงานได้,cleaned_title,ข่าวปลอม อย่าแชร์! กระทรวงแรงงาน ปลดล็อก 5 อาชีพ ให้สามารถจ้างแรงงานต่างชาติทำงานได้,https://www.antifakenewscenter.com/?p=18343,other,True,False,jobs,0c5b1c62985629687f68,49,keyword_seed,0.999999463558197,13929,,,pending,resident_refugee_status,"assistant read claim/title, not full-source verification",ข่าวปลอม อย่าแชร์! กระทรวงแรงงาน ปลดล็อก 5 อาชีพ ให้สามารถจ้างแรงงานต่างชาติทำงานได้,,,pending,1,
13918,afnc,2022-01-31,2022,false,source,มีการแอบลักลอบนำชาวมุสลิมต่างด้าวหลายคนเข้า จ.ภูเก็ต ในเวลากลางคืนด้วยรถตู้,cleaned_title,ข่าวปลอม อย่าแชร์! มีการแอบลักลอบนำชาวมุสลิมต่างด้าวหลายคนเข้า จ.ภูเก็ต ในเวลากลางคืนด้วยรถตู้,https://www.antifakenewscenter.com/?p=18404,T06,True,False,security,bc0eca5d589078ed2a79,-1,keyword_seed,1.000000238418579,13918,,,pending,resident_refugee_status,"assistant read claim/title, not full-source verification",ข่าวปลอม อย่าแชร์! มีการแอบลักลอบนำชาวมุสลิมต่างด้าวหลายคนเข้า จ.ภูเก็ต ในเวลากลางคืนด้วยรถตู้,,,pending,1,
13904,afnc,2022-02-02,2022,false,source,ผู้นำซาอุฯ แต่งตั้งตำแหน่งให้นายกฯ นำคนอิสลามเข้าไทยแบบผิดกฎหมาย,cleaned_title,ข่าวปลอม อย่าแชร์! ผู้นำซาอุฯ แต่งตั้งตำแหน่งให้นายกฯ นำคนอิสลามเข้าไทยแบบผิดกฎหมาย,https://www.antifakenewscenter.com/?p=18511,other,False,False,other,7e4e8fbd7c3af237dc7e,33,semantic_neighbor,0.9341774582862854,14480,,,pending,resident_refugee_status,"assistant read claim/title, not full-source verification",ข่าวปลอม อย่าแชร์! ผู้นำซาอุฯ แต่งตั้งตำแหน่งให้นายกฯ นำคนอิสลามเข้าไทยแบบผิดกฎหมาย,,,pending,1,
13599,afnc,2022-03-17,2022,false,source,คลังอนุมัติ ให้ยกเลิกจ่ายเงินบำนาญแก่ข้าราชการ,cleaned_title,ข่าวปลอม อย่าแชร์! คลังอนุมัติ ให้ยกเลิกจ่ายเงินบำนาญแก่ข้าราชการ,https://www.antifakenewscenter.com/?p=20678,other,False,False,other,6811ee37029eb36bacaf,13,semantic_neighbor,0.9370235800743103,14882,,,pending,out_of_scope,"assistant read claim/title, not full-source verification",ข่าวปลอม อย่าแชร์! คลังอนุมัติ ให้ยกเลิกจ่ายเงินบำนาญแก่ข้าราชการ,,,pending,1,
13339,afnc,2022-04-22,2022,false,source,ข้าราชการไทยออกบัตรประชาชนให้มุสลิม โดยไม่ทำตามกฎหมาย,cleaned_title,ข่าวปลอม อย่าแชร์! ข้าราชการไทยออกบัตรประชาชนให้มุสลิม โดยไม่ทำตามกฎหมาย,https://www.antifakenewscenter.com/?p=21798,other,False,False,rights,2315e666be254b78ec10,33,semantic_neighbor,0.9898830056190491,14318,,,pending,unclear,"assistant read claim/title, not full-source verification",ข่าวปลอม อย่าแชร์! ข้าราชการไทยออกบัตรประชาชนให้มุสลิม โดยไม่ทำตามกฎหมาย,,,pending,1,
13229,afnc,2022-05-08,2022,false,source,ตำรวจเตือน มีแก๊งค้าอวัยวะระบาดในประเทศไทย,cleaned_title,ข่าวปลอม อย่าแชร์! ตำรวจเตือน มีแก๊งค้าอวัยวะระบาดในประเทศไทย,https://www.antifakenewscenter.com/?p=22546,other,False,False,other,8a3bdcc5df654e25e19d,-1,semantic_neighbor,0.9336963891983032,4644,,,pending,out_of_scope,"assistant read claim/title, not full-source verification",ข่าวปลอม อย่าแชร์! ตำรวจเตือน มีแก๊งค้าอวัยวะระบาดในประเทศไทย,,,pending,1,
13201,afnc,2022-05-12,2022,false,source,ทหารไทยทำลายสะพานข้ามพรมแดนของผู้ลี้ภัยชาวเมียนมา,cleaned_title,ข่าวปลอม อย่าแชร์! ทหารไทยทำลายสะพานข้ามพรมแดนของผู้ลี้ภัยชาวเมียนมา,https://www.antifakenewscenter.com/?p=22675,other,True,False,other,896d4429135c2b49e93e,-1,keyword_seed,1.000000238418579,13201,,,pending,resident_refugee_status,"assistant read claim/title, not full-source verification",ข่าวปลอม อย่าแชร์! ทหารไทยทำลายสะพานข้ามพรมแดนของผู้ลี้ภัยชาวเมียนมา,,,pending,1,
13177,afnc,2022-05-15,2022,false,source,กระทรวงแรงงาน ปลดล็อก 5 อาชีพ ให้สามารถจ้างแรงงานต่างชาติทำงานได้,cleaned_title,ข่าวปลอม อย่าแชร์! กระทรวงแรงงาน ปลดล็อก 5 อาชีพ ให้สามารถจ้างแรงงานต่างชาติทำงานได้,https://www.antifakenewscenter.com/?p=22789,other,True,False,jobs,0c5b1c62985629687f68,49,keyword_seed,0.999999463558197,13929,,,pending,resident_refugee_status,"assistant read claim/title, not full-source verification",ข่าวปลอม อย่าแชร์! กระทรวงแรงงาน ปลดล็อก 5 อาชีพ ให้สามารถจ้างแรงงานต่างชาติทำงานได้,,,pending,1,
12750,afnc,2022-07-13,2022,false,source,รับทำใบขับขี่แบบเร่งด่วน ไม่ต้องสอบ บัตรออกโดยกรมขนส่งทางบก มีในระบบถูกต้องตามกฎหมาย,cleaned_title,ข่าวปลอม อย่าแชร์! รับทำใบขับขี่แบบเร่งด่วน ไม่ต้องสอบ บัตรออกโดยกรมขนส่งทางบก มีในระบบถูกต้องตามกฎหมาย,https://www.antifakenewscenter.com/?p=24813,other,False,False,other,74d83ed49cad7ff86076,2,semantic_neighbor,0.9417332410812378,2232,,,pending,out_of_scope,"assistant read claim/title, not full-source verification",ข่าวปลอม อย่าแชร์! รับทำใบขับขี่แบบเร่งด่วน ไม่ต้องสอบ บัตรออกโดยกรมขนส่งทางบก มีในระบบถูกต้องตามกฎหมาย,,,pending,1,
12277,afnc,2022-09-17,2022,false,source,ทำใบขับขี่ไม่ต้องสอบที่ขนส่ง แบบถูกกฎหมาย 100% ผ่านไลน์,cleaned_title,ข่าวปลอม อย่าแชร์! ทำใบขับขี่ไม่ต้องสอบที่ขนส่ง แบบถูกกฎหมาย 100% ผ่านไลน์,https://www.antifakenewscenter.com/?p=27058,other,False,False,other,45cc9eb5464623159a12,2,semantic_neighbor,0.9467775225639343,2232,,,pending,out_of_scope,"assistant read claim/title, not full-source verification",ข่าวปลอม อย่าแชร์! ทำใบขับขี่ไม่ต้องสอบที่ขนส่ง แบบถูกกฎหมาย 100% ผ่านไลน์,,,pending,1,
12068,afnc,2022-10-16,2022,false,source,ทำใบขับขี่แบบเร่งด่วนจากขนส่ง กทม. ผ่านช่องทางออนไลน์,cleaned_title,ข่าวปลอม อย่าแชร์! ทำใบขับขี่แบบเร่งด่วนจากขนส่ง กทม. ผ่านช่องทางออนไลน์,https://www.antifakenewscenter.com/?p=28041,other,False,False,other,6788553206194030886b,2,semantic_neighbor,0.9388925433158875,2232,,,pending,out_of_scope,"assistant read claim/title, not full-source verification",ข่าวปลอม อย่าแชร์! ทำใบขับขี่แบบเร่งด่วนจากขนส่ง กทม. ผ่านช่องทางออนไลน์,,,pending,1,
12036,afnc,2022-10-21,2022,false,source,มีการแอบลักลอบนำชาวมุสลิมต่างด้าวหลายคนเข้า จ.ภูเก็ต ในเวลากลางคืนด้วยรถตู้,cleaned_title,ข่าวปลอม อย่าแชร์! มีการแอบลักลอบนำชาวมุสลิมต่างด้าวหลายคนเข้า จ.ภูเก็ต ในเวลากลางคืนด้วยรถตู้,https://www.antifakenewscenter.com/?p=28205,T06,True,False,security,bc0eca5d589078ed2a79,-1,keyword_seed,1.000000238418579,13918,,,pending,resident_refugee_status,"assistant read claim/title, not full-source verification",ข่าวปลอม อย่าแชร์! มีการแอบลักลอบนำชาวมุสลิมต่างด้าวหลายคนเข้า จ.ภูเก็ต ในเวลากลางคืนด้วยรถตู้,,,pending,1,
11947,afnc,2022-11-02,2022,false,source,กรมการจัดหางานเปิดรับคนไทยไปทำงานที่เกาหลี,cleaned_title,ข่าวปลอม อย่าแชร์! กรมการจัดหางานเปิดรับคนไทยไปทำงานที่เกาหลี,https://www.antifakenewscenter.com/?p=28686,other,False,False,jobs,ae9af9890fc62b7ad417,35,semantic_neighbor,0.9316562414169312,14882,,,pending,out_of_scope,"assistant read claim/title, not full-source verification",ข่าวปลอม อย่าแชร์! กรมการจัดหางานเปิดรับคนไทยไปทำงานที่เกาหลี,,,pending,1,
11596,afnc,2022-12-16,2022,false,source,กรมขนส่งเปิดลงทะเบียนทำใบขับขี่ออนไลน์ ผ่านเพจ Drive safe,cleaned_title,ข่าวปลอม อย่าแชร์! กรมขนส่งเปิดลงทะเบียนทำใบขับขี่ออนไลน์ ผ่านเพจ Drive safe,https://www.antifakenewscenter.com/?p=30326,other,False,False,other,6797cc80d7b33c5531c4,2,semantic_neighbor,0.9318662881851196,10046,,,pending,out_of_scope,"assistant read claim/title, not full-source verification",ข่าวปลอม อย่าแชร์! กรมขนส่งเปิดลงทะเบียนทำใบขับขี่ออนไลน์ ผ่านเพจ Drive safe,,,pending,1,
11489,afnc,2022-12-29,2022,false,source,ข้าราชการไทยออกบัตรประชาชนให้มุสลิม โดยไม่ทำตามกฎหมาย,cleaned_title,ข่าวปลอม อย่าแชร์! ข้าราชการไทยออกบัตรประชาชนให้มุสลิม โดยไม่ทำตามกฎหมาย,https://www.antifakenewscenter.com/?p=30790,other,False,False,rights,2315e666be254b78ec10,33,semantic_neighbor,0.9898830056190491,14318,,,pending,unclear,"assistant read claim/title, not full-source verification",ข่าวปลอม อย่าแชร์! ข้าราชการไทยออกบัตรประชาชนให้มุสลิม โดยไม่ทำตามกฎหมาย,,,pending,1,
11436,afnc,2023-01-04,2023,false,source,ทำใบขับขี่แบบเร่งด่วน ไม่ต้องสอบ ออกบัตรโดยกรมขนส่งทางบก มีในระบบถูกต้องตามกฎหมาย,cleaned_title,ข่าวปลอม อย่าแชร์! ทำใบขับขี่แบบเร่งด่วน ไม่ต้องสอบ ออกบัตรโดยกรมขนส่งทางบก มีในระบบถูกต้องตามกฎหมาย,https://www.antifakenewscenter.com/?p=31043,other,False,False,other,1acc751183f2c3cdc69d,2,semantic_neighbor,0.9413262009620667,2232,,,pending,out_of_scope,"assistant read claim/title, not full-source verification",ข่าวปลอม อย่าแชร์! ทำใบขับขี่แบบเร่งด่วน ไม่ต้องสอบ ออกบัตรโดยกรมขนส่งทางบก มีในระบบถูกต้องตามกฎหมาย,,,pending,1,
11408,afnc,2023-01-07,2023,false,source,กระทรวงแรงงานเปิดลงทะเบียนช่วยเหลือการว่างงานของรัฐ,cleaned_title,ข่าวปลอม อย่าแชร์! กระทรวงแรงงานเปิดลงทะเบียนช่วยเหลือการว่างงานของรัฐ,https://www.antifakenewscenter.com/?p=31182,other,False,False,other,614d109537607eb20307,9,semantic_neighbor,0.9368810057640076,14882,,,pending,out_of_scope,"assistant read claim/title, not full-source verification",ข่าวปลอม อย่าแชร์! กระทรวงแรงงานเปิดลงทะเบียนช่วยเหลือการว่างงานของรัฐ,,,pending,1,
11337,afnc,2023-01-16,2023,false,source,เพจรับทำใบขับขี่ถูกกฎหมาย จากกรมการขนส่งทางบก,cleaned_title,ข่าวปลอม อย่าแชร์! เพจรับทำใบขับขี่ถูกกฎหมาย จากกรมการขนส่งทางบก,https://www.antifakenewscenter.com/?p=31522,other,False,False,other,80429ae6b0ba5f6c1cb3,2,semantic_neighbor,0.9339265823364258,2232,,,pending,out_of_scope,"assistant read claim/title, not full-source verification",ข่าวปลอม อย่าแชร์! เพจรับทำใบขับขี่ถูกกฎหมาย จากกรมการขนส่งทางบก,,,pending,1,
11134,afnc,2023-02-10,2023,false,source,เริ่มเก็บค่าบริการสำหรับการต่อใบอนุญาตทำงานและวีซ่าของแรงงานต่างด้าว ตั้งแต่วันที่ 13 ก.พ. 66 ถึง 68,cleaned_title,ข่าวปลอม อย่าแชร์! เริ่มเก็บค่าบริการสำหรับการต่อใบอนุญาตทำงานและวีซ่าของแรงงานต่างด้าว ตั้งแต่วันที่ 13 ก.พ. 66 ถึง 68,https://www.antifakenewscenter.com/?p=32540,T06,True,False,jobs,bc71b7c74c5ee25a30a6,49,keyword_seed,1.0000001192092896,11134,,,pending,resident_refugee_status,"assistant read claim/title, not full-source verification",ข่าวปลอม อย่าแชร์! เริ่มเก็บค่าบริการสำหรับการต่อใบอนุญาตทำงานและวีซ่าของแรงงานต่างด้าว ตั้งแต่วันที่ 13 ก.พ. 66 ถึง 68,,,pending,1,
11087,afnc,2023-02-15,2023,false,source,เพจเปิดรับลงทะเบียนทำบัตรประชาชน สำหรับผู้ที่อาศัยอยู่ในประเทศไทยมานาน,cleaned_title,ข่าวปลอม อย่าแชร์! เพจเปิดรับลงทะเบียนทำบัตรประชาชน สำหรับผู้ที่อาศัยอยู่ในประเทศไทยมานาน,https://www.antifakenewscenter.com/?p=32779,other,False,False,rights,2d60000d209ebab945c9,-1,semantic_neighbor,0.9412099123001099,10046,,,pending,resident_refugee_status,"assistant read claim/title, not full-source verification",ข่าวปลอม อย่าแชร์! เพจเปิดรับลงทะเบียนทำบัตรประชาชน สำหรับผู้ที่อาศัยอยู่ในประเทศไทยมานาน,,,pending,1,
11070,afnc,2023-02-17,2023,false,source,ออมสินเปิดลงทะเบียนสินเชื่อประชาชน ผ่านเพจ BKBTH,cleaned_title,ข่าวปลอม อย่าแชร์! ออมสินเปิดลงทะเบียนสินเชื่อประชาชน ผ่านเพจ BKBTH,https://www.antifakenewscenter.com/?p=32872,T03,False,False,other,fe4c66e956a01220ca79,12,semantic_neighbor,0.929253876209259,10046,,,pending,out_of_scope,"assistant read claim/title, not full-source verification",ข่าวปลอม อย่าแชร์! ออมสินเปิดลงทะเบียนสินเชื่อประชาชน ผ่านเพจ BKBTH,,,pending,1,
10936,afnc,2023-03-05,2023,false,source,กรมการขนส่งทางบกรับทำใบขับขี่แบบเร่งด่วนทุกชนิดผ่านไลน์,cleaned_title,ข่าวปลอม อย่าแชร์! กรมการขนส่งทางบกรับทำใบขับขี่แบบเร่งด่วนทุกชนิดผ่านไลน์,https://www.antifakenewscenter.com/?p=33502,other,False,False,other,bcecdb7285978542f8d0,2,semantic_neighbor,0.939060389995575,2232,,,pending,out_of_scope,"assistant read claim/title, not full-source verification",ข่าวปลอม อย่าแชร์! กรมการขนส่งทางบกรับทำใบขับขี่แบบเร่งด่วนทุกชนิดผ่านไลน์,,,pending,1,
10912,afnc,2023-03-08,2023,false,source,ทำใบขับขี่ออนไลน์ผ่านเพจ ไม่ต้องสอบเองที่ขนส่ง ถูกกฎหมาย 100%,cleaned_title,ข่าวปลอม อย่าแชร์! ทำใบขับขี่ออนไลน์ผ่านเพจ ไม่ต้องสอบเองที่ขนส่ง ถูกกฎหมาย 100%,https://www.antifakenewscenter.com/?p=33653,other,False,False,other,b47d251b58aafb101517,2,semantic_neighbor,0.9531211853027344,2232,,,pending,out_of_scope,"assistant read claim/title, not full-source verification",ข่าวปลอม อย่าแชร์! ทำใบขับขี่ออนไลน์ผ่านเพจ ไม่ต้องสอบเองที่ขนส่ง ถูกกฎหมาย 100%,,,pending,1,
10770,afnc,2023-03-24,2023,false,source,ทำใบขับขี่ผ่านไลน์ถูกกฎหมาย 100%,cleaned_title,ข่าวปลอม อย่าแชร์ ทำใบขับขี่ผ่านไลน์ถูกกฎหมาย 100%,https://www.antifakenewscenter.com/?p=34315,other,False,False,other,884a5590ef0b1c02fc3a,2,semantic_neighbor,0.947324275970459,2232,,,pending,out_of_scope,"assistant read claim/title, not full-source verification",ข่าวปลอม อย่าแชร์ ทำใบขับขี่ผ่านไลน์ถูกกฎหมาย 100%,,,pending,1,
10723,afnc,2023-03-30,2023,false,source,กรมการจัดหางานเปิดรับสมัครพนักงานผ่านโครงการเพื่อสร้างรายได้,cleaned_title,ข่าวปลอม อย่าแชร์! กรมการจัดหางานเปิดรับสมัครพนักงานผ่านโครงการเพื่อสร้างรายได้,https://www.antifakenewscenter.com/?p=34472,other,False,False,other,ce2793f719467822f346,9,semantic_neighbor,0.9297754168510437,14882,,,pending,out_of_scope,"assistant read claim/title, not full-source verification",ข่าวปลอม อย่าแชร์! กรมการจัดหางานเปิดรับสมัครพนักงานผ่านโครงการเพื่อสร้างรายได้,,,pending,1,
10601,afnc,2023-04-14,2023,false,source,กรมการจัดหางานช่วยเหลือผู้ที่อยู่บ้านทั่วประเทศ ให้ทำงานรายได้ 300 บาทขึ้นไป,cleaned_title,ข่าวปลอม อย่าแชร์! กรมการจัดหางานช่วยเหลือผู้ที่อยู่บ้านทั่วประเทศ ให้ทำงานรายได้ 300 บาทขึ้นไป,https://www.antifakenewscenter.com/?p=35128,other,False,False,jobs,d6d41f55e74092a3b8a5,26,semantic_neighbor,0.9305053353309631,14882,,,pending,out_of_scope,"assistant read claim/title, not full-source verification",ข่าวปลอม อย่าแชร์! กรมการจัดหางานช่วยเหลือผู้ที่อยู่บ้านทั่วประเทศ ให้ทำงานรายได้ 300 บาทขึ้นไป,,,pending,1,
10204,afnc,2023-06-01,2023,false,source,กรมการขนส่งทางบกเปิดเพจ รับทำใบขับขี่-รถทุกชนิด เพื่อให้บริการทางออนไลน์,cleaned_title,ข่าวปลอม อย่าแชร์! กรมการขนส่งทางบกเปิดเพจ รับทำใบขับขี่-รถทุกชนิด เพื่อให้บริการทางออนไลน์,https://www.antifakenewscenter.com/?p=37177,other,False,False,other,118220ced1053e2d7bdb,2,semantic_neighbor,0.9329200983047485,2232,,,pending,out_of_scope,"assistant read claim/title, not full-source verification",ข่าวปลอม อย่าแชร์! กรมการขนส่งทางบกเปิดเพจ รับทำใบขับขี่-รถทุกชนิด เพื่อให้บริการทางออนไลน์,,,pending,1,
10114,afnc,2023-06-12,2023,false,source,กรมการขนส่งรับทำใบขับขี่รถทุกชนิด ทุกสัญชาติ ผ่านเพจรับทำใบขับขี่ รถยนต์ มอเตอร์ไซค์,cleaned_title,ข่าวปลอม อย่าแชร์! กรมการขนส่งรับทำใบขับขี่รถทุกชนิด ทุกสัญชาติ ผ่านเพจรับทำใบขับขี่ รถยนต์ มอเตอร์ไซค์,https://www.antifakenewscenter.com/?p=37628,other,False,False,rights,291bb88f47f25229ad12,2,semantic_neighbor,0.9336941838264465,2232,,,pending,unclear,"assistant read claim/title, not full-source verification",ข่าวปลอม อย่าแชร์! กรมการขนส่งรับทำใบขับขี่รถทุกชนิด ทุกสัญชาติ ผ่านเพจรับทำใบขับขี่ รถยนต์ มอเตอร์ไซค์,,,pending,1,
10083,afnc,2023-06-16,2023,false,source,กรมการจัดหางาน ส่ง SMS แจ้งกลุ่มรายชื่อตกหล่น รับเงินชดเชยว่างงาน,cleaned_title,ข่าวปลอม อย่าแชร์! กรมการจัดหางาน ส่ง SMS แจ้งกลุ่มรายชื่อตกหล่น รับเงินชดเชยว่างงาน,https://www.antifakenewscenter.com/?p=37773,other,False,False,other,2a50205f8485946d92b4,-1,semantic_neighbor,0.9393864274024963,14882,,,pending,out_of_scope,"assistant read claim/title, not full-source verification",ข่าวปลอม อย่าแชร์! กรมการจัดหางาน ส่ง SMS แจ้งกลุ่มรายชื่อตกหล่น รับเงินชดเชยว่างงาน,,,pending,1,
10046,afnc,2023-06-20,2023,false,source,เปิดลงทะเบียนทำบัตรประชาชนต่างด้าว ผ่านเพจสำนักบริหารการทะเบียนกลาง,cleaned_title,ข่าวปลอม อย่าแชร์! เปิดลงทะเบียนทำบัตรประชาชนต่างด้าว ผ่านเพจสำนักบริหารการทะเบียนกลาง,https://www.antifakenewscenter.com/?p=37944,T06,True,False,rights,f7cdd0d0cc15068b845f,-1,keyword_seed,0.9999999403953552,10046,,,pending,resident_refugee_status,"assistant read claim/title, not full-source verification",ข่าวปลอม อย่าแชร์! เปิดลงทะเบียนทำบัตรประชาชนต่างด้าว ผ่านเพจสำนักบริหารการทะเบียนกลาง,,,pending,1,
9938,afnc,2023-07-03,2023,false,source,กรมการจัดหางาน เปิดโครงการ “ไม่เลือกงาน ไม่ยากจน” ให้คนไทยมีรายได้เสริม,cleaned_title,ข่าวปลอม อย่าแชร์! กรมการจัดหางาน เปิดโครงการ “ไม่เลือกงาน ไม่ยากจน” ให้คนไทยมีรายได้เสริม,https://www.antifakenewscenter.com/?p=38528,other,False,False,other,692a3af61c742755f96e,-1,semantic_neighbor,0.93326735496521,14882,,,pending,out_of_scope,"assistant read claim/title, not full-source verification",ข่าวปลอม อย่าแชร์! กรมการจัดหางาน เปิดโครงการ “ไม่เลือกงาน ไม่ยากจน” ให้คนไทยมีรายได้เสริม,,,pending,1,
9882,afnc,2023-07-10,2023,false,source,ขบ. รับทำและต่อใบขับขี่เร่งด่วนผ่านเพจเฟซบุ๊ก,cleaned_title,ข่าวปลอม อย่าแชร์! ขบ. รับทำและต่อใบขับขี่เร่งด่วนผ่านเพจเฟซบุ๊ก,https://www.antifakenewscenter.com/?p=38860,other,False,False,other,d0d31927de419373a256,2,semantic_neighbor,0.937034010887146,2232,,,pending,out_of_scope,"assistant read claim/title, not full-source verification",ข่าวปลอม อย่าแชร์! ขบ. รับทำและต่อใบขับขี่เร่งด่วนผ่านเพจเฟซบุ๊ก,,,pending,1,
9833,afnc,2023-07-16,2023,false,source,กรมการจัดหางานจับมือบริษัททั่วประเทศ เปิดโครงการสร้างอาชีพอบรมฟรี,cleaned_title,ข่าวปลอม อย่าแชร์! กรมการจัดหางานจับมือบริษัททั่วประเทศ เปิดโครงการสร้างอาชีพอบรมฟรี,https://www.antifakenewscenter.com/?p=39108,other,False,False,jobs,4ce626991ff3bc1f2aeb,9,semantic_neighbor,0.9315122365951538,14882,,,pending,out_of_scope,"assistant read claim/title, not full-source verification",ข่าวปลอม อย่าแชร์! กรมการจัดหางานจับมือบริษัททั่วประเทศ เปิดโครงการสร้างอาชีพอบรมฟรี,,,pending,1,
9791,afnc,2023-07-21,2023,false,source,กรมการจัดหางานร่วมกับ DBD รับสมัครงานอาชีพเสริมหลังเลิกงาน,cleaned_title,ข่าวปลอม อย่าแชร์! กรมการจัดหางานร่วมกับ DBD รับสมัครงานอาชีพเสริมหลังเลิกงาน,https://www.antifakenewscenter.com/?p=39286,other,False,False,jobs,6f78a986ba7e9c53acfb,9,semantic_neighbor,0.9333508610725403,14882,,,pending,out_of_scope,"assistant read claim/title, not full-source verification",ข่าวปลอม อย่าแชร์! กรมการจัดหางานร่วมกับ DBD รับสมัครงานอาชีพเสริมหลังเลิกงาน,,,pending,1,
9781,afnc,2023-07-22,2023,false,source,ผู้อื่นสามารถสอบใบขับขี่แทนได้,cleaned_title,ข่าวปลอม อย่าแชร์! ผู้อื่นสามารถสอบใบขับขี่แทนได้,https://www.antifakenewscenter.com/?p=39336,other,False,False,other,f01257c1be188269eb4d,19,semantic_neighbor,0.9390592575073242,5541,,,pending,out_of_scope,"assistant read claim/title, not full-source verification",ข่าวปลอม อย่าแชร์! ผู้อื่นสามารถสอบใบขับขี่แทนได้,,,pending,1,
9740,afnc,2023-07-27,2023,false,source,ลักลอบนำชาวต่างด้าวหลายคนเข้าภูเก็ตในเวลากลางคืนด้วยรถตู้,cleaned_title,ข่าวปลอม อย่าแชร์! ลักลอบนำชาวต่างด้าวหลายคนเข้าภูเก็ตในเวลากลางคืนด้วยรถตู้,https://www.antifakenewscenter.com/?p=39586,T06,True,False,security,a861cc949b6addfa1652,-1,keyword_seed,1.0,9740,,,pending,resident_refugee_status,"assistant read claim/title, not full-source verification",ข่าวปลอม อย่าแชร์! ลักลอบนำชาวต่างด้าวหลายคนเข้าภูเก็ตในเวลากลางคืนด้วยรถตู้,,,pending,1,
9705,afnc,2023-08-01,2023,false,source,เพจสำนักงานขนส่งทางบก รับทำใบขับขี่ผ่านระบบออนไลน์,cleaned_title,ข่าวปลอม อย่าแชร์! เพจสำนักงานขนส่งทางบก รับทำใบขับขี่ผ่านระบบออนไลน์,https://www.antifakenewscenter.com/?p=39766,other,False,False,other,5ce051b8a73ffbe1af86,2,semantic_neighbor,0.930143415927887,2232,,,pending,out_of_scope,"assistant read claim/title, not full-source verification",ข่าวปลอม อย่าแชร์! เพจสำนักงานขนส่งทางบก รับทำใบขับขี่ผ่านระบบออนไลน์,,,pending,1,
9668,afnc,2023-08-05,2023,false,source,ทำใบขับขี่ออนไลน์แบบใหม่ผ่านเพจใบการขับรถครบวงจร ของกรมการขนส่งฯ,cleaned_title,ข่าวปลอม อย่าแชร์! ทำใบขับขี่ออนไลน์แบบใหม่ผ่านเพจใบการขับรถครบวงจร ของกรมการขนส่งฯ,https://www.antifakenewscenter.com/?p=39895,other,False,False,other,a271359340e77558f226,2,semantic_neighbor,0.9411976933479309,2232,,,pending,out_of_scope,"assistant read claim/title, not full-source verification",ข่าวปลอม อย่าแชร์! ทำใบขับขี่ออนไลน์แบบใหม่ผ่านเพจใบการขับรถครบวงจร ของกรมการขนส่งฯ,,,pending,1,
9660,afnc,2023-08-06,2023,false,source,กรมบัญชีกลางเปิดเว็บ https://dps.pr-th.cc/ ให้โหลดแอปพลิเคชัน,cleaned_title,ข่าวปลอม อย่าแชร์! กรมบัญชีกลางเปิดเว็บ https://dps.pr-th.cc/ ให้โหลดแอปพลิเคชัน,https://www.antifakenewscenter.com/?p=39938,other,False,False,other,1baece5deb2872eb3da0,-1,semantic_neighbor,0.9297992587089539,10046,,,pending,out_of_scope,"assistant read claim/title, not full-source verification",ข่าวปลอม อย่าแชร์! กรมบัญชีกลางเปิดเว็บ https://dps.pr-th.cc/ ให้โหลดแอปพลิเคชัน,,,pending,1,
9196,afnc,2023-09-30,2023,false,source,รับทำบัตรประชาชนถูกต้องตามกฎหมาย ออกบัตรโดยกระทรวงมหาดไทย ผ่านเพจเฟซบุ๊ก,cleaned_title,ข่าวปลอม อย่าแชร์! รับทำบัตรประชาชนถูกต้องตามกฎหมาย ออกบัตรโดยกระทรวงมหาดไทย ผ่านเพจเฟซบุ๊ก,https://www.antifakenewscenter.com/?p=42144,other,False,False,rights,d40039d2437d96ca17fb,-1,semantic_neighbor,0.9339260458946228,10046,,,pending,out_of_scope,"assistant read claim/title, not full-source verification",ข่าวปลอม อย่าแชร์! รับทำบัตรประชาชนถูกต้องตามกฎหมาย ออกบัตรโดยกระทรวงมหาดไทย ผ่านเพจเฟซบุ๊ก,,,pending,1,
9151,afnc,2023-10-05,2023,false,source,เพจ “ขับขี่ปลอดภัยเร่งด่วน.v1” รับทำใบขับขี่ ทุกประเภท,cleaned_title,ข่าวปลอม อย่าแชร์! เพจ “ขับขี่ปลอดภัยเร่งด่วน.v1” รับทำใบขับขี่ ทุกประเภท,https://www.antifakenewscenter.com/?p=42301,other,False,False,other,cf4c0be1d16fff5ae567,2,semantic_neighbor,0.9448137283325195,2232,,,pending,out_of_scope,"assistant read claim/title, not full-source verification",ข่าวปลอม อย่าแชร์! เพจ “ขับขี่ปลอดภัยเร่งด่วน.v1” รับทำใบขับขี่ ทุกประเภท,,,pending,1,
8990,afnc,2023-10-25,2023,false,source,กรมขนส่งทางบกรับทำใบขับขี่ ผ่านเพจ ทำใบขับขี่ออนไลน์,cleaned_title,ข่าวปลอม อย่าแชร์! กรมขนส่งทางบกรับทำใบขับขี่ ผ่านเพจ ทำใบขับขี่ออนไลน์,https://www.antifakenewscenter.com/?p=43071,other,False,False,other,715c6d57bbe881c45b22,2,semantic_neighbor,0.9367932081222534,2232,,,pending,out_of_scope,"assistant read claim/title, not full-source verification",ข่าวปลอม อย่าแชร์! กรมขนส่งทางบกรับทำใบขับขี่ ผ่านเพจ ทำใบขับขี่ออนไลน์,,,pending,1,
17279,afp,2023-11-21,2023,false,source,กัมพูชาล้มละลาย หันหน้าขอเงินจากไทย,source,หุ้นกู้ไร้หลักทรัพย์ค้ำประกันของธนาคารพาณิชย์กัมพูชา ไม่ได้เป็นหลักฐานว่าประเทศกำลังจะล้มละลาย ผู้เชี่ยวชาญระบุ,https://factcheckthailand.afp.com/doc.afp.com.343K24Y,other,False,False,other,f90feb8160daa939a1b1,28,semantic_neighbor,0.9492277503013611,7946,,,pending,out_of_scope,"assistant read claim/title, not full-source verification",หุ้นกู้ไร้หลักทรัพย์ค้ำประกันของธนาคารพาณิชย์กัมพูชา ไม่ได้เป็นหลักฐานว่าประเทศกำลังจะล้มละลาย ผู้เชี่ยวชาญระบุ,,,pending,1,
8761,afnc,2023-11-22,2023,false,source,เพจเฟซบุ๊กสำนักงานขนส่ง ทางบก รับทำใบขับขี่ทุกประเภท,cleaned_title,ข่าวปลอม อย่าแชร์! เพจเฟซบุ๊กสำนักงานขนส่ง ทางบก รับทำใบขับขี่ทุกประเภท,https://www.antifakenewscenter.com/?p=50505,other,False,False,other,57a60d326a3589038e8b,2,semantic_neighbor,0.9314185976982117,2232,,,pending,out_of_scope,"assistant read claim/title, not full-source verification",ข่าวปลอม อย่าแชร์! เพจเฟซบุ๊กสำนักงานขนส่ง ทางบก รับทำใบขับขี่ทุกประเภท,,,pending,1,
8746,afnc,2023-11-24,2023,false,source,รอง ผบ.ตร. เปิดรับทำใบขับขี่ ผ่านเพจรับ ทำใบขับขี่เร่งด่วน,cleaned_title,ข่าวปลอม อย่าแชร์! รอง ผบ.ตร. เปิดรับทำใบขับขี่ ผ่านเพจรับ ทำใบขับขี่เร่งด่วน,https://www.antifakenewscenter.com/?p=50566,other,False,False,other,6d2985d7d4ad96e800a2,2,semantic_neighbor,0.9416840672492981,2232,,,pending,out_of_scope,"assistant read claim/title, not full-source verification",ข่าวปลอม อย่าแชร์! รอง ผบ.ตร. เปิดรับทำใบขับขี่ ผ่านเพจรับ ทำใบขับขี่เร่งด่วน,,,pending,1,
8739,afnc,2023-11-25,2023,false,source,วัดไทยในประเทศกัมพูชา สร้างขึ้นสมัยรัชกาลที่ 5 ได้ถูกรื้อทิ้ง และมียอดปรางค์หล่นทับคนกัมพูชาเสียชีวิต 1 ราย,cleaned_title,ข่าวปลอม อย่าแชร์! วัดไทยในประเทศกัมพูชา สร้างขึ้นสมัยรัชกาลที่ 5 ได้ถูกรื้อทิ้ง และมียอดปรางค์หล่นทับคนกัมพูชาเสียชีวิต 1 ราย,https://www.antifakenewscenter.com/?p=50625,other,False,False,other,e31ac24753dd31863476,6,keyword_seed,1.0000003576278687,8739,,,pending,out_of_scope,"assistant read claim/title, not full-source verification",ข่าวปลอม อย่าแชร์! วัดไทยในประเทศกัมพูชา สร้างขึ้นสมัยรัชกาลที่ 5 ได้ถูกรื้อทิ้ง และมียอดปรางค์หล่นทับคนกัมพูชาเสียชีวิต 1 ราย,,,pending,1,
8661,afnc,2023-12-06,2023,false,source,เพจเฟซบุ๊กเปิดรับทำใบขับขี่ทุกประเภท ไม่ต้องอบรม ไม่ต้องสอบ ถูกต้องตามกฎหมาย 100%,cleaned_title,ข่าวปลอม อย่าแชร์! เพจเฟซบุ๊กเปิดรับทำใบขับขี่ทุกประเภท ไม่ต้องอบรม ไม่ต้องสอบ ถูกต้องตามกฎหมาย 100%,https://www.antifakenewscenter.com/?p=50952,other,False,False,other,c79fa70831ce89ecfc43,2,semantic_neighbor,0.9323899149894714,2232,,,pending,out_of_scope,"assistant read claim/title, not full-source verification",ข่าวปลอม อย่าแชร์! เพจเฟซบุ๊กเปิดรับทำใบขับขี่ทุกประเภท ไม่ต้องอบรม ไม่ต้องสอบ ถูกต้องตามกฎหมาย 100%,,,pending,1,
8467,afnc,2024-01-06,2024,false,source,คลังอนุมัติให้ยกเลิกจ่ายเงินบำนาญแก่ข้าราชการ,cleaned_title,ข่าวปลอม อย่าแชร์! คลังอนุมัติให้ยกเลิกจ่ายเงินบำนาญแก่ข้าราชการ,https://www.antifakenewscenter.com/?p=51815,other,False,False,other,6811ee37029eb36bacaf,13,semantic_neighbor,0.9386129379272461,14882,,,pending,out_of_scope,"assistant read claim/title, not full-source verification",ข่าวปลอม อย่าแชร์! คลังอนุมัติให้ยกเลิกจ่ายเงินบำนาญแก่ข้าราชการ,,,pending,1,
8340,afnc,2024-01-27,2024,false,source,กัมพูชาทวงคืน 31 จังหวัดของประเทศไทย,cleaned_title,ข่าวปลอม อย่าแชร์! กัมพูชาทวงคืน 31 จังหวัดของประเทศไทย,https://www.antifakenewscenter.com/?p=52318,other,False,False,other,f2c048db393bdd41f477,-1,semantic_neighbor,0.9316281676292419,1003,,,pending,out_of_scope,"assistant read claim/title, not full-source verification",ข่าวปลอม อย่าแชร์! กัมพูชาทวงคืน 31 จังหวัดของประเทศไทย,,,pending,1,
7946,afnc,2024-03-20,2024,false,source,กัมพูชาตัดขาดไทย ดึงแรงงานกัมพูชากลับประเทศ,cleaned_title,ข่าวปลอม อย่าแชร์! กัมพูชาตัดขาดไทย ดึงแรงงานกัมพูชากลับประเทศ,https://www.antifakenewscenter.com/?p=53985,other,True,False,other,a853b5f8425fc7859218,28,keyword_seed,1.0000001192092896,7946,,,pending,resident_refugee_status,"assistant read claim/title, not full-source verification",ข่าวปลอม อย่าแชร์! กัมพูชาตัดขาดไทย ดึงแรงงานกัมพูชากลับประเทศ,,,pending,1,
7940,afnc,2024-03-21,2024,false,source,กระทรวงแรงงานปลดล็อก 5 อาชีพ ให้แรงงานต่างชาติ,cleaned_title,ข่าวปลอม อย่าแชร์! กระทรวงแรงงานปลดล็อก 5 อาชีพ ให้แรงงานต่างชาติ,https://www.antifakenewscenter.com/?p=54008,other,True,False,jobs,9b9e350fe75036ba75ca,49,keyword_seed,1.000000238418579,7940,,,pending,resident_refugee_status,"assistant read claim/title, not full-source verification",ข่าวปลอม อย่าแชร์! กระทรวงแรงงานปลดล็อก 5 อาชีพ ให้แรงงานต่างชาติ,,,pending,1,
7616,afnc,2024-04-25,2024,false,source,ลงทะเบียนทำใบขับขี่ออนไลน์กับกรมการขนส่งทางบกผ่านเพจ จัดทำ ออกใบขับขี่ โดยตรงจาก DLT,cleaned_title,ข่าวปลอม อย่าแชร์! ลงทะเบียนทำใบขับขี่ออนไลน์กับกรมการขนส่งทางบกผ่านเพจ จัดทำ ออกใบขับขี่ โดยตรงจาก DLT,https://www.antifakenewscenter.com/?p=55369,other,False,False,other,92cbca0f0f1d7fd3e803,2,semantic_neighbor,0.9323286414146423,2232,,,pending,out_of_scope,"assistant read claim/title, not full-source verification",ข่าวปลอม อย่าแชร์! ลงทะเบียนทำใบขับขี่ออนไลน์กับกรมการขนส่งทางบกผ่านเพจ จัดทำ ออกใบขับขี่ โดยตรงจาก DLT,,,pending,1,
7566,afnc,2024-04-30,2024,false,source,ทำใบขับขี่หรือต่อใบขับขี่ ผ่านเพจ DLT รับต่อและทำใบขับขี่-เร่งด่วน,cleaned_title,ข่าวปลอม อย่าแชร์! ทำใบขับขี่หรือต่อใบขับขี่ ผ่านเพจ DLT รับต่อและทำใบขับขี่-เร่งด่วน,https://www.antifakenewscenter.com/?p=55563,other,False,False,other,071bb8529691acfdb6a5,2,semantic_neighbor,0.9445610046386719,2232,,,pending,out_of_scope,"assistant read claim/title, not full-source verification",ข่าวปลอม อย่าแชร์! ทำใบขับขี่หรือต่อใบขับขี่ ผ่านเพจ DLT รับต่อและทำใบขับขี่-เร่งด่วน,,,pending,1,
7501,afnc,2024-05-07,2024,false,source,ตำรวจเตือน มีแก๊งค้าอวัยวะระบาดในประเทศไทย,cleaned_title,ข่าวปลอม อย่าแชร์! ตำรวจเตือน มีแก๊งค้าอวัยวะระบาดในประเทศไทย,https://www.antifakenewscenter.com/?p=55819,other,False,False,other,8a3bdcc5df654e25e19d,-1,semantic_neighbor,0.9336963891983032,4644,,,pending,out_of_scope,"assistant read claim/title, not full-source verification",ข่าวปลอม อย่าแชร์! ตำรวจเตือน มีแก๊งค้าอวัยวะระบาดในประเทศไทย,,,pending,1,
7425,afnc,2024-05-16,2024,false,source,ทำใบขับขี่ออนไลน์ผ่านเพจ ใบขับขี่ออนไลน์,cleaned_title,ข่าวปลอม อย่าแชร์! ทำใบขับขี่ออนไลน์ผ่านเพจ ใบขับขี่ออนไลน์,https://www.antifakenewscenter.com/?p=56123,other,False,False,other,a25f3d210baa96176169,2,semantic_neighbor,0.9356829524040222,2232,,,pending,out_of_scope,"assistant read claim/title, not full-source verification",ข่าวปลอม อย่าแชร์! ทำใบขับขี่ออนไลน์ผ่านเพจ ใบขับขี่ออนไลน์,,,pending,1,
7337,afnc,2024-05-25,2024,false,source,ทำใบขับขี่ไม่ต้องสอบที่ขนส่ง แบบถูกกฎหมาย 100% ผ่านไลน์,cleaned_title,ข่าวปลอม อย่าแชร์! ทำใบขับขี่ไม่ต้องสอบที่ขนส่ง แบบถูกกฎหมาย 100% ผ่านไลน์,https://www.antifakenewscenter.com/?p=56421,other,False,False,other,45cc9eb5464623159a12,2,semantic_neighbor,0.9467775225639343,2232,,,pending,out_of_scope,"assistant read claim/title, not full-source verification",ข่าวปลอม อย่าแชร์! ทำใบขับขี่ไม่ต้องสอบที่ขนส่ง แบบถูกกฎหมาย 100% ผ่านไลน์,,,pending,1,
7333,afnc,2024-05-26,2024,false,source,ทำใบขับขี่ได้ที่บ้าน ผ่านเพจรับจัดทำใบขับขี่ แบบออนไลน์ ทั่วประเทศ,cleaned_title,ข่าวปลอม อย่าแชร์! ทำใบขับขี่ได้ที่บ้าน ผ่านเพจรับจัดทำใบขับขี่ แบบออนไลน์ ทั่วประเทศ,https://www.antifakenewscenter.com/?p=57025,other,False,False,other,282879457a84896ab617,2,semantic_neighbor,0.9357510209083557,2232,,,pending,out_of_scope,"assistant read claim/title, not full-source verification",ข่าวปลอม อย่าแชร์! ทำใบขับขี่ได้ที่บ้าน ผ่านเพจรับจัดทำใบขับขี่ แบบออนไลน์ ทั่วประเทศ,,,pending,1,
7311,afnc,2024-05-28,2024,false,source,เพจรับทำใบขับขี่ ทุกชนิด เปิดให้ทำและต่อใบขับขี่ถูกกฎหมาย 100%,cleaned_title,ข่าวปลอม อย่าแชร์! เพจรับทำใบขับขี่ ทุกชนิด เปิดให้ทำและต่อใบขับขี่ถูกกฎหมาย 100%,https://www.antifakenewscenter.com/?p=57269,other,False,False,other,5aae55eb8bac911d4e3c,2,semantic_neighbor,0.954896092414856,2232,,,pending,out_of_scope,"assistant read claim/title, not full-source verification",ข่าวปลอม อย่าแชร์! เพจรับทำใบขับขี่ ทุกชนิด เปิดให้ทำและต่อใบขับขี่ถูกกฎหมาย 100%,,,pending,1,
7273,afnc,2024-06-01,2024,false,source,รับทำใบขับขี่ สำหรับชาวต่างชาติ ผ่านเพจ DLT Smart Queue,cleaned_title,ข่าวปลอม อย่าแชร์! รับทำใบขับขี่ สำหรับชาวต่างชาติ ผ่านเพจ DLT Smart Queue,https://www.antifakenewscenter.com/?p=57501,other,False,False,other,c047dc5e6c9e0d851d5f,2,semantic_neighbor,0.9293310046195984,2232,,,pending,resident_refugee_status,"assistant read claim/title, not full-source verification",ข่าวปลอม อย่าแชร์! รับทำใบขับขี่ สำหรับชาวต่างชาติ ผ่านเพจ DLT Smart Queue,,,pending,1,
7225,afnc,2024-06-07,2024,false,source,รับทำใบขับขี่ออนไลน์ ผ่านเพจ Transport888,cleaned_title,ข่าวปลอม อย่าแชร์! รับทำใบขับขี่ออนไลน์ ผ่านเพจ Transport888,https://www.antifakenewscenter.com/?p=57785,other,False,False,other,37c2175398e18f16c84a,2,semantic_neighbor,0.9295822381973267,2232,,,pending,out_of_scope,"assistant read claim/title, not full-source verification",ข่าวปลอม อย่าแชร์! รับทำใบขับขี่ออนไลน์ ผ่านเพจ Transport888,,,pending,1,
7205,afnc,2024-06-09,2024,false,source,ใบขับขี่ออนไลน์ ไม่ต้องไปขนส่ง ผ่านเพจ รับทำใบขับขี่รถทุกรุ่น A,cleaned_title,ข่าวปลอม อย่าแชร์! ใบขับขี่ออนไลน์ ไม่ต้องไปขนส่ง ผ่านเพจ รับทำใบขับขี่รถทุกรุ่น A,https://www.antifakenewscenter.com/?p=58007,other,False,False,other,8f38e9537654a381b152,2,semantic_neighbor,0.9292823672294617,2232,,,pending,out_of_scope,"assistant read claim/title, not full-source verification",ข่าวปลอม อย่าแชร์! ใบขับขี่ออนไลน์ ไม่ต้องไปขนส่ง ผ่านเพจ รับทำใบขับขี่รถทุกรุ่น A,,,pending,1,
7177,afnc,2024-06-12,2024,false,source,ลงทะเบียนต่อใบขับขี่ออนไลน์ ผ่านเพจ ศูนย์ทำใบขับขี่ จัดส่งทั่วประเทศ,cleaned_title,ข่าวปลอม อย่าแชร์! ลงทะเบียนต่อใบขับขี่ออนไลน์ ผ่านเพจ ศูนย์ทำใบขับขี่ จัดส่งทั่วประเทศ,https://www.antifakenewscenter.com/?p=58118,other,False,False,other,8a5236ac01e8a7d032ab,2,semantic_neighbor,0.9338687658309937,2232,,,pending,out_of_scope,"assistant read claim/title, not full-source verification",ข่าวปลอม อย่าแชร์! ลงทะเบียนต่อใบขับขี่ออนไลน์ ผ่านเพจ ศูนย์ทำใบขับขี่ จัดส่งทั่วประเทศ,,,pending,1,
7146,afnc,2024-06-15,2024,false,source,ทำใบขับขี่ได้ที่บ้าน ไม่ต้องไปขนส่ง ผ่านเพจ จัดทำใบขับขี่ กรมการขนส่งทางบก,cleaned_title,ข่าวปลอม อย่าแชร์! ทำใบขับขี่ได้ที่บ้าน ไม่ต้องไปขนส่ง ผ่านเพจ จัดทำใบขับขี่ กรมการขนส่งทางบก,https://www.antifakenewscenter.com/?p=58263,other,False,False,other,8ca9c37fa0f6faeb4a14,2,semantic_neighbor,0.9334219694137573,2232,,,pending,out_of_scope,"assistant read claim/title, not full-source verification",ข่าวปลอม อย่าแชร์! ทำใบขับขี่ได้ที่บ้าน ไม่ต้องไปขนส่ง ผ่านเพจ จัดทำใบขับขี่ กรมการขนส่งทางบก,,,pending,1,
7102,afnc,2024-06-20,2024,false,source,ทำใบขับขี่ผ่านเพจ รับทำใบขับขี่ออนไลน์ ราคาถูก,cleaned_title,ข่าวปลอม อย่าแชร์! ทำใบขับขี่ผ่านเพจ รับทำใบขับขี่ออนไลน์ ราคาถูก,https://www.antifakenewscenter.com/?p=58438,other,False,False,other,db1decd6fe21b7bcae26,2,semantic_neighbor,0.9411595463752747,2232,,,pending,out_of_scope,"assistant read claim/title, not full-source verification",ข่าวปลอม อย่าแชร์! ทำใบขับขี่ผ่านเพจ รับทำใบขับขี่ออนไลน์ ราคาถูก,,,pending,1,
16888,afp,2024-06-27,2024,false,source,ผู้ลี้ภัยเผาธงชาติฝรั่งเศสในประเทศฝรั่งเศส,source,วิดีโอนี้แสดงภาพผู้ชุมนุมเผาธงชาติฝรั่งเศสในโมร็อกโก,https://factcheckthailand.afp.com/doc.afp.com.34YP4F7,other,True,False,other,eceb314f92bbbfe0d4e3,10,keyword_seed,0.9999997019767761,16888,,,pending,out_of_scope,"assistant read claim/title, not full-source verification",วิดีโอนี้แสดงภาพผู้ชุมนุมเผาธงชาติฝรั่งเศสในโมร็อกโก,,,pending,1,
7030,afnc,2024-06-28,2024,false,source,รับทำใบขับขี่ถูกกฎหมาย ไม่ต้องไปสอบเอง ทางเพจสอบให้,cleaned_title,ข่าวปลอม อย่าแชร์! รับทำใบขับขี่ถูกกฎหมาย ไม่ต้องไปสอบเอง ทางเพจสอบให้,https://www.antifakenewscenter.com/?p=58720,other,False,False,other,31b3367df853bf0cae2d,2,semantic_neighbor,0.9347794055938721,2232,,,pending,out_of_scope,"assistant read claim/title, not full-source verification",ข่าวปลอม อย่าแชร์! รับทำใบขับขี่ถูกกฎหมาย ไม่ต้องไปสอบเอง ทางเพจสอบให้,,,pending,1,
6922,afnc,2024-07-09,2024,false,source,เพจศูนย์ออกบัตรใบขับขี่ จาก กรมการขนส่ง รับทำใบขับขี่ ต่อใบขับขี่ออนไลน์,cleaned_title,ข่าวปลอม อย่าแชร์! เพจศูนย์ออกบัตรใบขับขี่ จาก กรมการขนส่ง รับทำใบขับขี่ ต่อใบขับขี่ออนไลน์,https://www.antifakenewscenter.com/?p=59228,other,False,False,other,bd45abc2961215413876,2,semantic_neighbor,0.9320825934410095,2232,,,pending,out_of_scope,"assistant read claim/title, not full-source verification",ข่าวปลอม อย่าแชร์! เพจศูนย์ออกบัตรใบขับขี่ จาก กรมการขนส่ง รับทำใบขับขี่ ต่อใบขับขี่ออนไลน์,,,pending,1,
6909,afnc,2024-07-11,2024,false,source,ทำใบขับขี่ออนไลน์ผ่านเพจ รับออกบัตรใบขับขี่ ออนไลน์ DLT โดยตรง,cleaned_title,ข่าวปลอม อย่าแชร์! ทำใบขับขี่ออนไลน์ผ่านเพจ รับออกบัตรใบขับขี่ ออนไลน์ DLT โดยตรง,https://www.antifakenewscenter.com/?p=59301,other,False,False,other,c2cd2456cfb2d74fdd15,2,semantic_neighbor,0.9355676174163818,2232,,,pending,out_of_scope,"assistant read claim/title, not full-source verification",ข่าวปลอม อย่าแชร์! ทำใบขับขี่ออนไลน์ผ่านเพจ รับออกบัตรใบขับขี่ ออนไลน์ DLT โดยตรง,,,pending,1,
6896,afnc,2024-07-12,2024,false,source,เพจ ครูโชด รับทำใบขับขี่ทุกชนิดครับ เปิดรับทำใบขับขี่ถูกกฎหมาย 100% ไม่ต้องสอบเองที่ขนส่ง มีผู้สอบให้,cleaned_title,ข่าวปลอม อย่าแชร์! เพจ ครูโชด รับทำใบขับขี่ทุกชนิดครับ เปิดรับทำใบขับขี่ถูกกฎหมาย 100% ไม่ต้องสอบเองที่ขนส่ง มีผู้สอบให้,https://www.antifakenewscenter.com/?p=59357,other,False,False,other,3a30fd367086672a70a9,2,semantic_neighbor,0.9366519451141357,2232,,,pending,out_of_scope,"assistant read claim/title, not full-source verification",ข่าวปลอม อย่าแชร์! เพจ ครูโชด รับทำใบขับขี่ทุกชนิดครับ เปิดรับทำใบขับขี่ถูกกฎหมาย 100% ไม่ต้องสอบเองที่ขนส่ง มีผู้สอบให้,,,pending,1,
27645,cofact,2024-07-15,2024,misleading,human,“บัตรสีชมพู” เปิดช่องแรงงานข้ามชาติ ได้สัญชาติไทยจริงหรือ?,human,ความจริงจากมหาดไทย “บัตรสีชมพู” เปิดช่องแรงงานข้ามชาติ ได้สัญชาติไทยจริงหรือ?,https://blog.cofact.org/th/migrant-workers-identification/,T06,True,False,rights,c0c5a9b90a5011e11308,49,keyword_seed,1.0,27645,,,pending,resident_refugee_status,"assistant read claim/title, not full-source verification",ความจริงจากมหาดไทย “บัตรสีชมพู” เปิดช่องแรงงานข้ามชาติ ได้สัญชาติไทยจริงหรือ?,,,pending,1,
6851,afnc,2024-07-17,2024,false,source,ต่อใบขับขี่ถูกกฎหมาย 100% ทางเพจรับทำต่อใบขับขี่,cleaned_title,ข่าวปลอม อย่าแชร์! ต่อใบขับขี่ถูกกฎหมาย 100% ทางเพจรับทำต่อใบขับขี่,https://www.antifakenewscenter.com/?p=59602,other,False,False,other,3a1d3fdfd37cf7fe0c03,2,semantic_neighbor,0.9567142128944397,2232,,,pending,out_of_scope,"assistant read claim/title, not full-source verification",ข่าวปลอม อย่าแชร์! ต่อใบขับขี่ถูกกฎหมาย 100% ทางเพจรับทำต่อใบขับขี่,,,pending,1,
6758,afnc,2024-07-27,2024,false,source,DLT รับทำใบขับขี่ทุกประเภท ผ่านเพจสอบใบขับขี่ด่วน.,cleaned_title,ข่าวปลอม อย่าแชร์! DLT รับทำใบขับขี่ทุกประเภท ผ่านเพจสอบใบขับขี่ด่วน.,https://www.antifakenewscenter.com/?p=60127,other,False,False,other,b1bb1ef25fcdc955ecdb,2,semantic_neighbor,0.9360439777374268,2232,,,pending,out_of_scope,"assistant read claim/title, not full-source verification",ข่าวปลอม อย่าแชร์! DLT รับทำใบขับขี่ทุกประเภท ผ่านเพจสอบใบขับขี่ด่วน.,,,pending,1,
6743,afnc,2024-07-29,2024,false,source,รับทำและต่ออายุใบขับขี่ถูกต้องตามกฎหมาย บัตรออกโดยขนส่ง ผ่านเพจรับทำใบขับขี่ทุกชนิด,cleaned_title,ข่าวปลอม อย่าแชร์! รับทำและต่ออายุใบขับขี่ถูกต้องตามกฎหมาย บัตรออกโดยขนส่ง ผ่านเพจรับทำใบขับขี่ทุกชนิด,https://www.antifakenewscenter.com/?p=60188,other,False,False,other,0603766c73ae08f00804,2,semantic_neighbor,0.9491992592811584,2232,,,pending,out_of_scope,"assistant read claim/title, not full-source verification",ข่าวปลอม อย่าแชร์! รับทำและต่ออายุใบขับขี่ถูกต้องตามกฎหมาย บัตรออกโดยขนส่ง ผ่านเพจรับทำใบขับขี่ทุกชนิด,,,pending,1,
6542,afnc,2024-08-19,2024,false,source,แรงงานชาวเมียนมาร์ เรียกร้องสิทธิเทียบเท่าคนไทย,cleaned_title,ข่าวปลอม อย่าแชร์! แรงงานชาวเมียนมาร์ เรียกร้องสิทธิเทียบเท่าคนไทย,https://www.antifakenewscenter.com/?p=61035,other,False,False,rights,250ab4eff0db423f4dd6,49,keyword_seed,0.9999998211860657,6542,,,pending,resident_refugee_status,"assistant read claim/title, not full-source verification",ข่าวปลอม อย่าแชร์! แรงงานชาวเมียนมาร์ เรียกร้องสิทธิเทียบเท่าคนไทย,,,pending,1,
6395,afnc,2024-09-05,2024,false,source,รับทำใบขับขี่ทุกประเภท ผ่านเพจนางวัชราภรณ์,cleaned_title,ข่าวปลอม อย่าแชร์! รับทำใบขับขี่ทุกประเภท ผ่านเพจนางวัชราภรณ์,https://www.antifakenewscenter.com/?p=61607,other,False,False,other,a22f5f8ba7d4e81532a9,2,semantic_neighbor,0.9306276440620422,2232,,,pending,out_of_scope,"assistant read claim/title, not full-source verification",ข่าวปลอม อย่าแชร์! รับทำใบขับขี่ทุกประเภท ผ่านเพจนางวัชราภรณ์,,,pending,1,
6381,afnc,2024-09-06,2024,false,source,ธุรกิจนายหน้า นำแรงงานพม่าเข้าประเทศไทย ไร้การควบคุม,cleaned_title,ข่าวปลอม อย่าแชร์! ธุรกิจนายหน้า นำแรงงานพม่าเข้าประเทศไทย ไร้การควบคุม,https://www.antifakenewscenter.com/?p=61670,other,True,False,security,16204bd7fdaba00c0423,49,keyword_seed,0.9999999403953552,6381,,,pending,resident_refugee_status,"assistant read claim/title, not full-source verification",ข่าวปลอม อย่าแชร์! ธุรกิจนายหน้า นำแรงงานพม่าเข้าประเทศไทย ไร้การควบคุม,,,pending,1,
6349,afnc,2024-09-10,2024,false,source,เพจทำใบขับขี่ กับครูโชคแบบเร่งด่วน รับเป็นตัวแทนสอบและอบรมทำใบขับขี่ที่ขนส่งฯ,cleaned_title,ข่าวปลอม อย่าแชร์! เพจทำใบขับขี่ กับครูโชคแบบเร่งด่วน รับเป็นตัวแทนสอบและอบรมทำใบขับขี่ที่ขนส่งฯ,https://www.antifakenewscenter.com/?p=61810,other,False,False,other,cc15d9a4a6a911163f41,2,semantic_neighbor,0.9337195158004761,2232,,,pending,out_of_scope,"assistant read claim/title, not full-source verification",ข่าวปลอม อย่าแชร์! เพจทำใบขับขี่ กับครูโชคแบบเร่งด่วน รับเป็นตัวแทนสอบและอบรมทำใบขับขี่ที่ขนส่งฯ,,,pending,1,
6278,afnc,2024-09-17,2024,misleading,source,"แรงงานต่างด้าวเข้าประเทศทำงานแล้วหลายแสนคน ส่งผลให้แรงงานไทยตกงานแล้วกว่า 430,000 คน",cleaned_title,"ข่าวบิดเบือน แรงงานต่างด้าวเข้าประเทศทำงานแล้วหลายแสนคน ส่งผลให้แรงงานไทยตกงานแล้วกว่า 430,000 คน",https://www.antifakenewscenter.com/?p=62152,T06,True,False,jobs,4ea29307857d3720dcb9,-1,keyword_seed,0.9999997615814209,6278,,,pending,resident_refugee_status,"assistant read claim/title, not full-source verification","ข่าวบิดเบือน แรงงานต่างด้าวเข้าประเทศทำงานแล้วหลายแสนคน ส่งผลให้แรงงานไทยตกงานแล้วกว่า 430,000 คน",,,pending,1,
6249,afnc,2024-09-20,2024,false,source,บัตร 10 ปีที่ต่างด้าวได้รับ ถูกจำหน่ายออกจากระบบ,cleaned_title,ข่าวปลอม อย่าแชร์! บัตร 10 ปีที่ต่างด้าวได้รับ ถูกจำหน่ายออกจากระบบ,https://www.antifakenewscenter.com/?p=62268,T06,True,False,other,76ff78ad9388ffb1529f,-1,keyword_seed,1.0000003576278687,6249,,,pending,resident_refugee_status,"assistant read claim/title, not full-source verification",ข่าวปลอม อย่าแชร์! บัตร 10 ปีที่ต่างด้าวได้รับ ถูกจำหน่ายออกจากระบบ,,,pending,1,
6120,afnc,2024-10-04,2024,false,source,สาวพม่าจ่ายเงินซื้อสัญชาติไทยจำนวน 8 หมื่นบาท,cleaned_title,ข่าวปลอม อย่าแชร์! สาวพม่าจ่ายเงินซื้อสัญชาติไทยจำนวน 8 หมื่นบาท,https://www.antifakenewscenter.com/?p=62850,T06,True,False,rights,f0827ddc34730a6e6752,49,keyword_seed,1.000000238418579,6120,,,pending,resident_refugee_status,"assistant read claim/title, not full-source verification",ข่าวปลอม อย่าแชร์! สาวพม่าจ่ายเงินซื้อสัญชาติไทยจำนวน 8 หมื่นบาท,,,pending,1,
6100,afnc,2024-10-06,2024,false,source,พบแรงงานต่างด้าวจ้างคนไทยเป็นเจ้านาย หรือเรียกว่า นายจ้างให้เช่า,cleaned_title,ข่าวปลอม อย่าแชร์! พบแรงงานต่างด้าวจ้างคนไทยเป็นเจ้านาย หรือเรียกว่า นายจ้างให้เช่า,https://www.antifakenewscenter.com/?p=62955,T06,True,False,other,9c37a9cebb369d9c0c25,49,keyword_seed,0.9999998211860657,6100,,,pending,resident_refugee_status,"assistant read claim/title, not full-source verification",ข่าวปลอม อย่าแชร์! พบแรงงานต่างด้าวจ้างคนไทยเป็นเจ้านาย หรือเรียกว่า นายจ้างให้เช่า,,,pending,1,
5947,afnc,2024-10-23,2024,false,source,รับทำใบขับขี่ออนไลน์ได้ทุกประเภท ผ่านเพจ สำนักงานขนส่งกรุงเทพมหานครพื้นที่ 2 ตลิ่งชัน,cleaned_title,ข่าวปลอม อย่าแชร์! รับทำใบขับขี่ออนไลน์ได้ทุกประเภท ผ่านเพจ สำนักงานขนส่งกรุงเทพมหานครพื้นที่ 2 ตลิ่งชัน,https://www.antifakenewscenter.com/?p=63646,other,False,False,other,8f9522e50abd44b97e63,2,semantic_neighbor,0.930377721786499,2232,,,pending,out_of_scope,"assistant read claim/title, not full-source verification",ข่าวปลอม อย่าแชร์! รับทำใบขับขี่ออนไลน์ได้ทุกประเภท ผ่านเพจ สำนักงานขนส่งกรุงเทพมหานครพื้นที่ 2 ตลิ่งชัน,,,pending,1,
5929,afnc,2024-10-25,2024,false,source,ไทยตัดขาดความสัมพันธ์ระหว่างประเทศกับลาว และกัมพูชา จึงได้ทำการส่งตัวแรงงานจากลาว และกัมพูชากลับประเทศ,cleaned_title,ข่าวปลอม อย่าแชร์! ไทยตัดขาดความสัมพันธ์ระหว่างประเทศกับลาว และกัมพูชา จึงได้ทำการส่งตัวแรงงานจากลาว และกัมพูชากลับประเทศ,https://www.antifakenewscenter.com/?p=63714,other,False,False,other,50ee3ec30a499cc39f97,28,semantic_neighbor,0.9551513195037842,7946,,,pending,resident_refugee_status,"assistant read claim/title, not full-source verification",ข่าวปลอม อย่าแชร์! ไทยตัดขาดความสัมพันธ์ระหว่างประเทศกับลาว และกัมพูชา จึงได้ทำการส่งตัวแรงงานจากลาว และกัมพูชากลับประเทศ,,,pending,1,
5894,afnc,2024-10-29,2024,false,source,เพจเฟซบุ๊ก วราพร เปิดให้ทำใบขับขี่เร่งด่วนแบบถูกกฎหมาย,cleaned_title,ข่าวปลอม อย่าแชร์! เพจเฟซบุ๊ก วราพร เปิดให้ทำใบขับขี่เร่งด่วนแบบถูกกฎหมาย,https://www.antifakenewscenter.com/?p=63868,other,False,False,other,643cffebe462054e7575,2,semantic_neighbor,0.9296646118164062,2232,,,pending,out_of_scope,"assistant read claim/title, not full-source verification",ข่าวปลอม อย่าแชร์! เพจเฟซบุ๊ก วราพร เปิดให้ทำใบขับขี่เร่งด่วนแบบถูกกฎหมาย,,,pending,1,
5889,afnc,2024-10-29,2024,false,source,รับสมัครแรงงานไทยไปต่างประเทศ แบบถูกกฎหมาย รับรองจากกรมแรงงาน,cleaned_title,ข่าวปลอม อย่าแชร์! รับสมัครแรงงานไทยไปต่างประเทศ แบบถูกกฎหมาย รับรองจากกรมแรงงาน,https://www.antifakenewscenter.com/?p=63864,other,False,False,other,7bd172abf276bff57e94,35,semantic_neighbor,0.9384762048721313,5235,,,pending,out_of_scope,"assistant read claim/title, not full-source verification",ข่าวปลอม อย่าแชร์! รับสมัครแรงงานไทยไปต่างประเทศ แบบถูกกฎหมาย รับรองจากกรมแรงงาน,,,pending,1,
5871,afnc,2024-10-31,2024,false,source,เพจเฟซบุ๊ก รับทำใบขับขี่รถทุกชนิด ถูกกฎหมาย รับทำใบขับขี่ออนไลน์ บัตรออกโดยกรมการขนส่งทางบก,cleaned_title,ข่าวปลอม อย่าแชร์! เพจเฟซบุ๊ก รับทำใบขับขี่รถทุกชนิด ถูกกฎหมาย รับทำใบขับขี่ออนไลน์ บัตรออกโดยกรมการขนส่งทางบก,https://www.antifakenewscenter.com/?p=63931,other,False,False,other,1185ba52afa4d7954c88,2,semantic_neighbor,0.9361532926559448,2232,,,pending,out_of_scope,"assistant read claim/title, not full-source verification",ข่าวปลอม อย่าแชร์! เพจเฟซบุ๊ก รับทำใบขับขี่รถทุกชนิด ถูกกฎหมาย รับทำใบขับขี่ออนไลน์ บัตรออกโดยกรมการขนส่งทางบก,,,pending,1,
5828,afnc,2024-11-05,2024,false,source,เพจเฟซบุ๊ก ขับขีปลอดภัย by DLT รับทำต่อใบขับขี่ทุกชนิดถูกกฎหมาย,cleaned_title,ข่าวปลอม อย่าแชร์! เพจเฟซบุ๊ก ขับขีปลอดภัย by DLT รับทำต่อใบขับขี่ทุกชนิดถูกกฎหมาย,https://www.antifakenewscenter.com/?p=64100,other,False,False,other,30b2e76612a468709fdc,2,semantic_neighbor,0.929119884967804,2232,,,pending,out_of_scope,"assistant read claim/title, not full-source verification",ข่าวปลอม อย่าแชร์! เพจเฟซบุ๊ก ขับขีปลอดภัย by DLT รับทำต่อใบขับขี่ทุกชนิดถูกกฎหมาย,,,pending,1,
5698,afnc,2024-11-19,2024,false,source,เพจเจ้าหน้าที่ขนส่งแห่งประเทศไทย รับทำใบขับขี่ ต่อใบขับขี่ แบบออนไลน์ บัตรออกจากกรมขนส่งโดยตรง ทำได้ทั่วประเทศ,cleaned_title,ข่าวปลอม อย่าแชร์! เพจเจ้าหน้าที่ขนส่งแห่งประเทศไทย รับทำใบขับขี่ ต่อใบขับขี่ แบบออนไลน์ บัตรออกจากกรมขนส่งโดยตรง ทำได้ทั่วประเทศ,https://www.antifakenewscenter.com/?p=64609,other,False,False,other,ff4192fad40fdf619e7c,2,semantic_neighbor,0.9310170412063599,2232,,,pending,out_of_scope,"assistant read claim/title, not full-source verification",ข่าวปลอม อย่าแชร์! เพจเจ้าหน้าที่ขนส่งแห่งประเทศไทย รับทำใบขับขี่ ต่อใบขับขี่ แบบออนไลน์ บัตรออกจากกรมขนส่งโดยตรง ทำได้ทั่วประเทศ,,,pending,1,
5683,afnc,2024-11-21,2024,false,source,กรมการขนส่งทางบก เปิดเพจ ใบขับขี่ออนไลน์ เพื่อให้บริการทำใบขับขี่อย่างถูกกฎหมาย,cleaned_title,ข่าวปลอม อย่าแชร์! กรมการขนส่งทางบก เปิดเพจ ใบขับขี่ออนไลน์ เพื่อให้บริการทำใบขับขี่อย่างถูกกฎหมาย,https://www.antifakenewscenter.com/?p=64680,other,False,False,other,80fbddd47a8ac42cee43,2,semantic_neighbor,0.9401732683181763,2232,,,pending,out_of_scope,"assistant read claim/title, not full-source verification",ข่าวปลอม อย่าแชร์! กรมการขนส่งทางบก เปิดเพจ ใบขับขี่ออนไลน์ เพื่อให้บริการทำใบขับขี่อย่างถูกกฎหมาย,,,pending,1,
5626,afnc,2024-11-27,2024,false,source,ลงทะเบียนทำใบขับขี่ออนไลน์ ผ่านเพจ ต่ออายุใบขับขี่ทุกประเภท DLT,cleaned_title,ข่าวปลอม อย่าแชร์! ลงทะเบียนทำใบขับขี่ออนไลน์ ผ่านเพจ ต่ออายุใบขับขี่ทุกประเภท DLT,https://www.antifakenewscenter.com/?p=64916,other,False,False,other,a5389683f55637f55ab5,2,semantic_neighbor,0.9344705939292908,2232,,,pending,out_of_scope,"assistant read claim/title, not full-source verification",ข่าวปลอม อย่าแชร์! ลงทะเบียนทำใบขับขี่ออนไลน์ ผ่านเพจ ต่ออายุใบขับขี่ทุกประเภท DLT,,,pending,1,
5600,afnc,2024-11-30,2024,misleading,source,เปิดให้แรงงานต่างด้าวขึ้นทะเบียน หรือต่ออายุทำงาน และแรงงานเถื่อนก็สามารถขึ้นทะเบียนได้,cleaned_title,ข่าวบิดเบือน เปิดให้แรงงานต่างด้าวขึ้นทะเบียน หรือต่ออายุทำงาน และแรงงานเถื่อนก็สามารถขึ้นทะเบียนได้,https://www.antifakenewscenter.com/?p=65110,T06,True,False,jobs,a5edbf2a413f4bbda279,49,keyword_seed,0.9999998211860657,5600,,,pending,resident_refugee_status,"assistant read claim/title, not full-source verification",ข่าวบิดเบือน เปิดให้แรงงานต่างด้าวขึ้นทะเบียน หรือต่ออายุทำงาน และแรงงานเถื่อนก็สามารถขึ้นทะเบียนได้,,,pending,1,
5597,afnc,2024-11-30,2024,false,source,กรมการขนส่งทางบก เปิดให้ลงทะเบียนทำใบขับขี่ออนไลน์ ผ่านเพจ ข้อมูลใบขับขี่ Thailand,cleaned_title,ข่าวปลอม อย่าแชร์! กรมการขนส่งทางบก เปิดให้ลงทะเบียนทำใบขับขี่ออนไลน์ ผ่านเพจ ข้อมูลใบขับขี่ Thailand,https://www.antifakenewscenter.com/?p=65088,other,False,False,other,1eb732112e5cd70bfdda,2,semantic_neighbor,0.929855227470398,10046,,,pending,out_of_scope,"assistant read claim/title, not full-source verification",ข่าวปลอม อย่าแชร์! กรมการขนส่งทางบก เปิดให้ลงทะเบียนทำใบขับขี่ออนไลน์ ผ่านเพจ ข้อมูลใบขับขี่ Thailand,,,pending,1,
5541,afnc,2024-12-06,2024,false,source,ชาวเมียนมาสามารถทำใบขับขี่ได้โดยไม่ต้องสอบ,cleaned_title,ข่าวปลอม อย่าแชร์! ชาวเมียนมาสามารถทำใบขับขี่ได้โดยไม่ต้องสอบ,https://www.antifakenewscenter.com/?p=65326,other,False,False,other,219457278db4104b0aa4,2,keyword_seed,1.000000238418579,5541,,,pending,resident_refugee_status,"assistant read claim/title, not full-source verification",ข่าวปลอม อย่าแชร์! ชาวเมียนมาสามารถทำใบขับขี่ได้โดยไม่ต้องสอบ,,,pending,1,
5522,afnc,2024-12-08,2024,misleading,source,พบต่างด้าวผลิตไอศกรีมรถเข็นขายเอง ไม่ได้มาตรฐาน ไม่มี อย,llm,ข่าวบิดเบือน พบต่างด้าวผลิตไอศกรีมรถเข็นขายเอง ไม่ได้มาตรฐาน ไม่มี อย.,https://www.antifakenewscenter.com/?p=65450,T06,True,False,other,c5d80e40c31266fda917,-1,keyword_seed,1.0000001192092896,5522,,,pending,resident_refugee_status,"assistant read claim/title, not full-source verification",ข่าวบิดเบือน พบต่างด้าวผลิตไอศกรีมรถเข็นขายเอง ไม่ได้มาตรฐาน ไม่มี อย.,,,pending,1,
5515,afnc,2024-12-09,2024,false,source,กระทรวงแรงงานเปลี่ยนแปลงกฎหมายเอื้อคนพม่า ประกาศขึ้นทะเบียนอาชีพอิสระมากถึง 9 ล้านคน,cleaned_title,ข่าวปลอม อย่าแชร์! กระทรวงแรงงานเปลี่ยนแปลงกฎหมายเอื้อคนพม่า ประกาศขึ้นทะเบียนอาชีพอิสระมากถึง 9 ล้านคน,https://www.antifakenewscenter.com/?p=65462,other,False,False,jobs,45e8bd4c5ecc57570700,49,keyword_seed,0.9999996423721313,5515,,,pending,resident_refugee_status,"assistant read claim/title, not full-source verification",ข่าวปลอม อย่าแชร์! กระทรวงแรงงานเปลี่ยนแปลงกฎหมายเอื้อคนพม่า ประกาศขึ้นทะเบียนอาชีพอิสระมากถึง 9 ล้านคน,,,pending,1,
17349,afp,2024-12-11,2024,false,source,ภาพอดีตปธน.บาชาร์ อัล-อัสซาด ปรากฏตัวที่กรุงมอสโกในฐานะผู้ลี้ภัย,source,ภาพจากปี 2566 ถูกแชร์ในโพสต์เท็จว่าเป็นภาพอดีตประธานาธิบดีซีเรียลี้ภัยในกรุงมอสโก,https://factcheckthailand.afp.com/doc.afp.com.36Q32ZV,other,True,False,other,18613b70da59b4fdcccf,10,keyword_seed,0.9999998211860657,17349,,,pending,out_of_scope,"assistant read claim/title, not full-source verification",ภาพจากปี 2566 ถูกแชร์ในโพสต์เท็จว่าเป็นภาพอดีตประธานาธิบดีซีเรียลี้ภัยในกรุงมอสโก,,,pending,1,
5485,afnc,2024-12-12,2024,false,source,กรมการขนส่งทางบกเปิดเพจ รับทำใบขับขี่ออนไลน์ ทุกชนิด,cleaned_title,ข่าวปลอม อย่าแชร์! กรมการขนส่งทางบกเปิดเพจ รับทำใบขับขี่ออนไลน์ ทุกชนิด,https://www.antifakenewscenter.com/?p=65623,other,False,False,other,e8276d54f25904a39d8a,2,semantic_neighbor,0.9353212118148804,2232,,,pending,out_of_scope,"assistant read claim/title, not full-source verification",ข่าวปลอม อย่าแชร์! กรมการขนส่งทางบกเปิดเพจ รับทำใบขับขี่ออนไลน์ ทุกชนิด,,,pending,1,
5432,afnc,2024-12-18,2024,false,source,เพจ ครูกร ที่ปรึกษาสอนขับ เปิดรับทำใบขับขี่ออนไลน์ รับรองโดย กรมการขนส่งทางบก,cleaned_title,ข่าวปลอม อย่าแชร์! เพจ ครูกร ที่ปรึกษาสอนขับ เปิดรับทำใบขับขี่ออนไลน์ รับรองโดย กรมการขนส่งทางบก,https://www.antifakenewscenter.com/?p=65865,other,False,False,other,d5a1f7864a2a070f8a7b,2,semantic_neighbor,0.9297456741333008,2232,,,pending,out_of_scope,"assistant read claim/title, not full-source verification",ข่าวปลอม อย่าแชร์! เพจ ครูกร ที่ปรึกษาสอนขับ เปิดรับทำใบขับขี่ออนไลน์ รับรองโดย กรมการขนส่งทางบก,,,pending,1,
5366,afnc,2024-12-25,2024,false,source,คนไทยถูกหักเงินประกันสังคม 750 บาท เพื่อเอื้อประโยชน์ให้แรงงานต่างด้าว,cleaned_title,ข่าวปลอม อย่าแชร์! คนไทยถูกหักเงินประกันสังคม 750 บาท เพื่อเอื้อประโยชน์ให้แรงงานต่างด้าว,https://www.antifakenewscenter.com/?p=66111,T06;T05,True,False,rights,b030ab685f9a5197534d,49,keyword_seed,1.0000001192092896,5366,,,pending,resident_refugee_status,"assistant read claim/title, not full-source verification",ข่าวปลอม อย่าแชร์! คนไทยถูกหักเงินประกันสังคม 750 บาท เพื่อเอื้อประโยชน์ให้แรงงานต่างด้าว,,,pending,1,
5309,afnc,2024-12-31,2024,false,source,ทำใบขับขี่ถูกกฎหมาย ไม่ต้องสอบเองที่กรมการขนส่งทางบก ผ่านเพจ กมลวรรณ์ นามวงศ์,cleaned_title,ข่าวปลอม อย่าแชร์! ทำใบขับขี่ถูกกฎหมาย ไม่ต้องสอบเองที่กรมการขนส่งทางบก ผ่านเพจ กมลวรรณ์ นามวงศ์,https://www.antifakenewscenter.com/?p=66341,other,False,False,other,e97a4c5236366061694d,2,semantic_neighbor,0.9308144450187683,2232,,,pending,out_of_scope,"assistant read claim/title, not full-source verification",ข่าวปลอม อย่าแชร์! ทำใบขับขี่ถูกกฎหมาย ไม่ต้องสอบเองที่กรมการขนส่งทางบก ผ่านเพจ กมลวรรณ์ นามวงศ์,,,pending,1,
5235,afnc,2025-01-08,2025,misleading,source,ลูกแรงงานต่างด้าว มีสิทธิ์ขอสัญชาติไทย,cleaned_title,ลูกแรงงานต่างด้าว มีสิทธิ์ขอสัญชาติไทย?,https://www.antifakenewscenter.com/?p=66678,T06,True,False,rights,f166c5fdce8d1a51ac76,49,keyword_seed,1.0000003576278687,5235,,,pending,resident_refugee_status,"assistant read claim/title, not full-source verification",ลูกแรงงานต่างด้าว มีสิทธิ์ขอสัญชาติไทย?,,,pending,1,
5170,afnc,2025-01-15,2025,false,source,ออกบัตรประชาชนให้พม่าเป็นสัญชาติไทย โดยไม่ตรวจประวัติ,cleaned_title,ออกบัตรประชาชนให้พม่าเป็นสัญชาติไทย โดยไม่ตรวจประวัติ,https://www.antifakenewscenter.com/?p=66967,T06,True,False,rights,5373af0e812579711ecf,49,keyword_seed,1.0000001192092896,5170,,,pending,resident_refugee_status,"assistant read claim/title, not full-source verification",ออกบัตรประชาชนให้พม่าเป็นสัญชาติไทย โดยไม่ตรวจประวัติ,,,pending,1,
5062,afnc,2025-01-27,2025,false,source,ไทยปล่อยต่างด้าวเข้าประเทศแบบไม่คัดกรอง จีนเทาฉวยโอกาส จับเด็กไปขอทาน,cleaned_title,ไทยปล่อยต่างด้าวเข้าประเทศแบบไม่คัดกรอง จีนเทาฉวยโอกาส จับเด็กไปขอทาน,https://www.antifakenewscenter.com/?p=67426,T06,True,False,other,a4c08f002880a3907a59,-1,keyword_seed,1.000000238418579,5062,,,pending,resident_refugee_status,"assistant read claim/title, not full-source verification",ไทยปล่อยต่างด้าวเข้าประเทศแบบไม่คัดกรอง จีนเทาฉวยโอกาส จับเด็กไปขอทาน,,,pending,1,
27802,cofact,2025-02-06,2025,false,human,พม่าเรียกค่าแรง 600-700 บาท พร้อมโลโก้พรรคประชาชนในคลิป,llm,4 ปี รัฐประหารเมียนมา คลิปเก่า-เนื้อหาเท็จระบาด ปั่นความเกลียดชังแรงงานข้ามชาติ,https://blog.cofact.org/th/myanmar-06022025/,T09,False,False,other,8998894796b2ff1e1a38,49,semantic_neighbor,0.9583553075790405,16862,,,pending,resident_refugee_status,"assistant read claim/title, not full-source verification",4 ปี รัฐประหารเมียนมา คลิปเก่า-เนื้อหาเท็จระบาด ปั่นความเกลียดชังแรงงานข้ามชาติ,,,pending,1,
16862,afp,2025-02-06,2025,false,source,ภาพแรงงานพม่าเรียกร้องค่าแรงขั้นต่ำ 700 บาท,source,ภาพเก่าถูกแชร์ในโพสต์เท็จว่าแรงงานพม่าเรียกร้องค่าแรงขั้นต่ำ 700 บาท,https://factcheckthailand.afp.com/doc.afp.com.36X87V2,other,True,False,other,cd9d8c13738c8339cb15,49,keyword_seed,0.9999998211860657,16862,,,pending,resident_refugee_status,"assistant read claim/title, not full-source verification",ภาพเก่าถูกแชร์ในโพสต์เท็จว่าแรงงานพม่าเรียกร้องค่าแรงขั้นต่ำ 700 บาท,,,pending,1,
17289,afp,2025-02-06,2025,false,source,วิดีโอแรงงานเมียนมาประท้วงขอขึ้นค่าแรงเป็น 700 บาท,source,วิดีโอเก่าถูกนำมาแชร์ในโพสต์เท็จว่าแรงงานเมียนมาประท้วงขอขึ้นค่าแรงขั้นต่ำ,https://factcheckthailand.afp.com/doc.afp.com.36X84TJ,other,True,False,other,934040b79484f5080460,49,keyword_seed,0.9999996423721313,17289,,,pending,resident_refugee_status,"assistant read claim/title, not full-source verification",วิดีโอเก่าถูกนำมาแชร์ในโพสต์เท็จว่าแรงงานเมียนมาประท้วงขอขึ้นค่าแรงขั้นต่ำ,,,pending,1,
27076,thaipbs,2025-02-17,2025,false,source,แรงงานพม่าในไทยเหิมเกริมมากเกิน ทำการเดินขบวนชุมนุมที่หน้าสนง.ยูเอ็น เรียกร้องค่าแรงขั้นต่ำวันละ 700 บาท,llm,ภาพเก่าปี 64 ถูกอ้างแรงงานเมียนมาร้องขอค่าแรง 700/วัน,https://www.thaipbs.or.th/verify/content/431,other,True,False,other,1909fdbf0e4e01c01ad8,49,keyword_seed,1.0000003576278687,27076,,,pending,resident_refugee_status,"assistant read claim/title, not full-source verification",ภาพเก่าปี 64 ถูกอ้างแรงงานเมียนมาร้องขอค่าแรง 700/วัน,,,pending,1,
4807,afnc,2025-02-24,2025,false,source,กรมการขนส่งทางบกเปิดลงทะเบียนทำใบขับขี่ออนไลน์ ผ่านเพจ บริการขับขี่ปลอดภัย,cleaned_title,กรมการขนส่งทางบกเปิดลงทะเบียนทำใบขับขี่ออนไลน์ ผ่านเพจ บริการขับขี่ปลอดภัย,https://www.antifakenewscenter.com/?p=68490,other,False,False,other,8944b2e541767987fe53,2,semantic_neighbor,0.9304438829421997,10046,,,pending,out_of_scope,"assistant read claim/title, not full-source verification",กรมการขนส่งทางบกเปิดลงทะเบียนทำใบขับขี่ออนไลน์ ผ่านเพจ บริการขับขี่ปลอดภัย,,,pending,1,
4787,afnc,2025-02-26,2025,false,source,ต่างด้าวใน อ.ปาย มีบัตร ปชช. เป็นคนไทย,cleaned_title,ต่างด้าวใน อ.ปาย มีบัตร ปชช. เป็นคนไทย,https://www.antifakenewscenter.com/?p=68575,T06,True,False,other,760891dcdc703a581a4c,49,keyword_seed,0.9999999403953552,4787,,,pending,resident_refugee_status,"assistant read claim/title, not full-source verification",ต่างด้าวใน อ.ปาย มีบัตร ปชช. เป็นคนไทย,,,pending,1,
4785,afnc,2025-02-26,2025,false,source,บริการทำใบขับขี่ออนไลน์! แค่ 1 ชั่วโมง ได้รับบัตรรับรองโดยกรมการขนส่งทางบก,cleaned_title,บริการทำใบขับขี่ออนไลน์! แค่ 1 ชั่วโมง ได้รับบัตรรับรองโดยกรมการขนส่งทางบก,https://www.antifakenewscenter.com/?p=68592,other,False,False,other,9013ed3f74d2c940823a,2,semantic_neighbor,0.931029736995697,2232,,,pending,out_of_scope,"assistant read claim/title, not full-source verification",บริการทำใบขับขี่ออนไลน์! แค่ 1 ชั่วโมง ได้รับบัตรรับรองโดยกรมการขนส่งทางบก,,,pending,1,
4776,afnc,2025-02-27,2025,misleading,source,นายจ้างที่มีต่างด้าวผิดกฎหมาย ต้องส่งแรงงานเข้าไปจัดเก็บอัตลักษณ์บุคคล ภายในวันที่ 28 มิ.ย. 68,cleaned_title,นายจ้างที่มีต่างด้าวผิดกฎหมาย ต้องส่งแรงงานเข้าไปจัดเก็บอัตลักษณ์บุคคล ภายในวันที่ 28 มิ.ย. 68,https://www.antifakenewscenter.com/?p=68620,T06,True,False,other,9db26f369c9795a52ec6,49,keyword_seed,1.0000003576278687,4776,,,pending,resident_refugee_status,"assistant read claim/title, not full-source verification",นายจ้างที่มีต่างด้าวผิดกฎหมาย ต้องส่งแรงงานเข้าไปจัดเก็บอัตลักษณ์บุคคล ภายในวันที่ 28 มิ.ย. 68,,,pending,1,
4768,afnc,2025-02-28,2025,false,source,ทำใบขับขี่ออนไลน์ บัตรออกจากกรมขนส่งโดยตรง ทำได้ทั่วประเทศ,cleaned_title,ทำใบขับขี่ออนไลน์ บัตรออกจากกรมขนส่งโดยตรง ทำได้ทั่วประเทศ,https://www.antifakenewscenter.com/?p=68648,other,False,False,other,3a8b3d1703e84ee64427,2,semantic_neighbor,0.9326508045196533,2232,,,pending,out_of_scope,"assistant read claim/title, not full-source verification",ทำใบขับขี่ออนไลน์ บัตรออกจากกรมขนส่งโดยตรง ทำได้ทั่วประเทศ,,,pending,1,
4750,afnc,2025-03-02,2025,false,source,รับทำใบขับขี่ออนไลน์ทุกชนิดให้คนไทยและคนต่างชาติ ผ่านเพจ รับทำใบขับขี่ออนไลน์,cleaned_title,รับทำใบขับขี่ออนไลน์ทุกชนิดให้คนไทยและคนต่างชาติ ผ่านเพจ รับทำใบขับขี่ออนไลน์,https://www.antifakenewscenter.com/?p=68730,other,False,False,other,b9652e9d60074ed0fbf3,2,semantic_neighbor,0.9488041996955872,2232,,,pending,resident_refugee_status,"assistant read claim/title, not full-source verification",รับทำใบขับขี่ออนไลน์ทุกชนิดให้คนไทยและคนต่างชาติ ผ่านเพจ รับทำใบขับขี่ออนไลน์,,,pending,1,
4743,afnc,2025-03-03,2025,false,source,รับทำบัตรประชาชนไทย ผ่านเพจเฟซบุ๊ก รับใบอนุญาต,cleaned_title,รับทำบัตรประชาชนไทย ผ่านเพจเฟซบุ๊ก รับใบอนุญาต,https://www.antifakenewscenter.com/?p=68757,other,False,False,jobs;rights,fc88bbe8bb6b95a9958f,-1,semantic_neighbor,0.9465022087097168,10046,,,pending,out_of_scope,"assistant read claim/title, not full-source verification",รับทำบัตรประชาชนไทย ผ่านเพจเฟซบุ๊ก รับใบอนุญาต,,,pending,1,
4720,afnc,2025-03-05,2025,misleading,source,ต่างด้าวยกพวกตีกัน ในหมู่บ้านเอื้ออาทร อ.พิมาย,cleaned_title,ต่างด้าวยกพวกตีกัน ในหมู่บ้านเอื้ออาทร อ.พิมาย,https://www.antifakenewscenter.com/?p=68843,T06,True,False,other,b4abbb002034583c4276,-1,keyword_seed,0.9999998211860657,4720,,,pending,resident_refugee_status,"assistant read claim/title, not full-source verification",ต่างด้าวยกพวกตีกัน ในหมู่บ้านเอื้ออาทร อ.พิมาย,,,pending,1,
4669,afnc,2025-03-11,2025,misleading,source,กลาโหม สั่งประชาชนไทย-กัมพูชา ห้ามจัดกิจกรรมบนปราสาทตาเมือนธม,cleaned_title,กลาโหม สั่งประชาชนไทย-กัมพูชา ห้ามจัดกิจกรรมบนปราสาทตาเมือนธม,https://www.antifakenewscenter.com/?p=69057,other,False,False,other,c9dd6f7324a796b347da,6,semantic_neighbor,0.9345139265060425,1543,,,pending,out_of_scope,"assistant read claim/title, not full-source verification",กลาโหม สั่งประชาชนไทย-กัมพูชา ห้ามจัดกิจกรรมบนปราสาทตาเมือนธม,,,pending,1,
4644,afnc,2025-03-13,2025,false,source,แก๊งค้ามนุษย์-ขอทานต่างด้าวระบาดทั่วไทย ไร้การจัดการ,cleaned_title,แก๊งค้ามนุษย์-ขอทานต่างด้าวระบาดทั่วไทย ไร้การจัดการ,https://www.antifakenewscenter.com/?p=69156,T06,True,False,security,068992f12a50880f3502,-1,keyword_seed,1.000000238418579,4644,,,pending,resident_refugee_status,"assistant read claim/title, not full-source verification",แก๊งค้ามนุษย์-ขอทานต่างด้าวระบาดทั่วไทย ไร้การจัดการ,,,pending,1,
4586,afnc,2025-03-20,2025,false,source,เพจใบขับขี่ออนไลน์ เปิดให้ทำใบขับขี่ถูกกฎหมาย 100% ไม่ต้องสอบ,cleaned_title,เพจใบขับขี่ออนไลน์ เปิดให้ทำใบขับขี่ถูกกฎหมาย 100% ไม่ต้องสอบ,https://www.antifakenewscenter.com/?p=69450,other,False,False,other,79b14118bf3793caf5f4,2,semantic_neighbor,0.9510751962661743,2232,,,pending,out_of_scope,"assistant read claim/title, not full-source verification",เพจใบขับขี่ออนไลน์ เปิดให้ทำใบขับขี่ถูกกฎหมาย 100% ไม่ต้องสอบ,,,pending,1,
4489,afnc,2025-03-30,2025,false,source,รับสมัครแรงงานไทย รับรองวีซ่าและอบรมผ่านกรมแรงงาน,cleaned_title,รับสมัครแรงงานไทย รับรองวีซ่าและอบรมผ่านกรมแรงงาน,https://www.antifakenewscenter.com/?p=69978,other,False,False,other,019f91be7a013ac01837,-1,semantic_neighbor,0.9309815168380737,5235,,,pending,out_of_scope,"assistant read claim/title, not full-source verification",รับสมัครแรงงานไทย รับรองวีซ่าและอบรมผ่านกรมแรงงาน,,,pending,1,
4327,afnc,2025-04-16,2025,false,source,ลูกชาวพม่าและเขมร สามารถเรียนหลักสูตรนักศึกษาวิชาทหารไทยได้,cleaned_title,ลูกชาวพม่าและเขมร สามารถเรียนหลักสูตรนักศึกษาวิชาทหารไทยได้,https://www.antifakenewscenter.com/?p=70708,T06,False,False,other,79b3fe2080066e0bf514,-1,keyword_seed,0.9999998211860657,4327,,,pending,resident_refugee_status,"assistant read claim/title, not full-source verification",ลูกชาวพม่าและเขมร สามารถเรียนหลักสูตรนักศึกษาวิชาทหารไทยได้,,,pending,1,
4176,afnc,2025-05-02,2025,false,source,ตม. เปิดเว็บไซต์ลงทะเบียนบัตรขาเข้าประเทศแบบเก็บค่าธรรมเนียม รองรับนักท่องเที่ยว VIP,cleaned_title,ตม. เปิดเว็บไซต์ลงทะเบียนบัตรขาเข้าประเทศแบบเก็บค่าธรรมเนียม รองรับนักท่องเที่ยว VIP,https://www.antifakenewscenter.com/?p=71405,other,False,False,other,721c603179b760e1d292,-1,semantic_neighbor,0.9295505285263062,10046,,,pending,out_of_scope,"assistant read claim/title, not full-source verification",ตม. เปิดเว็บไซต์ลงทะเบียนบัตรขาเข้าประเทศแบบเก็บค่าธรรมเนียม รองรับนักท่องเที่ยว VIP,,,pending,1,
4169,afnc,2025-05-03,2025,false,source,กัมพูชาให้ไทยขุดหลักแดนออก เนื่องจากล้ำเขตประเทศกัมพูชา,cleaned_title,กัมพูชาให้ไทยขุดหลักแดนออก เนื่องจากล้ำเขตประเทศกัมพูชา,https://www.antifakenewscenter.com/?p=71389,other,False,False,other,7764caa14334e7152c10,6,semantic_neighbor,0.9448139071464539,7946,,,pending,out_of_scope,"assistant read claim/title, not full-source verification",กัมพูชาให้ไทยขุดหลักแดนออก เนื่องจากล้ำเขตประเทศกัมพูชา,,,pending,1,
3885,afnc,2025-06-03,2025,false,source,ไทยเตรียมประกาศปิดด่านชายแดนไทย-กัมพูชา 6 แห่ง,cleaned_title,ไทยเตรียมประกาศปิดด่านชายแดนไทย-กัมพูชา 6 แห่ง,https://www.antifakenewscenter.com/?p=72556,T10,False,True,other,e3ed8ae4b3f073c04f24,-1,semantic_neighbor,0.9316023588180542,16922,,,pending,out_of_scope,"assistant read claim/title, not full-source verification",ไทยเตรียมประกาศปิดด่านชายแดนไทย-กัมพูชา 6 แห่ง,,,pending,1,
3877,afnc,2025-06-04,2025,false,source,รัฐบาลกัมพูชาสั่งนายกรัฐมนตรีไทย ห้ามปิดด่านชายแดน,cleaned_title,รัฐบาลกัมพูชาสั่งนายกรัฐมนตรีไทย ห้ามปิดด่านชายแดน,https://www.antifakenewscenter.com/?p=72602,T09,False,True,other,2509dc55240b38b2bbb4,28,semantic_neighbor,0.94279545545578,1543,,,pending,out_of_scope,"assistant read claim/title, not full-source verification",รัฐบาลกัมพูชาสั่งนายกรัฐมนตรีไทย ห้ามปิดด่านชายแดน,,,pending,1,
27012,thaipbs,2025-06-10,2025,false,source,คลิปทหารกัมพูชา พร้อมอาวุธ เป็นภาพจริงจากเหตุการณ์ตึงเครียดชายแดนไทย-กัมพูชา,llm,ตรวจสอบแล้ว: คลิปทหารกัมพูชา พร้อมอาวุธ เป็นภาพสร้างจาก AI,https://www.thaipbs.or.th/verify/content/2305,T10,False,True,other,4605491df59c175e315d,63,semantic_neighbor,0.9312008619308472,26867,,,pending,out_of_scope,"assistant read claim/title, not full-source verification",ตรวจสอบแล้ว: คลิปทหารกัมพูชา พร้อมอาวุธ เป็นภาพสร้างจาก AI,,,pending,1,
16772,afp,2025-06-18,2025,false,source,วิดีโอชาวกัมพูชาประท้วงขับไล่ผู้นำคนปัจจุบัน,source,วิดีโองานเฉลิมฉลองปี 2567 ถูกแชร์ในโพสต์เท็จว่าเป็นการชุมนุมขับไล่ผู้นำกัมพูชา,https://factcheckthailand.afp.com/doc.afp.com.62HT3KD,T06,False,False,security,4e6aba7037e5033366ff,63,keyword_seed,0.9999996423721313,16772,,,pending,out_of_scope,"assistant read claim/title, not full-source verification",วิดีโองานเฉลิมฉลองปี 2567 ถูกแชร์ในโพสต์เท็จว่าเป็นการชุมนุมขับไล่ผู้นำกัมพูชา,,,pending,1,
3739,afnc,2025-06-18,2025,false,source,ประเทศไทย เตรียมบุกไปกัมพูชาแล้ว,cleaned_title,ประเทศไทย เตรียมบุกไปกัมพูชาแล้ว,https://www.antifakenewscenter.com/?p=73192,other,False,False,other,31327e558bbfeeb341b8,6,semantic_neighbor,0.9350463151931763,1311,,,pending,out_of_scope,"assistant read claim/title, not full-source verification",ประเทศไทย เตรียมบุกไปกัมพูชาแล้ว,,,pending,1,
3661,afnc,2025-06-27,2025,false,source,กัมพูชาปิดด่าน จ.จันทบุรี ทำให้รถขนสินค้าไทยกลับเข้าประเทศไม่ได้,cleaned_title,กัมพูชาปิดด่าน จ.จันทบุรี ทำให้รถขนสินค้าไทยกลับเข้าประเทศไม่ได้,https://www.antifakenewscenter.com/?p=73496,other,False,False,other,88794c4d3c80a811a642,28,semantic_neighbor,0.9389955401420593,7946,,,pending,out_of_scope,"assistant read claim/title, not full-source verification",กัมพูชาปิดด่าน จ.จันทบุรี ทำให้รถขนสินค้าไทยกลับเข้าประเทศไม่ได้,,,pending,1,
3659,afnc,2025-06-27,2025,false,source,สั่งห้ามกัมพูชาขนเกลือจากไทยกลับประเทศ,cleaned_title,สั่งห้ามกัมพูชาขนเกลือจากไทยกลับประเทศ,https://www.antifakenewscenter.com/?p=73504,other,False,False,other,41995322a3df9b48932e,28,semantic_neighbor,0.9527083039283752,3233,,,pending,out_of_scope,"assistant read claim/title, not full-source verification",สั่งห้ามกัมพูชาขนเกลือจากไทยกลับประเทศ,,,pending,1,
3658,afnc,2025-06-27,2025,misleading,source,ระงับนำเข้าสินค้าเกษตร ระหว่างไทย–กัมพูชา ทำไทยเสียหายหลักแสน,cleaned_title,ระงับนำเข้าสินค้าเกษตร ระหว่างไทย–กัมพูชา ทำไทยเสียหายหลักแสน,https://www.antifakenewscenter.com/?p=73529,other,False,False,other,398569e26397057d7c32,-1,semantic_neighbor,0.9383120536804199,7946,,,pending,out_of_scope,"assistant read claim/title, not full-source verification",ระงับนำเข้าสินค้าเกษตร ระหว่างไทย–กัมพูชา ทำไทยเสียหายหลักแสน,,,pending,1,
3650,afnc,2025-06-28,2025,false,source,แรงงานลาวแห่ทะลักเข้าไทย หลังแรงงานกัมพูชาทยอยกลับ,cleaned_title,แรงงานลาวแห่ทะลักเข้าไทย หลังแรงงานกัมพูชาทยอยกลับ,https://www.antifakenewscenter.com/?p=73547,other,True,False,other,8ccffbd8cd6d2fe672b9,28,keyword_seed,1.000000238418579,3650,,,pending,resident_refugee_status,"assistant read claim/title, not full-source verification",แรงงานลาวแห่ทะลักเข้าไทย หลังแรงงานกัมพูชาทยอยกลับ,,,pending,1,
3628,afnc,2025-06-30,2025,false,source,เพจ Alinda รับทำใบขับขี่ออนไลน์ ถูกกฎหมาย ทั้งรถยนต์-มอเตอร์ไซค์,cleaned_title,เพจ Alinda รับทำใบขับขี่ออนไลน์ ถูกกฎหมาย ทั้งรถยนต์-มอเตอร์ไซค์,https://www.antifakenewscenter.com/?p=73659,other,False,False,other,726b3100c31bdc7e48c3,2,semantic_neighbor,0.9311466217041016,2232,,,pending,out_of_scope,"assistant read claim/title, not full-source verification",เพจ Alinda รับทำใบขับขี่ออนไลน์ ถูกกฎหมาย ทั้งรถยนต์-มอเตอร์ไซค์,,,pending,1,
3625,afnc,2025-07-01,2025,misleading,source,กองกำลังบูรพา ออกหนังสือยกเลิกผ่อนผันแรงงานกัมพูชา ที่ถือ Border Pass อยู่ไทย,cleaned_title,กองกำลังบูรพา ออกหนังสือยกเลิกผ่อนผันแรงงานกัมพูชา ที่ถือ Border Pass อยู่ไทย,https://www.antifakenewscenter.com/?p=73703,other,True,False,other,f8ee161db3a55f70777e,28,keyword_seed,1.0000003576278687,3625,,,pending,resident_refugee_status,"assistant read claim/title, not full-source verification",กองกำลังบูรพา ออกหนังสือยกเลิกผ่อนผันแรงงานกัมพูชา ที่ถือ Border Pass อยู่ไทย,,,pending,1,
27614,cofact,2025-07-04,2025,false,human,จีนออกโรงห้ามกัมพูชาใช้อาวุธของจีนโจมตีไทย,human,ผู้ใช้ X นำความเห็นของนักวิเคราะห์มาสร้างเนื้อหาเท็จเกี่ยวกับท่าทีของจีนต่อความขัดแย้งไทย-กัมพูชา,https://blog.cofact.org/th/fact-check-thai-cambodia-04072025/,other,False,False,other,f45888b2dd45330b9468,6,semantic_neighbor,0.9306748509407043,3233,,,pending,out_of_scope,"assistant read claim/title, not full-source verification",ผู้ใช้ X นำความเห็นของนักวิเคราะห์มาสร้างเนื้อหาเท็จเกี่ยวกับท่าทีของจีนต่อความขัดแย้งไทย-กัมพูชา,,,pending,1,
3587,afnc,2025-07-05,2025,misleading,source,กัมพูชา สั่งห้ามนำเข้าสินค้าไทยผ่านทางทะเล,cleaned_title,กัมพูชา สั่งห้ามนำเข้าสินค้าไทยผ่านทางทะเล,https://www.antifakenewscenter.com/?p=73854,other,False,False,other,654ed43f1f40ebdbed9a,28,semantic_neighbor,0.9474763870239258,3233,,,pending,out_of_scope,"assistant read claim/title, not full-source verification",กัมพูชา สั่งห้ามนำเข้าสินค้าไทยผ่านทางทะเล,,,pending,1,
3552,afnc,2025-07-09,2025,false,source,กัมพูชาสั่งห้ามไทย ส่งยาให้ผู้ป่วยผ่านด่านช่องจอม,cleaned_title,กัมพูชาสั่งห้ามไทย ส่งยาให้ผู้ป่วยผ่านด่านช่องจอม,https://www.antifakenewscenter.com/?p=74013,other,False,False,other,a1083fbbc1d3ebf54c0a,28,semantic_neighbor,0.9405020475387573,3045,,,pending,out_of_scope,"assistant read claim/title, not full-source verification",กัมพูชาสั่งห้ามไทย ส่งยาให้ผู้ป่วยผ่านด่านช่องจอม,,,pending,1,
3548,afnc,2025-07-09,2025,false,source,คนต่างด้าวทำบัตรประชาชนคนไทยได้แล้ว,cleaned_title,คนต่างด้าวทำบัตรประชาชนคนไทยได้แล้ว,https://www.antifakenewscenter.com/?p=74026,T06,True,False,rights,1f3adb6b3a30c4d3fd0a,49,keyword_seed,0.9999997615814209,3548,,,pending,resident_refugee_status,"assistant read claim/title, not full-source verification",คนต่างด้าวทำบัตรประชาชนคนไทยได้แล้ว,,,pending,1,
3536,afnc,2025-07-10,2025,false,source,เจ้าหน้าที่สำนักงานตรวจคนเข้าเมือง เป็นเพื่อนกับเจ้าของร้านอาหารชาวจีน,llm,เผยคลิปลับ เจ้าหน้าที่สำนักงานตรวจคนเข้าเมือง เป็นเพื่อนกับเจ้าของร้านอาหารชาวจีน,https://www.antifakenewscenter.com/?p=74071,T01,True,False,other,e6662a58e1c30fb1b684,-1,keyword_seed,1.0000005960464478,3536,,,pending,unclear,"assistant read claim/title, not full-source verification",เผยคลิปลับ เจ้าหน้าที่สำนักงานตรวจคนเข้าเมือง เป็นเพื่อนกับเจ้าของร้านอาหารชาวจีน,,,pending,1,
3528,afnc,2025-07-11,2025,false,source,กัมพูชายื่น UNESCO ขอชุดไทยแลกเปลี่ยนเพื่อจบปัญหาชายแดน,cleaned_title,กัมพูชายื่น UNESCO ขอชุดไทยแลกเปลี่ยนเพื่อจบปัญหาชายแดน,https://www.antifakenewscenter.com/?p=74098,other,False,True,other,2b04db2669d5a5f4311a,52,semantic_neighbor,0.933440089225769,7946,,,pending,out_of_scope,"assistant read claim/title, not full-source verification",กัมพูชายื่น UNESCO ขอชุดไทยแลกเปลี่ยนเพื่อจบปัญหาชายแดน,,,pending,1,
17214,afp,2025-07-14,2025,false,source,ภาพมาครงนำสนธิสัญญาให้ไทยกรณีพิพาทชายแดนกับกัมพูชา,source,โพสต์เท็จอ้างว่าประธานาธิบดีฝรั่งเศสเข้าข้างไทยในข้อพิพาทชายแดนกับกัมพูชา,https://factcheckthailand.afp.com/doc.afp.com.66GJ99E,other,False,True,other,27cb10ad014359313ebe,63,semantic_neighbor,0.9300522804260254,16922,,,pending,out_of_scope,"assistant read claim/title, not full-source verification",โพสต์เท็จอ้างว่าประธานาธิบดีฝรั่งเศสเข้าข้างไทยในข้อพิพาทชายแดนกับกัมพูชา,,,pending,1,
16922,afp,2025-07-14,2025,false,source,คลิปชาวกัมพูชาประท้วงหลังไทยปิดด่าน,source,คลิปแฟนบอลอินโดนีเซียก่อจลาจลถูกแชร์ในโพสต์เท็จเกี่ยวกับความขัดแย้งไทย-กัมพูชา,https://factcheckthailand.afp.com/doc.afp.com.669B9ZQ,T06,False,False,other,9d4d0ac2aac9ac60084f,63,keyword_seed,0.9999997615814209,16922,,,pending,out_of_scope,"assistant read claim/title, not full-source verification",คลิปแฟนบอลอินโดนีเซียก่อจลาจลถูกแชร์ในโพสต์เท็จเกี่ยวกับความขัดแย้งไทย-กัมพูชา,,,pending,1,
3466,afnc,2025-07-18,2025,false,source,ทำใบขับขี่ถูกกฎหมาย ได้ทั้งรถยนต์-มอเตอร์ไซค์ ติดต่อเพจเฟซบุ๊กธิติรัตน์ รับทำใบขับขี่ออนไลน์,cleaned_title,ทำใบขับขี่ถูกกฎหมาย ได้ทั้งรถยนต์-มอเตอร์ไซค์ ติดต่อเพจเฟซบุ๊กธิติรัตน์ รับทำใบขับขี่ออนไลน์,https://www.antifakenewscenter.com/?p=74372,other,False,False,other,b4c7c274a9f02533812f,2,semantic_neighbor,0.9335217475891113,2232,,,pending,out_of_scope,"assistant read claim/title, not full-source verification",ทำใบขับขี่ถูกกฎหมาย ได้ทั้งรถยนต์-มอเตอร์ไซค์ ติดต่อเพจเฟซบุ๊กธิติรัตน์ รับทำใบขับขี่ออนไลน์,,,pending,1,
3456,afnc,2025-07-19,2025,false,source,ไทยลักลอบส่งออกนมสดไปกัมพูชา,cleaned_title,ไทยลักลอบส่งออกนมสดไปกัมพูชา,https://www.antifakenewscenter.com/?p=74441,other,False,False,security,cddea6506304ca17414d,-1,semantic_neighbor,0.9393595457077026,3233,,,pending,out_of_scope,"assistant read claim/title, not full-source verification",ไทยลักลอบส่งออกนมสดไปกัมพูชา,,,pending,1,
26997,thaipbs,2025-07-24,2025,false,source,โพสต์อ้างกัมพูชายิงเครื่องบิน F-16 ไทยตกสภาพยับเยิน กองทัพอากาศไทยยืนยันแล้ว ไม่เป็นความจริง,cleaned_title,ตรวจสอบแล้ว: โพสต์อ้างกัมพูชายิงเครื่องบิน F-16 ไทยตกสภาพยับเยิน กองทัพอากาศไทยยืนยันแล้ว ไม่เป็นความจริง,https://www.thaipbs.or.th/verify/content/4508,other,False,False,other,63c8ba17442427236828,6,semantic_neighbor,0.9317689538002014,26880,,,pending,out_of_scope,"assistant read claim/title, not full-source verification",ตรวจสอบแล้ว: โพสต์อ้างกัมพูชายิงเครื่องบิน F-16 ไทยตกสภาพยับเยิน กองทัพอากาศไทยยืนยันแล้ว ไม่เป็นความจริง,,,pending,1,
26998,thaipbs,2025-07-24,2025,false,source,สื่อกัมพูชาอ้าง 'ทหารไทยต่อรองขอยอมจำนน',llm,ตรวจสอบแล้ว: สื่อกัมพูชาอ้าง “ทหารไทยต่อรองขอยอมจำนน” ทบ.ยัน “ข่าวปลอม”,https://www.thaipbs.or.th/verify/content/4495,other,False,False,other,301afc7341c57ac28b2c,6,semantic_neighbor,0.9340410828590393,26872,,,pending,out_of_scope,"assistant read claim/title, not full-source verification",ตรวจสอบแล้ว: สื่อกัมพูชาอ้าง “ทหารไทยต่อรองขอยอมจำนน” ทบ.ยัน “ข่าวปลอม”,,,pending,1,
27728,cofact,2025-07-24,2025,false,human,ทหารกัมพูชาไล่ยิงนักศึกษาใน จ.สุรินทร์,llm,วิทยาลัยการอาชีพสังขะ จ.สุรินทร์ ยืนยันไม่มีเหตุการณ์ “เขมรไล่ยิงนักศึกษา”,https://blog.cofact.org/th/fact-check-thai-cambodia-24072025-3/,T10,False,True,other,01947b560cdc510ee5ec,6,semantic_neighbor,0.9338483810424805,26867,,,pending,out_of_scope,"assistant read claim/title, not full-source verification",วิทยาลัยการอาชีพสังขะ จ.สุรินทร์ ยืนยันไม่มีเหตุการณ์ “เขมรไล่ยิงนักศึกษา”,,,pending,1,
3395,afnc,2025-07-25,2025,false,source,กองทัพกัมพูชา ยิงเครื่องบินรบไทยตกสําเร็จ,cleaned_title,กองทัพกัมพูชา ยิงเครื่องบินรบไทยตกสําเร็จ,https://www.antifakenewscenter.com/?p=74704,other,False,True,other,a0ba93d7ced79c446cd6,6,semantic_neighbor,0.9298367500305176,26880,,,pending,out_of_scope,"assistant read claim/title, not full-source verification",กองทัพกัมพูชา ยิงเครื่องบินรบไทยตกสําเร็จ,,,pending,1,
3358,afnc,2025-07-28,2025,false,source,ทหารไทยใช้เครื่องบินปล่อยสารพิษ สังหารพลเมืองกัมพูชา,cleaned_title,ทหารไทยใช้เครื่องบินปล่อยสารพิษ สังหารพลเมืองกัมพูชา,https://www.antifakenewscenter.com/?p=74869,other,False,False,other,508ff747acb2f2df9871,6,semantic_neighbor,0.9295006990432739,26880,,,pending,out_of_scope,"assistant read claim/title, not full-source verification",ทหารไทยใช้เครื่องบินปล่อยสารพิษ สังหารพลเมืองกัมพูชา,,,pending,1,
3338,afnc,2025-07-29,2025,false,source,ทหารไทยทำร้ายและตัดหัวทหารกัมพูชา,cleaned_title,ทหารไทยทำร้ายและตัดหัวทหารกัมพูชา,https://www.antifakenewscenter.com/?p=74960,T10,False,True,security,edb311811c963bb6291c,6,semantic_neighbor,0.9343824982643127,7946,,,pending,out_of_scope,"assistant read claim/title, not full-source verification",ทหารไทยทำร้ายและตัดหัวทหารกัมพูชา,,,pending,1,
26985,thaipbs,2025-07-31,2025,false,source,เพจอ้าง “บิ๊กเล็ก” ใช้คำแรง ปัดความช่วยเหลือกัมพูชาด้านการแพทย์ในไทย กลาโหมยืนยันไม่เป็นความจริง,cleaned_title,เพจอ้าง “บิ๊กเล็ก” ใช้คำแรง ปัดความช่วยเหลือกัมพูชาด้านการแพทย์ในไทย กลาโหมยืนยันไม่เป็นความจริง,https://www.thaipbs.or.th/verify/content/4674,other,False,False,other,bc99a89fbb8fdc6d1842,63,semantic_neighbor,0.9298072457313538,26872,,,pending,crossborder_people_services,"assistant read claim/title, not full-source verification",เพจอ้าง “บิ๊กเล็ก” ใช้คำแรง ปัดความช่วยเหลือกัมพูชาด้านการแพทย์ในไทย กลาโหมยืนยันไม่เป็นความจริง,,,pending,1,
3323,afnc,2025-07-31,2025,false,source,กองทัพไทยโจมตีพื้นที่พลเรือนของกัมพูชา,cleaned_title,กองทัพไทยโจมตีพื้นที่พลเรือนของกัมพูชา,https://www.antifakenewscenter.com/?p=75019,T10,False,False,other,3075d1af44db8eef5623,6,semantic_neighbor,0.9336493015289307,1794,,,pending,out_of_scope,"assistant read claim/title, not full-source verification",กองทัพไทยโจมตีพื้นที่พลเรือนของกัมพูชา,,,pending,1,
3320,afnc,2025-07-31,2025,false,source,ไทยเสียปราสาทตาควายให้ทหารกัมพูชา,cleaned_title,ไทยเสียปราสาทตาควายให้ทหารกัมพูชา,https://www.antifakenewscenter.com/?p=75027,T10,False,True,other,16d0b2a7c833bc10c589,6,semantic_neighbor,0.9327945113182068,7946,,,pending,out_of_scope,"assistant read claim/title, not full-source verification",ไทยเสียปราสาทตาควายให้ทหารกัมพูชา,,,pending,1,
28031,cofact,2025-08-04,2025,false,human,กองทัพกัมพูชา ยิงเครื่องบินรบไทยตกสำเร็จ,llm,มองการทำงานตรวจสอบข่าวลวงของหลายองค์กร ในสถานการณ์สู้รบไทย-กัมพูชา,https://blog.cofact.org/th/report68-68/,other,False,True,other,3e02434a5e26db32e9f6,6,semantic_neighbor,0.9298368692398071,26880,,,pending,out_of_scope,"assistant read claim/title, not full-source verification",มองการทำงานตรวจสอบข่าวลวงของหลายองค์กร ในสถานการณ์สู้รบไทย-กัมพูชา,,,pending,1,
3252,afnc,2025-08-06,2025,false,source,กรมการขนส่งทางบก เปิดรับทำใบขับขี่ออนไลน์ผ่านเพจ พัชรา,cleaned_title,กรมการขนส่งทางบก เปิดรับทำใบขับขี่ออนไลน์ผ่านเพจ พัชรา,https://www.antifakenewscenter.com/?p=75317,other,False,False,other,8acc91b033f5d6b26426,2,semantic_neighbor,0.930352509021759,10046,,,pending,out_of_scope,"assistant read claim/title, not full-source verification",กรมการขนส่งทางบก เปิดรับทำใบขับขี่ออนไลน์ผ่านเพจ พัชรา,,,pending,1,
16877,afp,2025-08-07,2025,false,source,ชาวกัมพูชาเรียกร้องให้ฮุนเซนออกตามหาทหารแนวหน้าที่ติดต่อไม่ได้,source,ภาพผู้ประท้วงชาวกัมพูชาถูกแชร์อย่างผิด ๆ ว่าเกี่ยวข้องกับความขัดแย้งระหว่างไทย-กัมพูชา,https://factcheckthailand.afp.com/doc.afp.com.68XL8KJ,T06,False,False,other,5ee6a4166f04485f34b2,-1,keyword_seed,1.0000003576278687,16877,,,pending,out_of_scope,"assistant read claim/title, not full-source verification",ภาพผู้ประท้วงชาวกัมพูชาถูกแชร์อย่างผิด ๆ ว่าเกี่ยวข้องกับความขัดแย้งระหว่างไทย-กัมพูชา,,,pending,1,
27891,cofact,2025-08-07,2025,false,human,โรงพยาบาลในจังหวัดสุรินทร์ไม่รับรักษาคนกัมพูชา,llm,รายงานการตรวจสอบข้อเท็จจริง “คลิปปลดป้ายภาษาเขมร” ที่ห้องคลอด รพ.สุรินทร์,https://blog.cofact.org/th/factcheck-surin-hospital-07082025/,other,False,False,health,e2f7822fc0ffb7c49044,-1,keyword_seed,1.0000003576278687,27891,,,pending,crossborder_people_services,"assistant read claim/title, not full-source verification",รายงานการตรวจสอบข้อเท็จจริง “คลิปปลดป้ายภาษาเขมร” ที่ห้องคลอด รพ.สุรินทร์,,,pending,1,
3235,afnc,2025-08-08,2025,false,source,รับทำใบขับขี่ด่วน ทันใจ ถูกต้องตามกฎหมาย ผ่านเพจ ใบขับขี่ปลอดภัยby DLT,cleaned_title,รับทำใบขับขี่ด่วน ทันใจ ถูกต้องตามกฎหมาย ผ่านเพจ ใบขับขี่ปลอดภัยby DLT,https://www.antifakenewscenter.com/?p=75415,other,False,False,other,358baef9bab1d925dce7,2,semantic_neighbor,0.9488659501075745,2232,,,pending,out_of_scope,"assistant read claim/title, not full-source verification",รับทำใบขับขี่ด่วน ทันใจ ถูกต้องตามกฎหมาย ผ่านเพจ ใบขับขี่ปลอดภัยby DLT,,,pending,1,
3233,afnc,2025-08-08,2025,misleading,source,สั่งจับแรงงานกัมพูชาส่งกลับประเทศ ไม่ให้ประกอบอาชีพในไทย,cleaned_title,สั่งจับแรงงานกัมพูชาส่งกลับประเทศ ไม่ให้ประกอบอาชีพในไทย,https://www.antifakenewscenter.com/?p=75450,other,True,False,jobs;security,113678049187e409201a,28,keyword_seed,0.9999999403953552,3233,,,pending,resident_refugee_status,"assistant read claim/title, not full-source verification",สั่งจับแรงงานกัมพูชาส่งกลับประเทศ ไม่ให้ประกอบอาชีพในไทย,,,pending,1,
3206,afnc,2025-08-11,2025,false,source,ไทยควบคุมตัวทหารกัมพูชา 18 นาย ผิดกฎหมายมนุษยธรรมระหว่างประเทศ,cleaned_title,ไทยควบคุมตัวทหารกัมพูชา 18 นาย ผิดกฎหมายมนุษยธรรมระหว่างประเทศ,https://www.antifakenewscenter.com/?p=75581,T10,False,True,other,be4439b7797b83ed453c,6,semantic_neighbor,0.9327213168144226,1543,,,pending,out_of_scope,"assistant read claim/title, not full-source verification",ไทยควบคุมตัวทหารกัมพูชา 18 นาย ผิดกฎหมายมนุษยธรรมระหว่างประเทศ,,,pending,1,
3185,afnc,2025-08-13,2025,false,source,สถานการณ์ชายแดนไทย-กัมพูชา กลับมาตึงเครียดอีกครั้ง ขอให้อพยพออกจากพื้นที่,cleaned_title,สถานการณ์ชายแดนไทย-กัมพูชา กลับมาตึงเครียดอีกครั้ง ขอให้อพยพออกจากพื้นที่,https://www.antifakenewscenter.com/?p=75673,T10,False,True,other,b4c7c0d05ca0c0cb3b65,-1,semantic_neighbor,0.9335134625434875,16922,,,pending,out_of_scope,"assistant read claim/title, not full-source verification",สถานการณ์ชายแดนไทย-กัมพูชา กลับมาตึงเครียดอีกครั้ง ขอให้อพยพออกจากพื้นที่,,,pending,1,
3176,afnc,2025-08-14,2025,misleading,source,แรงงานกัมพูชาในไทยแห่กลับบ้านกว่า 8 แสนคน,cleaned_title,แรงงานกัมพูชาในไทยแห่กลับบ้านกว่า 8 แสนคน ,https://www.antifakenewscenter.com/?p=75714,other,True,False,other,c0c9663aaaba86ac6e79,28,keyword_seed,1.000000238418579,3176,,,pending,resident_refugee_status,"assistant read claim/title, not full-source verification",แรงงานกัมพูชาในไทยแห่กลับบ้านกว่า 8 แสนคน ,,,pending,1,
3174,afnc,2025-08-14,2025,false,source,สั่งอพยพประชาชนบ้านด่าน จ.สุรินทร์ ออกจากพื้นที่เสี่ยงชายแดนไทย-กัมพูชา,cleaned_title,สั่งอพยพประชาชนบ้านด่าน จ.สุรินทร์ ออกจากพื้นที่เสี่ยงชายแดนไทย-กัมพูชา,https://www.antifakenewscenter.com/?p=75718,T10,False,True,other,10763f663dedfe0ce38d,-1,semantic_neighbor,0.9341633319854736,3233,,,pending,out_of_scope,"assistant read claim/title, not full-source verification",สั่งอพยพประชาชนบ้านด่าน จ.สุรินทร์ ออกจากพื้นที่เสี่ยงชายแดนไทย-กัมพูชา,,,pending,1,
3171,afnc,2025-08-14,2025,false,source,รัฐบาลเตรียมยุบ ศบ.ทก. เพื่อแสดงความจริงใจต่อกัมพูชา,cleaned_title,รัฐบาลเตรียมยุบ ศบ.ทก. เพื่อแสดงความจริงใจต่อกัมพูชา,https://www.antifakenewscenter.com/?p=75744,other,False,False,other,c9c4b2ebd042da45001a,6,semantic_neighbor,0.9296087622642517,17033,,,pending,out_of_scope,"assistant read claim/title, not full-source verification",รัฐบาลเตรียมยุบ ศบ.ทก. เพื่อแสดงความจริงใจต่อกัมพูชา,,,pending,1,
3164,afnc,2025-08-15,2025,false,source,รับทำใบขับขี่ออนไลน์ ถูกต้องตามกฎหมาย ติดต่อได้ที่เพจ จุฬาลักษณ์,cleaned_title,รับทำใบขับขี่ออนไลน์ ถูกต้องตามกฎหมาย ติดต่อได้ที่เพจ จุฬาลักษณ์,https://www.antifakenewscenter.com/?p=75732,other,False,False,other,109c0df63cc96d74b810,2,semantic_neighbor,0.9334145784378052,2232,,,pending,out_of_scope,"assistant read claim/title, not full-source verification",รับทำใบขับขี่ออนไลน์ ถูกต้องตามกฎหมาย ติดต่อได้ที่เพจ จุฬาลักษณ์,,,pending,1,
3160,afnc,2025-08-15,2025,false,source,ทหารกัมพูชารื้อถอนลวดหนามในเขตแดนไทย,cleaned_title,ทหารกัมพูชารื้อถอนลวดหนามในเขตแดนไทย,https://www.antifakenewscenter.com/?p=75780,T10,False,True,other,075c91d4ac7024df03d9,6,semantic_neighbor,0.93387371301651,7946,,,pending,out_of_scope,"assistant read claim/title, not full-source verification",ทหารกัมพูชารื้อถอนลวดหนามในเขตแดนไทย,,,pending,1,
28124,cofact,2025-08-15,2025,misleading,human,กฎหมาย พ.ร.บ. ชาติพันธุ์อาจมีแอบแฝงแจกที่ทำกินให้ครอบครัวละ 20 ไร่ สุดท้ายแล้วคนไทยแท้ไม่มีที่ทำกิน แต่กลุ่มต่างด้าวที่แฝงเป็นชาติติพันธุ์อาจได้ที่ทำกิน,llm,แกนนำกลุ่ม “ไทยไม่ทน” โพสต์บิดเบือน พ.ร.บ. ชาติพันธุ์ อ้างเปิดช่องแจกที่ดินให้คนต่างด้าว 20 ไร่,https://blog.cofact.org/th/ethnic-protection-bill/,T06,True,False,other,b3caa9baf25f1aff5a86,49,keyword_seed,0.9999995231628418,28124,,,pending,resident_refugee_status,"assistant read claim/title, not full-source verification",แกนนำกลุ่ม “ไทยไม่ทน” โพสต์บิดเบือน พ.ร.บ. ชาติพันธุ์ อ้างเปิดช่องแจกที่ดินให้คนต่างด้าว 20 ไร่,,,pending,1,
17193,afp,2025-08-15,2025,false,source,ชาวกัมพูชาวางเพลิงตึกคอลเซ็นเตอร์ที่มีคนไทยอยู่จำนวนมาก,source,คลิปไฟไหม้กาสิโนในปี 2565 ถูกแชร์ว่าเป็นคลิปชาวกัมพูชา 'วางเพลิงตึกคอลเซ็นเตอร์',https://factcheckthailand.afp.com/doc.afp.com.68NJ6ZQ,T03;T06,False,False,other,e00c1d8da5aedab11715,-1,keyword_seed,0.9999999403953552,17193,,,pending,out_of_scope,"assistant read claim/title, not full-source verification",คลิปไฟไหม้กาสิโนในปี 2565 ถูกแชร์ว่าเป็นคลิปชาวกัมพูชา 'วางเพลิงตึกคอลเซ็นเตอร์',,,pending,1,
3128,afnc,2025-08-18,2025,false,source,กัมพูชาใช้รถตักดินรื้อถอนหลักเขตแดนไทย,cleaned_title,กัมพูชาใช้รถตักดินรื้อถอนหลักเขตแดนไทย ,https://www.antifakenewscenter.com/?p=75922,other,False,False,other,b8f91a272ecf973137d3,6,semantic_neighbor,0.9358323216438293,7946,,,pending,out_of_scope,"assistant read claim/title, not full-source verification",กัมพูชาใช้รถตักดินรื้อถอนหลักเขตแดนไทย ,,,pending,1,
17235,afp,2025-08-19,2025,false,source,การประท้วงเกี่ยวกับชายแดนไทยกัมพูชา,source,คลิปชาวอินโดนีเซียประท้วงถูกแชร์อย่างผิด ๆ ว่าเกี่ยวข้องกับความขัดแย้งไทย-กัมพูชา,https://factcheckthailand.afp.com/doc.afp.com.69T33TB,T10,False,True,other,d38ac87e1d45b80f6986,-1,semantic_neighbor,0.9474241137504578,16922,,,pending,out_of_scope,"assistant read claim/title, not full-source verification",คลิปชาวอินโดนีเซียประท้วงถูกแชร์อย่างผิด ๆ ว่าเกี่ยวข้องกับความขัดแย้งไทย-กัมพูชา,,,pending,1,
3102,afnc,2025-08-21,2025,false,source,แม่ทัพภาค 2 สั่งรื้อบ้านเรือนชาวกัมพูชา 80 หลังคาเรือน ที่ช่องอานม้า,cleaned_title,แม่ทัพภาค 2 สั่งรื้อบ้านเรือนชาวกัมพูชา 80 หลังคาเรือน ที่ช่องอานม้า,https://www.antifakenewscenter.com/?p=76020,T06,False,False,other,a201ca9fa364e01d1041,6,keyword_seed,0.9999991059303284,3102,,,pending,unclear,"assistant read claim/title, not full-source verification",แม่ทัพภาค 2 สั่งรื้อบ้านเรือนชาวกัมพูชา 80 หลังคาเรือน ที่ช่องอานม้า,,,pending,1,
17033,afp,2025-08-22,2025,false,source,ชาวกัมพูชาประท้วงขับไล่รัฐบาลจากการก่อสงครามและปกปิดความจริงเรื่องศพทหาร,source,คลิป 'ขบวนสามัคคี' ถูกแชร์ในโพสต์เท็จว่าเป็นการชุมนุมต่อต้านรัฐบาลในกัมพูชา,https://factcheckthailand.afp.com/doc.afp.com.723R268,T06,False,False,security,4df122ebda1b0f9b7d1f,-1,keyword_seed,0.9999998211860657,17033,,,pending,out_of_scope,"assistant read claim/title, not full-source verification",คลิป 'ขบวนสามัคคี' ถูกแชร์ในโพสต์เท็จว่าเป็นการชุมนุมต่อต้านรัฐบาลในกัมพูชา,,,pending,1,
3045,afnc,2025-08-27,2025,false,source,ตม. ไทย เปิดด่านให้ชาวกัมพูชาเข้ามาใช้บริการโรงพยาบาลได้ตามปกติแล้ว,cleaned_title,ตม. ไทย เปิดด่านให้ชาวกัมพูชาเข้ามาใช้บริการโรงพยาบาลได้ตามปกติแล้ว,https://www.antifakenewscenter.com/?p=76322,T06,False,False,health,607b13caf585fbdb4ecb,28,keyword_seed,0.9999998807907104,3045,,,pending,crossborder_people_services,"assistant read claim/title, not full-source verification",ตม. ไทย เปิดด่านให้ชาวกัมพูชาเข้ามาใช้บริการโรงพยาบาลได้ตามปกติแล้ว,,,pending,1,
3044,afnc,2025-08-27,2025,misleading,source,ชาวกัมพูชาบ้านหนองจานที่อาศัยในไทยมานาน สามารถยื่นขอสัญชาติไทยได้,cleaned_title,ชาวกัมพูชาบ้านหนองจานที่อาศัยในไทยมานาน สามารถยื่นขอสัญชาติไทยได้,https://www.antifakenewscenter.com/?p=76326,T06,True,False,rights,21a35618335135d5fdc2,6,keyword_seed,1.0000003576278687,3044,,,pending,resident_refugee_status,"assistant read claim/title, not full-source verification",ชาวกัมพูชาบ้านหนองจานที่อาศัยในไทยมานาน สามารถยื่นขอสัญชาติไทยได้,,,pending,1,
3034,afnc,2025-08-28,2025,false,source,แม่ทัพภาค 1 และฝ่ายความมั่นคง เสนอมอบสัญชาติไทยให้ชาวกัมพูชา บ้านหนองจาน,cleaned_title,แม่ทัพภาค 1 และฝ่ายความมั่นคง เสนอมอบสัญชาติไทยให้ชาวกัมพูชา บ้านหนองจาน,https://www.antifakenewscenter.com/?p=76384,T06,True,False,rights,e2bb53842836428b46fc,6,keyword_seed,1.0,3034,,,pending,resident_refugee_status,"assistant read claim/title, not full-source verification",แม่ทัพภาค 1 และฝ่ายความมั่นคง เสนอมอบสัญชาติไทยให้ชาวกัมพูชา บ้านหนองจาน,,,pending,1,
26964,thaipbs,2025-08-29,2025,false,source,แม่ทัพภาคที่ 1 เสนอมอบสัญชาติไทยให้ชาวกัมพูชา พื้นที่บ้านหนองจาน ต.โนนหมากมุ่น อ.โคกสูง จ.สระแก้ว,llm,ตรวจสอบแล้ว : โพสต์อ้างแม่ทัพภาคที่ 1 เสนอมอบสัญชาติไทยให้ชาวกัมพูชา กองทัพภาคที่ 1 ยืนยันเป็นข้อมูลเท็จ,https://www.thaipbs.or.th/verify/content/5129,T06,True,False,rights,1372bb3ac315df865827,6,keyword_seed,1.000000238418579,26964,,,pending,resident_refugee_status,"assistant read claim/title, not full-source verification",ตรวจสอบแล้ว : โพสต์อ้างแม่ทัพภาคที่ 1 เสนอมอบสัญชาติไทยให้ชาวกัมพูชา กองทัพภาคที่ 1 ยืนยันเป็นข้อมูลเท็จ,,,pending,1,
17027,afp,2025-09-09,2025,false,source,วิดีโอพายุถล่มประเทศกัมพูชา,source,ผู้ใช้งานสื่อสังคมออนไลน์ในไทยล้อเลียนกัมพูชาด้วยการแชร์คลิปพายุจากเวียดนามพร้อมคำกล่าวอ้างเท็จ,https://factcheckthailand.afp.com/doc.afp.com.73UC6CQ,T08,False,False,other,0162c2371954269ac56a,-1,semantic_neighbor,0.9309300780296326,16772,,,pending,out_of_scope,"assistant read claim/title, not full-source verification",ผู้ใช้งานสื่อสังคมออนไลน์ในไทยล้อเลียนกัมพูชาด้วยการแชร์คลิปพายุจากเวียดนามพร้อมคำกล่าวอ้างเท็จ,,,pending,1,
2820,afnc,2025-09-20,2025,false,source,กรมการขนส่งทางบก รับทำใบขับขี่เร่งด่วน ถูกกฎหมาย ผ่านเพจ Thai driving license service,cleaned_title,กรมการขนส่งทางบก รับทำใบขับขี่เร่งด่วน ถูกกฎหมาย ผ่านเพจ Thai driving license service,https://www.antifakenewscenter.com/?p=77270,other,False,False,other,44b4909f420e0f38a0a2,2,semantic_neighbor,0.9472041130065918,2232,,,pending,out_of_scope,"assistant read claim/title, not full-source verification",กรมการขนส่งทางบก รับทำใบขับขี่เร่งด่วน ถูกกฎหมาย ผ่านเพจ Thai driving license service,,,pending,1,
27715,cofact,2025-09-23,2025,false,human,ชาวกัมพูชาใช้ “เนปาลโมเดล” ประท้วงขับไล่รัฐบาล,llm,คลิปชาวกัมพูชาเดินขบวนเรียกร้องสันติภาพ ถูกนำมาอ้างเท็จว่าเป็นการประท้วงขับไล่รัฐบาลฮุน มาเนต,https://blog.cofact.org/th/fact-check-thai-cambodia-23092025/,T06,False,False,security,c0b8aaff2cbdce2a3721,-1,keyword_seed,0.9999995827674866,27715,,,pending,out_of_scope,"assistant read claim/title, not full-source verification",คลิปชาวกัมพูชาเดินขบวนเรียกร้องสันติภาพ ถูกนำมาอ้างเท็จว่าเป็นการประท้วงขับไล่รัฐบาลฮุน มาเนต,,,pending,1,
2773,afnc,2025-09-25,2025,false,source,กรมการขนส่งทางบก รับทำใบขับขี่รถทุกชนิดถูกกฎหมาย ผ่านเพจ ธันยนันท์,cleaned_title,กรมการขนส่งทางบก รับทำใบขับขี่รถทุกชนิดถูกกฎหมาย ผ่านเพจ ธันยนันท์,https://www.antifakenewscenter.com/?p=77384,other,False,False,other,90cf14e20cdbc82ec180,2,semantic_neighbor,0.9401397109031677,2232,,,pending,out_of_scope,"assistant read claim/title, not full-source verification",กรมการขนส่งทางบก รับทำใบขับขี่รถทุกชนิดถูกกฎหมาย ผ่านเพจ ธันยนันท์,,,pending,1,
2765,afnc,2025-09-26,2025,false,source,กัมพูชาจะตัดความช่วยเหลือไทยอย่างเด็ดขาด หากยังไม่เปิดด่าน,cleaned_title,กัมพูชาจะตัดความช่วยเหลือไทยอย่างเด็ดขาด หากยังไม่เปิดด่าน ,https://www.antifakenewscenter.com/?p=77509,other,False,False,other,c39aa137cdfb4066984d,28,semantic_neighbor,0.9375729560852051,7946,,,pending,out_of_scope,"assistant read claim/title, not full-source verification",กัมพูชาจะตัดความช่วยเหลือไทยอย่างเด็ดขาด หากยังไม่เปิดด่าน ,,,pending,1,
16837,afp,2025-09-30,2025,false,source,ภาพทหารกัมพูชาประชิดชายแดนไทย,source,ภาพและวิดีโอจากประเทศเมียนมาถูกแชร์ว่าเกี่ยวข้องกับความขัดแย้งระหว่างไทย-กัมพูชา,https://factcheckthailand.afp.com/doc.afp.com.777U69E,T10,False,True,other,5faf6c8dc66febed3aed,63,semantic_neighbor,0.9385006427764893,26867,,,pending,out_of_scope,"assistant read claim/title, not full-source verification",ภาพและวิดีโอจากประเทศเมียนมาถูกแชร์ว่าเกี่ยวข้องกับความขัดแย้งระหว่างไทย-กัมพูชา,,,pending,1,
27851,cofact,2025-10-03,2025,misleading,human,คลิปทหารกัมพูชาโชว์ใช้ฟันลากรถขู่ทหารไทย,human,คลิป “ทหารกัมพูชาใช้ฟันลากรถกระบะ” เป็นคลิปเก่าที่เคยเผยแพร่ตั้งแต่ปี 2563,https://blog.cofact.org/th/fact-check-thai-cambodia-03102025/,T10,False,True,other,72e62831beff0e551561,63,semantic_neighbor,0.9387867450714111,16922,,,pending,out_of_scope,"assistant read claim/title, not full-source verification",คลิป “ทหารกัมพูชาใช้ฟันลากรถกระบะ” เป็นคลิปเก่าที่เคยเผยแพร่ตั้งแต่ปี 2563,,,pending,1,
2644,afnc,2025-10-09,2025,false,source,ไทยขายใบนัดแพทย์ปลอม ให้คนกัมพูชาใช้ผ่านข้ามแดน,cleaned_title,ไทยขายใบนัดแพทย์ปลอม ให้คนกัมพูชาใช้ผ่านข้ามแดน,https://www.antifakenewscenter.com/?p=78022,other,False,False,other,5147195d0173fc970209,28,keyword_seed,0.9999998807907104,2644,,,pending,crossborder_people_services,"assistant read claim/title, not full-source verification",ไทยขายใบนัดแพทย์ปลอม ให้คนกัมพูชาใช้ผ่านข้ามแดน,,,pending,1,
2601,afnc,2025-10-14,2025,false,source,ทำใบขับขี่ออนไลน์ ถูกกฎหมาย ไม่ต้องสอบเอง ได้ที่เพจรับทำใบขับขี่ออนไลน์ ทั่วไทย,cleaned_title,ทำใบขับขี่ออนไลน์ ถูกกฎหมาย ไม่ต้องสอบเอง ได้ที่เพจรับทำใบขับขี่ออนไลน์ ทั่วไทย,https://www.antifakenewscenter.com/?p=78193,other,False,False,other,0d5fefc8edf325ae9eeb,2,semantic_neighbor,0.9365643858909607,2232,,,pending,out_of_scope,"assistant read claim/title, not full-source verification",ทำใบขับขี่ออนไลน์ ถูกกฎหมาย ไม่ต้องสอบเอง ได้ที่เพจรับทำใบขับขี่ออนไลน์ ทั่วไทย,,,pending,1,
2582,afnc,2025-10-16,2025,false,source,ชาวกัมพูชาบ้านหนองจาน ใช้ไฟฟ้าจากไทย,cleaned_title,ชาวกัมพูชาบ้านหนองจาน ใช้ไฟฟ้าจากไทย,https://www.antifakenewscenter.com/?p=78273,T06,False,False,other,7d4564a0ab695f8915c0,6,keyword_seed,1.000000238418579,2582,,,pending,crossborder_people_services,"assistant read claim/title, not full-source verification",ชาวกัมพูชาบ้านหนองจาน ใช้ไฟฟ้าจากไทย,,,pending,1,
27229,cofact,2025-10-16,2025,misleading,human,ภาพชาวเขมรประท้วงเกาหลีใต้ กรณีนักศึกษาเสียชีวิตในกัมพูชา,human,คลิปเก่าชาวเขมรประท้วงไทย ถูกนำมาอ้างเท็จว่าเป็นการชุมนุมกรณี นศ. เกาหลีใต้เสียชีวิตในกัมพูชา,https://blog.cofact.org/th/fact-check-thai-cambodia-16102025/,other,False,False,other,701a8360711f4f394f1d,63,semantic_neighbor,0.9758396744728088,17319,,,pending,out_of_scope,"assistant read claim/title, not full-source verification",คลิปเก่าชาวเขมรประท้วงไทย ถูกนำมาอ้างเท็จว่าเป็นการชุมนุมกรณี นศ. เกาหลีใต้เสียชีวิตในกัมพูชา,,,pending,1,
26928,thaipbs,2025-10-18,2025,misleading,source,ตำรวจเกาหลีใต้จับกุมผีน้อยเขมร หลังแรงงานกัมพูชาเถื่อนออกมาประท้วงเรียกร้องความยุติธรรมให้กับประเทศของเขา (กัมพูชา) ร่วมกับกลุ่มผู้ชุมนุมประมาณ 12 คน ถูกตำรวจจับในเช้าวันนี้,llm,โพสต์เฟซบุ๊กอ้าง “ตำรวจเกาหลีใต้จับกุมผีน้อยเขมร” แท้จริงสร้างจากคลิปเก่า+AI,https://www.thaipbs.or.th/verify/content/6153,other,True,False,other,a0129a314393198fb97a,-1,keyword_seed,1.0000003576278687,26928,,,pending,out_of_scope,"assistant read claim/title, not full-source verification",โพสต์เฟซบุ๊กอ้าง “ตำรวจเกาหลีใต้จับกุมผีน้อยเขมร” แท้จริงสร้างจากคลิปเก่า+AI,,,pending,1,
2566,afnc,2025-10-18,2025,false,source,เปิดให้ทำใบขับขี่ออนไลน์ ผ่านเพจ กรมการขนส่งทางบก - รับทำใบขับขี่ทุกชนิด,cleaned_title,เปิดให้ทำใบขับขี่ออนไลน์ ผ่านเพจ กรมการขนส่งทางบก - รับทำใบขับขี่ทุกชนิด,https://www.antifakenewscenter.com/?p=78352,other,False,False,other,879c0dcc76fd5d92448a,2,semantic_neighbor,0.9432104229927063,2232,,,pending,out_of_scope,"assistant read claim/title, not full-source verification",เปิดให้ทำใบขับขี่ออนไลน์ ผ่านเพจ กรมการขนส่งทางบก - รับทำใบขับขี่ทุกชนิด,,,pending,1,
2529,afnc,2025-10-22,2025,false,source,ทำใบขับขี่ออนไลน์ ไม่ต้องสอบเอง ได้ที่เพจ ทำใบขับขี่ ทุกชนิด,cleaned_title,ทำใบขับขี่ออนไลน์ ไม่ต้องสอบเอง ได้ที่เพจ ทำใบขับขี่ ทุกชนิด,https://www.antifakenewscenter.com/?p=78490,other,False,False,other,1d6cbe233da6d4b88ff0,2,semantic_neighbor,0.9324020147323608,2232,,,pending,out_of_scope,"assistant read claim/title, not full-source verification",ทำใบขับขี่ออนไลน์ ไม่ต้องสอบเอง ได้ที่เพจ ทำใบขับขี่ ทุกชนิด,,,pending,1,
17319,afp,2025-10-22,2025,false,source,คลิปชาวกัมพูชาประท้วงหลังนักศึกษาเกาหลีเสียชีวิตในกัมพูชา,source,วิดีโอประท้วงเก่าในกรุงโซลถูกแชร์อย่างผิด ๆ ว่าเกี่ยวข้องกับศูนย์สแกมเมอร์ในกัมพูชา,https://factcheckthailand.afp.com/doc.afp.com.79G68T3,T06,False,False,other,dafcf4b0af84a1a6b0d3,63,keyword_seed,0.9999998807907104,17319,,,pending,out_of_scope,"assistant read claim/title, not full-source verification",วิดีโอประท้วงเก่าในกรุงโซลถูกแชร์อย่างผิด ๆ ว่าเกี่ยวข้องกับศูนย์สแกมเมอร์ในกัมพูชา,,,pending,1,
17147,afp,2025-10-24,2025,false,source,ภาพแรงงานชาวกัมพูชาถูกจับระหว่างประท้วงในเกาหลีใต้,source,ภาพ 'ตำรวจเกาหลีใต้จับแรงงานชาวกัมพูชา' เป็นภาพที่สร้างด้วยเอไอ,https://factcheckthailand.afp.com/doc.afp.com.79LL7WE,T06,False,False,other,19da88d1b2e23fd52789,63,keyword_seed,1.000000238418579,17147,,,pending,out_of_scope,"assistant read claim/title, not full-source verification",ภาพ 'ตำรวจเกาหลีใต้จับแรงงานชาวกัมพูชา' เป็นภาพที่สร้างด้วยเอไอ,,,pending,1,
16854,afp,2025-10-24,2025,false,source,ึคลิปกองทัพเกาหลีตอบโต้กัมพูชา,source,คลิปขบวนพาเหรดวันกองทัพเกาหลีใต้ในปี 2567 ถูกแชร์ในโพสต์เท็จว่าเป็นการ 'เตรียมตอบโต้ทางทหาร' ต่อกัมพูชา,https://factcheckthailand.afp.com/doc.afp.com.79R89NQ,other,False,False,other,cb42c35f023a80e2c71e,63,semantic_neighbor,0.9437795281410217,17319,,,pending,out_of_scope,"assistant read claim/title, not full-source verification",คลิปขบวนพาเหรดวันกองทัพเกาหลีใต้ในปี 2567 ถูกแชร์ในโพสต์เท็จว่าเป็นการ 'เตรียมตอบโต้ทางทหาร' ต่อกัมพูชา,,,pending,1,
2486,afnc,2025-10-26,2025,false,source,ทำใบขับขี่ออนไลน์ ถูกกฎหมาย ไม่ต้องไปสอบเอง ผ่านเพจ ทำใบขับขี่-ต่ออายุใบขับขี่ ทุกชนิด,cleaned_title,ทำใบขับขี่ออนไลน์ ถูกกฎหมาย ไม่ต้องไปสอบเอง ผ่านเพจ ทำใบขับขี่-ต่ออายุใบขับขี่ ทุกชนิด,https://www.antifakenewscenter.com/?p=78666,other,False,False,other,387c174426dcfeed16fb,2,semantic_neighbor,0.9440294504165649,2232,,,pending,out_of_scope,"assistant read claim/title, not full-source verification",ทำใบขับขี่ออนไลน์ ถูกกฎหมาย ไม่ต้องไปสอบเอง ผ่านเพจ ทำใบขับขี่-ต่ออายุใบขับขี่ ทุกชนิด,,,pending,1,
2442,afnc,2025-10-31,2025,false,source,ทำใบขับขี่ออนไลน์ ถูกกฎหมาย ไม่ต้องสอบเอง ติดต่อเพจ ทำใบขับขี่แบบเร่งด่วน,cleaned_title,ทำใบขับขี่ออนไลน์ ถูกกฎหมาย ไม่ต้องสอบเอง ติดต่อเพจ ทำใบขับขี่แบบเร่งด่วน,https://www.antifakenewscenter.com/?p=78887,other,False,False,other,f712789e14a7106037d1,2,semantic_neighbor,0.9546303749084473,2232,,,pending,out_of_scope,"assistant read claim/title, not full-source verification",ทำใบขับขี่ออนไลน์ ถูกกฎหมาย ไม่ต้องสอบเอง ติดต่อเพจ ทำใบขับขี่แบบเร่งด่วน,,,pending,1,
16848,afp,2025-10-31,2025,false,source,คลิปการบุกทลายศูนย์สแกมเมอร์ในกัมพูชา,source,คลิปเหตุประท้วงในเคนยาถูกแชร์อย่างผิด ๆ ว่าเป็นการบุกทลายศูนย์สแกมเมอร์ในกัมพูชา,https://factcheckthailand.afp.com/doc.afp.com.82KV6CQ,other,False,False,other,4f1a49a091ce6f1b16ce,-1,semantic_neighbor,0.929755449295044,16922,,,pending,out_of_scope,"assistant read claim/title, not full-source verification",คลิปเหตุประท้วงในเคนยาถูกแชร์อย่างผิด ๆ ว่าเป็นการบุกทลายศูนย์สแกมเมอร์ในกัมพูชา,,,pending,1,
2426,afnc,2025-11-02,2025,false,source,ทำใบขับขี่ผ่านระบบออนไลน์ ไม่ต้องเสียเวลาไปทำเอง เจ้าหน้าที่ดำเนินการให้ทุกขั้นตอน,cleaned_title,ทำใบขับขี่ผ่านระบบออนไลน์ ไม่ต้องเสียเวลาไปทำเอง เจ้าหน้าที่ดำเนินการให้ทุกขั้นตอน,https://www.antifakenewscenter.com/?p=78943,other,False,False,other,857620f61ecec80f271e,2,semantic_neighbor,0.9318051338195801,2232,,,pending,out_of_scope,"assistant read claim/title, not full-source verification",ทำใบขับขี่ผ่านระบบออนไลน์ ไม่ต้องเสียเวลาไปทำเอง เจ้าหน้าที่ดำเนินการให้ทุกขั้นตอน,,,pending,1,
2415,afnc,2025-11-03,2025,false,source,กรมการขนส่งทางบก เปิดรับทำใบขับขี่ออนไลน์ ผ่านเพจ DLT License ใบขับขี่เร่งด่วน,cleaned_title,กรมการขนส่งทางบก เปิดรับทำใบขับขี่ออนไลน์ ผ่านเพจ DLT License ใบขับขี่เร่งด่วน,https://www.antifakenewscenter.com/?p=78994,other,False,False,other,cc82e24a3d1c26aa27a3,2,semantic_neighbor,0.9343491196632385,2232,,,pending,out_of_scope,"assistant read claim/title, not full-source verification",กรมการขนส่งทางบก เปิดรับทำใบขับขี่ออนไลน์ ผ่านเพจ DLT License ใบขับขี่เร่งด่วน,,,pending,1,
27940,cofact,2025-11-05,2025,misleading,human,ด่วน! แรงงานเขมร ลักลอบเข้าไทย โดยวิธีการต่างๆ ดัดแปลงกระบะ ขนต่างด้าวเข้าเมือง,llm,คลิปรถกระบะซุกชาวเมียนมาเมื่อ 3 ปีที่แล้ว ถูกนำมาอ้างเท็จว่าเป็นแรงงานเขมรลักลอบเข้าไทย,https://blog.cofact.org/th/fact-check-thai-cambodia-05112025/,T06,True,False,security,519c1411a2c0e01b9b8c,28,keyword_seed,1.0000001192092896,27940,,,pending,resident_refugee_status,"assistant read claim/title, not full-source verification",คลิปรถกระบะซุกชาวเมียนมาเมื่อ 3 ปีที่แล้ว ถูกนำมาอ้างเท็จว่าเป็นแรงงานเขมรลักลอบเข้าไทย,,,pending,1,
2368,afnc,2025-11-08,2025,misleading,source,ใช้สิทธิ์คนละครึ่งพลัส ที่แม็คโคร-โลตัส ได้แล้ว,cleaned_title,ใช้สิทธิ์คนละครึ่งพลัส ที่แม็คโคร-โลตัส ได้แล้ว,https://www.antifakenewscenter.com/?p=79206,T05,False,False,rights,b2eb79aff196ecebffc1,-1,semantic_neighbor,0.9352575540542603,1623,,,pending,out_of_scope,"assistant read claim/title, not full-source verification",ใช้สิทธิ์คนละครึ่งพลัส ที่แม็คโคร-โลตัส ได้แล้ว,,,pending,1,
2362,afnc,2025-11-09,2025,false,source,กรมการขนส่งทางบก เปิดรับทำใบขับขี่ออนไลน์ทุกชนิด ผ่านเพจ DLT Driving License ใบขับขี่ด่วน,cleaned_title,กรมการขนส่งทางบก เปิดรับทำใบขับขี่ออนไลน์ทุกชนิด ผ่านเพจ DLT Driving License ใบขับขี่ด่วน,https://www.antifakenewscenter.com/?p=79226,other,False,False,other,667f87dd28c4183ad847,2,semantic_neighbor,0.9304831027984619,2232,,,pending,out_of_scope,"assistant read claim/title, not full-source verification",กรมการขนส่งทางบก เปิดรับทำใบขับขี่ออนไลน์ทุกชนิด ผ่านเพจ DLT Driving License ใบขับขี่ด่วน,,,pending,1,
2342,afnc,2025-11-11,2025,false,source,DLT รับทำใบขับขี่ทุกประเภท ผ่านเพจ สอบใบขับขี่ เร่งด่วน ไม่ต้องลางาน,cleaned_title,DLT รับทำใบขับขี่ทุกประเภท ผ่านเพจ สอบใบขับขี่ เร่งด่วน ไม่ต้องลางาน,https://www.antifakenewscenter.com/?p=79316,other,False,False,other,3c2db9cc6b699eae2a85,2,semantic_neighbor,0.9323448538780212,2232,,,pending,out_of_scope,"assistant read claim/title, not full-source verification",DLT รับทำใบขับขี่ทุกประเภท ผ่านเพจ สอบใบขับขี่ เร่งด่วน ไม่ต้องลางาน,,,pending,1,
2305,afnc,2025-11-15,2025,false,source,กรมการขนส่งทางบก เปิดรับทำใบขับขี่แบบเร่งด่วน ผ่านเพจ รับทำใบขับขี่ - ทุกชนิด,cleaned_title,กรมการขนส่งทางบก เปิดรับทำใบขับขี่แบบเร่งด่วน ผ่านเพจ รับทำใบขับขี่ - ทุกชนิด,https://www.antifakenewscenter.com/?p=79382,other,False,False,other,7ca56ab86a869b4cd662,2,semantic_neighbor,0.9528576135635376,2232,,,pending,out_of_scope,"assistant read claim/title, not full-source verification",กรมการขนส่งทางบก เปิดรับทำใบขับขี่แบบเร่งด่วน ผ่านเพจ รับทำใบขับขี่ - ทุกชนิด,,,pending,1,
17138,afp,2025-11-17,2025,false,source,คลิปชาวกัมพูชา 2 คน ในกระบะดัดแปลงลักลอบขนต่างด้าวเข้าไทย,source,วิดีโอแรงงานเมียนมาปี 2565 ถูกแชร์ในโพสต์เท็จว่าเป็นชาวกัมพูชาลักลอบเข้าไทย,https://factcheckthailand.afp.com/doc.afp.com.8472963,T06,True,False,security,5286046c63ed0f9604cc,-1,keyword_seed,1.0000003576278687,17138,,,pending,resident_refugee_status,"assistant read claim/title, not full-source verification",วิดีโอแรงงานเมียนมาปี 2565 ถูกแชร์ในโพสต์เท็จว่าเป็นชาวกัมพูชาลักลอบเข้าไทย,,,pending,1,
2272,afnc,2025-11-19,2025,false,source,บริการทำใบขับขี่ออนไลน์แบบครบวงจร ติดต่อได้ที่เพจ รับทำใบขับขี่ออนไลน์ บัตรเสร็จแล้วค่อยจ่าย,cleaned_title,บริการทำใบขับขี่ออนไลน์แบบครบวงจร ติดต่อได้ที่เพจ รับทำใบขับขี่ออนไลน์ บัตรเสร็จแล้วค่อยจ่าย,https://www.antifakenewscenter.com/?p=79601,other,False,False,other,158bb37aa64348bd4fd1,2,semantic_neighbor,0.937406599521637,2232,,,pending,out_of_scope,"assistant read claim/title, not full-source verification",บริการทำใบขับขี่ออนไลน์แบบครบวงจร ติดต่อได้ที่เพจ รับทำใบขับขี่ออนไลน์ บัตรเสร็จแล้วค่อยจ่าย,,,pending,1,
2260,afnc,2025-11-20,2025,false,source,ต้องการทำใบขับขี่ออนไลน์แบบถูกกฎหมาย ไม่ต้องสอบเอง ติดต่อได้ที่เพจ ฉันทยา,cleaned_title,ต้องการทำใบขับขี่ออนไลน์แบบถูกกฎหมาย ไม่ต้องสอบเอง ติดต่อได้ที่เพจ ฉันทยา,https://www.antifakenewscenter.com/?p=79647,other,False,False,other,e71c0e9ee59dc9d9c120,2,semantic_neighbor,0.9316978454589844,2232,,,pending,out_of_scope,"assistant read claim/title, not full-source verification",ต้องการทำใบขับขี่ออนไลน์แบบถูกกฎหมาย ไม่ต้องสอบเอง ติดต่อได้ที่เพจ ฉันทยา,,,pending,1,
2232,afnc,2025-11-23,2025,false,source,รับทำใบขับขี่ถูกกฎหมายแบบเร่งด่วนสำหรับคนต่างด้าว ผ่านเพจ รับทำใบขับขี่แบบถูกกฏหมาย100%,cleaned_title,รับทำใบขับขี่ถูกกฎหมายแบบเร่งด่วนสำหรับคนต่างด้าว ผ่านเพจ รับทำใบขับขี่แบบถูกกฏหมาย100%,https://www.antifakenewscenter.com/?p=79780,T06,True,False,other,2f5355a8ebbf40d77a00,2,keyword_seed,0.9999998807907104,2232,,,pending,resident_refugee_status,"assistant read claim/title, not full-source verification",รับทำใบขับขี่ถูกกฎหมายแบบเร่งด่วนสำหรับคนต่างด้าว ผ่านเพจ รับทำใบขับขี่แบบถูกกฏหมาย100%,,,pending,1,
2215,afnc,2025-11-25,2025,false,source,กรมการขนส่งทางบก เปิดรับทำใบขับขี่ออนไลน์ทุกชนิด ผ่านเพจ Driving License ใบขับขี่ด่วน,cleaned_title,กรมการขนส่งทางบก เปิดรับทำใบขับขี่ออนไลน์ทุกชนิด ผ่านเพจ Driving License ใบขับขี่ด่วน,https://www.antifakenewscenter.com/?p=79846,other,False,False,other,ab04b0b77b61190c6bf9,2,semantic_neighbor,0.9353142380714417,2232,,,pending,out_of_scope,"assistant read claim/title, not full-source verification",กรมการขนส่งทางบก เปิดรับทำใบขับขี่ออนไลน์ทุกชนิด ผ่านเพจ Driving License ใบขับขี่ด่วน,,,pending,1,
2207,afnc,2025-11-26,2025,false,source,ช่องทางใหม่! ทำใบขับขี่เร่งด่วน ถูกกฎหมาย 100% ติดต่อที่ TikTok nordinfitri,cleaned_title,ช่องทางใหม่! ทำใบขับขี่เร่งด่วน ถูกกฎหมาย 100% ติดต่อที่ TikTok nordinfitri ,https://www.antifakenewscenter.com/?p=79876,other,False,False,other,3c711d4f4ab09c0a46da,2,semantic_neighbor,0.9428685307502747,2232,,,pending,out_of_scope,"assistant read claim/title, not full-source verification",ช่องทางใหม่! ทำใบขับขี่เร่งด่วน ถูกกฎหมาย 100% ติดต่อที่ TikTok nordinfitri ,,,pending,1,
2196,afnc,2025-11-27,2025,false,source,เพจ “ทำใบขับขี่ทั่วไทยส่งด่วน” เปิดรับทำใบขับขี่ออนไลน์ ถูกกฎหมาย ไม่ต้องสอบเอง,cleaned_title,เพจ “ทำใบขับขี่ทั่วไทยส่งด่วน” เปิดรับทำใบขับขี่ออนไลน์ ถูกกฎหมาย ไม่ต้องสอบเอง,https://www.antifakenewscenter.com/?p=79921,other,False,False,other,c3e3c1caceec5fec53ba,2,semantic_neighbor,0.9355615377426147,2232,,,pending,out_of_scope,"assistant read claim/title, not full-source verification",เพจ “ทำใบขับขี่ทั่วไทยส่งด่วน” เปิดรับทำใบขับขี่ออนไลน์ ถูกกฎหมาย ไม่ต้องสอบเอง,,,pending,1,
26880,thaipbs,2025-12-08,2025,false,source,ชาวกัมพูชาโพสต์ภาพเครื่องบินทิ้งระเบิดอ้างเป็นเหตุการณ์ไทยปะทะกัมพูชารอบใหม่,llm,กัมพูชาอ้างไทยเริ่มการปะทะรอบใหม่ ที่แท้ภาพจากเกม แถมเครื่องบินยุคสงครามโลกครั้งที่ 2,https://www.thaipbs.or.th/verify/content/7420,T06,False,True,other,8b148bcc01304999b219,63,keyword_seed,1.0000001192092896,26880,,,pending,out_of_scope,"assistant read claim/title, not full-source verification",กัมพูชาอ้างไทยเริ่มการปะทะรอบใหม่ ที่แท้ภาพจากเกม แถมเครื่องบินยุคสงครามโลกครั้งที่ 2,,,pending,1,
26872,thaipbs,2025-12-12,2025,misleading,source,“สื่อกัมพูชา” อ้าง “ทหารไทย” กักตัว “ชาวกัมพูชา” คาด่าน,cleaned_title,“สื่อกัมพูชา” อ้าง “ทหารไทย” กักตัว “ชาวกัมพูชา” คาด่าน แท้จริงกัมพูชากักคนไทยไว้ปอยเปต,https://www.thaipbs.or.th/verify/content/7599,T06,False,False,other,74b3669e65e8f8fe433f,-1,keyword_seed,1.0000004768371582,26872,,,pending,crossborder_people_services,"assistant read claim/title, not full-source verification",“สื่อกัมพูชา” อ้าง “ทหารไทย” กักตัว “ชาวกัมพูชา” คาด่าน แท้จริงกัมพูชากักคนไทยไว้ปอยเปต,,,pending,1,
2035,afnc,2025-12-13,2025,false,source,รัฐบาลไทยยังส่งออกน้ำมันให้กัมพูชา,cleaned_title,รัฐบาลไทยยังส่งออกน้ำมันให้กัมพูชา,https://www.antifakenewscenter.com/?p=80602,other,False,False,other,4b8dfff3e8c447339e43,-1,semantic_neighbor,0.9290416240692139,1311,,,pending,out_of_scope,"assistant read claim/title, not full-source verification",รัฐบาลไทยยังส่งออกน้ำมันให้กัมพูชา,,,pending,1,
2031,afnc,2025-12-14,2025,false,source,กรมการขนส่งทางบก เปิดรับทำใบขับขี่ออนไลน์ทุกชนิด ผ่านเพจ รับทำใบขับขี่ของแท้100%,cleaned_title,กรมการขนส่งทางบก เปิดรับทำใบขับขี่ออนไลน์ทุกชนิด ผ่านเพจ รับทำใบขับขี่ของแท้100%,https://www.antifakenewscenter.com/?p=80414,other,False,False,other,99b0ea52dc90e7b630d2,2,semantic_neighbor,0.951287567615509,2232,,,pending,out_of_scope,"assistant read claim/title, not full-source verification",กรมการขนส่งทางบก เปิดรับทำใบขับขี่ออนไลน์ทุกชนิด ผ่านเพจ รับทำใบขับขี่ของแท้100%,,,pending,1,
2009,afnc,2025-12-16,2025,false,source,สั่งปิดอ่าวไทย สกัดเส้นทางลำเลียงอาวุธที่อาจเชื่อมไปกัมพูชา,cleaned_title,สั่งปิดอ่าวไทย สกัดเส้นทางลำเลียงอาวุธที่อาจเชื่อมไปกัมพูชา,https://www.antifakenewscenter.com/?p=80716,other,False,False,other,c7873bf86492acf6e554,6,semantic_neighbor,0.937236487865448,3233,,,pending,out_of_scope,"assistant read claim/title, not full-source verification",สั่งปิดอ่าวไทย สกัดเส้นทางลำเลียงอาวุธที่อาจเชื่อมไปกัมพูชา,,,pending,1,
26867,thaipbs,2025-12-17,2025,misleading,source,ชาวกัมพูชาโพสต์ภาพร่างทหาร ชี้ให้ชาวสุรินทร์ดูไว้,cleaned_title,ชาวกัมพูชาโพสต์ภาพร่างทหาร ชี้ให้ชาวสุรินทร์ดูไว้ ตรวจสอบพบเป็นเพียงภาพทหารกะเหรี่ยงคาเรนนี ไม่เกี่ยวไทย-กัมพูชา,https://www.thaipbs.or.th/verify/content/7736,T06,False,False,other,8840158e28ed9d535658,63,keyword_seed,0.9999998211860657,26867,,,pending,out_of_scope,"assistant read claim/title, not full-source verification",ชาวกัมพูชาโพสต์ภาพร่างทหาร ชี้ให้ชาวสุรินทร์ดูไว้ ตรวจสอบพบเป็นเพียงภาพทหารกะเหรี่ยงคาเรนนี ไม่เกี่ยวไทย-กัมพูชา,,,pending,1,
1998,afnc,2025-12-17,2025,false,source,กัมพูชาจับกุมทหารไทยหนีทัพ,cleaned_title,กัมพูชาจับกุมทหารไทยหนีทัพ,https://www.antifakenewscenter.com/?p=80756,other,False,False,other,fd436bcc5bbd55b0df66,6,semantic_neighbor,0.9437862038612366,1794,,,pending,out_of_scope,"assistant read claim/title, not full-source verification",กัมพูชาจับกุมทหารไทยหนีทัพ,,,pending,1,
1958,afnc,2025-12-21,2025,false,source,เปิดรับทำใบขับขี่ออนไลน์ถูกกฎหมาย ไม่ต้องสอบเองที่ขนส่ง ผ่านเพจ คน ล่าฝัน,cleaned_title,เปิดรับทำใบขับขี่ออนไลน์ถูกกฎหมาย ไม่ต้องสอบเองที่ขนส่ง ผ่านเพจ คน ล่าฝัน,https://www.antifakenewscenter.com/?p=80913,other,False,False,other,add836b7ae4c13e1b31c,2,semantic_neighbor,0.9365710020065308,2232,,,pending,out_of_scope,"assistant read claim/title, not full-source verification",เปิดรับทำใบขับขี่ออนไลน์ถูกกฎหมาย ไม่ต้องสอบเองที่ขนส่ง ผ่านเพจ คน ล่าฝัน,,,pending,1,
27415,cofact,2025-12-22,2025,false,human,คลิปเครื่องบิน F-16 ของไทยบินผาดโผนหลังทิ้งระเบิดโจมตีกัมพูชา,human,คลิปเครื่องบินบังคับวิทยุ ถูกนำมาอ้างเท็จว่าเป็น F-16 บินโชว์หลังทิ้งระเบิดโจมตีกัมพูชา,https://blog.cofact.org/th/fact-check-thai-cambodia-rcplane-22122025/,other,False,False,other,5ac5d3ff5ec1d1c17b5c,-1,semantic_neighbor,0.9429887533187866,26880,,,pending,out_of_scope,"assistant read claim/title, not full-source verification",คลิปเครื่องบินบังคับวิทยุ ถูกนำมาอ้างเท็จว่าเป็น F-16 บินโชว์หลังทิ้งระเบิดโจมตีกัมพูชา,,,pending,1,
27206,cofact,2025-12-24,2025,misleading,human,"สว.อังคณาระบุมีชาวกัมพูชา 750,000 คน ได้รับผลกระทบจากการสู้รบกับไทย",human,โพสต์เฟซบุ๊กของ “สว. อังคณา” เรื่องผู้พลัดถิ่นจากการสู้รบไทย-กัมพูชา ถูกบิดเบือนสร้างความเกลียดชัง,https://blog.cofact.org/th/fact-check-thai-cambodia-24122025/,T06,False,False,other,3e612d83fd6f8b18348d,-1,keyword_seed,1.0000003576278687,27206,,,pending,out_of_scope,"assistant read claim/title, not full-source verification",โพสต์เฟซบุ๊กของ “สว. อังคณา” เรื่องผู้พลัดถิ่นจากการสู้รบไทย-กัมพูชา ถูกบิดเบือนสร้างความเกลียดชัง,,,pending,1,
1927,afnc,2025-12-24,2025,misleading,source,ลูกจ้างชาวกัมพูชาที่ทำงานในไทยทุกคน จะอยู่ทำงานได้ถึงวันที่ 13 ก.พ. 69 เท่านั้น หากจ้างต่อจะถูกดำเนินคดีตามกฎหมาย,cleaned_title,ลูกจ้างชาวกัมพูชาที่ทำงานในไทยทุกคน จะอยู่ทำงานได้ถึงวันที่ 13 ก.พ. 69 เท่านั้น หากจ้างต่อจะถูกดำเนินคดีตามกฎหมาย,https://www.antifakenewscenter.com/?p=81060,T06,False,False,jobs,8d99e119eb4864abd2cd,28,keyword_seed,1.0000005960464478,1927,,,pending,resident_refugee_status,"assistant read claim/title, not full-source verification",ลูกจ้างชาวกัมพูชาที่ทำงานในไทยทุกคน จะอยู่ทำงานได้ถึงวันที่ 13 ก.พ. 69 เท่านั้น หากจ้างต่อจะถูกดำเนินคดีตามกฎหมาย,,,pending,1,
28091,cofact,2025-12-26,2025,misleading,human,กรมการปกครองเสนอแก้ไข พ.ร.บ.สัญชาติ เปิดช่องให้ลูกแรงงานต่างด้าวที่เกิดในไทยได้สัญชาติไทย,human,กรมการปกครองยืนยัน เสนอแก้ไข พ.ร.บ. สัญชาติ ไม่ได้เปิดให้ลูกแรงงานต่างด้าวได้สัญชาติไทย,https://blog.cofact.org/th/fact-check-natioanality-act-26122025/,T06,True,False,rights,393b655876dacccec714,49,keyword_seed,0.9999997019767761,28091,,,pending,resident_refugee_status,"assistant read claim/title, not full-source verification",กรมการปกครองยืนยัน เสนอแก้ไข พ.ร.บ. สัญชาติ ไม่ได้เปิดให้ลูกแรงงานต่างด้าวได้สัญชาติไทย,,,pending,1,
1906,afnc,2025-12-26,2025,false,source,บอร์ดปตท. ลักลอบส่งน้ำมันให้กับกัมพูชา,cleaned_title,บอร์ดปตท. ลักลอบส่งน้ำมันให้กับกัมพูชา,https://www.antifakenewscenter.com/?p=81143,other,False,False,security,6a48128a5b744b823bdb,-1,semantic_neighbor,0.9291515946388245,3233,,,pending,out_of_scope,"assistant read claim/title, not full-source verification",บอร์ดปตท. ลักลอบส่งน้ำมันให้กับกัมพูชา,,,pending,1,
1905,afnc,2025-12-26,2025,false,source,สำนักงานตรวจคนเข้าเมืองของไทย คุกคามนักท่องเที่ยวที่เดินทางมาเปลี่ยนเครื่องเพื่อไปกัมพูชา,cleaned_title,สำนักงานตรวจคนเข้าเมืองของไทย คุกคามนักท่องเที่ยวที่เดินทางมาเปลี่ยนเครื่องเพื่อไปกัมพูชา,https://www.antifakenewscenter.com/?p=81139,other,True,False,other,160447de7ba74363356c,-1,keyword_seed,1.000000238418579,1905,,,pending,unclear,"assistant read claim/title, not full-source verification",สำนักงานตรวจคนเข้าเมืองของไทย คุกคามนักท่องเที่ยวที่เดินทางมาเปลี่ยนเครื่องเพื่อไปกัมพูชา,,,pending,1,
1904,afnc,2025-12-26,2025,misleading,source,ประชาชนผู้บริสุทธิ์ของกัมพูชาได้รับความเดือดร้อนจากการปฏิบัติการของฝ่ายไทย,cleaned_title,ประชาชนผู้บริสุทธิ์ของกัมพูชาได้รับความเดือดร้อนจากการปฏิบัติการของฝ่ายไทย,https://www.antifakenewscenter.com/?p=81147,other,False,False,other,4b92d14ba8baa6c4f30f,6,semantic_neighbor,0.9290168285369873,17033,,,pending,out_of_scope,"assistant read claim/title, not full-source verification",ประชาชนผู้บริสุทธิ์ของกัมพูชาได้รับความเดือดร้อนจากการปฏิบัติการของฝ่ายไทย,,,pending,1,
1901,afnc,2025-12-27,2025,false,source,ทำใบขับขี่ออนไลน์ถูกกฎหมายได้แล้วที่เพจ โชคชัย รับทำใบขับขี่ ทุกชนิด,cleaned_title,ทำใบขับขี่ออนไลน์ถูกกฎหมายได้แล้วที่เพจ โชคชัย รับทำใบขับขี่ ทุกชนิด,https://www.antifakenewscenter.com/?p=81048,other,False,False,other,8bfeafc35109abed8d94,2,semantic_neighbor,0.9433250427246094,2232,,,pending,out_of_scope,"assistant read claim/title, not full-source verification",ทำใบขับขี่ออนไลน์ถูกกฎหมายได้แล้วที่เพจ โชคชัย รับทำใบขับขี่ ทุกชนิด,,,pending,1,
1872,afnc,2025-12-30,2025,false,source,รับทำใบขับขี่ออนไลน์ถูกกฎหมาย ไม่ต้องสอบเองที่ขนส่ง ผ่านเพจ Wannisa Chalerm,cleaned_title,รับทำใบขับขี่ออนไลน์ถูกกฎหมาย ไม่ต้องสอบเองที่ขนส่ง ผ่านเพจ Wannisa Chalerm,https://www.antifakenewscenter.com/?p=81255,other,False,False,other,a7fca5a95775a00a4da5,2,semantic_neighbor,0.9301751255989075,2232,,,pending,out_of_scope,"assistant read claim/title, not full-source verification",รับทำใบขับขี่ออนไลน์ถูกกฎหมาย ไม่ต้องสอบเองที่ขนส่ง ผ่านเพจ Wannisa Chalerm,,,pending,1,
1863,afnc,2025-12-31,2025,false,source,ทำใบขับขี่ไม่ใช่เรื่องยาก ผ่านเพจ พงษ์เพชร์ กงพล รับทำใบขับขี่ออนไลน์ถูกกฎหมายแบบครบวงจร,cleaned_title,ทำใบขับขี่ไม่ใช่เรื่องยาก ผ่านเพจ พงษ์เพชร์ กงพล รับทำใบขับขี่ออนไลน์ถูกกฎหมายแบบครบวงจร,https://www.antifakenewscenter.com/?p=81300,other,False,False,other,3d79147e52027f2adf9b,2,semantic_neighbor,0.9298362731933594,2232,,,pending,out_of_scope,"assistant read claim/title, not full-source verification",ทำใบขับขี่ไม่ใช่เรื่องยาก ผ่านเพจ พงษ์เพชร์ กงพล รับทำใบขับขี่ออนไลน์ถูกกฎหมายแบบครบวงจร,,,pending,1,
1858,afnc,2025-12-31,2025,false,source,รับทำใบขับขี่ออนไลน์ถูกกฎหมาย ไม่ต้องสอบเองที่ขนส่ง ผ่านเพจ นายธีรศักดิ์ โฉมศิริ,cleaned_title,รับทำใบขับขี่ออนไลน์ถูกกฎหมาย ไม่ต้องสอบเองที่ขนส่ง ผ่านเพจ นายธีรศักดิ์ โฉมศิริ,https://www.antifakenewscenter.com/?p=81316,other,False,False,other,b3620915db27ec51228b,2,semantic_neighbor,0.9303615689277649,2232,,,pending,out_of_scope,"assistant read claim/title, not full-source verification",รับทำใบขับขี่ออนไลน์ถูกกฎหมาย ไม่ต้องสอบเองที่ขนส่ง ผ่านเพจ นายธีรศักดิ์ โฉมศิริ,,,pending,1,
1843,afnc,2026-01-02,2026,false,source,ทำใบขับขี่ไทย ถูกกฎหมาย 100% ไม่ต้องไปสอบเองที่ขนส่ง ติดต่อที่เพจ นาย ธนสิทธิ์ ตันสกุล,cleaned_title,ทำใบขับขี่ไทย ถูกกฎหมาย 100% ไม่ต้องไปสอบเองที่ขนส่ง ติดต่อที่เพจ นาย ธนสิทธิ์ ตันสกุล,https://www.antifakenewscenter.com/?p=81377,other,False,False,rights,1ac2b8fec84b8585a67c,2,semantic_neighbor,0.9376399517059326,2232,,,pending,out_of_scope,"assistant read claim/title, not full-source verification",ทำใบขับขี่ไทย ถูกกฎหมาย 100% ไม่ต้องไปสอบเองที่ขนส่ง ติดต่อที่เพจ นาย ธนสิทธิ์ ตันสกุล,,,pending,1,
1822,afnc,2026-01-04,2026,false,source,ทำใบขับขี่ออนไลน์ถูกกฎหมาย ได้ที่เพจ ณัฐวุฒิ รับทำใบขับขี่ทุกชนิด,cleaned_title,ทำใบขับขี่ออนไลน์ถูกกฎหมาย ได้ที่เพจ ณัฐวุฒิ รับทำใบขับขี่ทุกชนิด,https://www.antifakenewscenter.com/?p=81447,other,False,False,other,9f80805b530601f99792,2,semantic_neighbor,0.9470696449279785,2232,,,pending,out_of_scope,"assistant read claim/title, not full-source verification",ทำใบขับขี่ออนไลน์ถูกกฎหมาย ได้ที่เพจ ณัฐวุฒิ รับทำใบขับขี่ทุกชนิด,,,pending,1,
1794,afnc,2026-01-07,2026,misleading,source,กองทัพไทย บุกยึดของทรัพย์สินมีค่า-รถจักรยานยนต์ จากบ้านเรือนชาวกัมพูชา,cleaned_title,กองทัพไทย บุกยึดของทรัพย์สินมีค่า-รถจักรยานยนต์ จากบ้านเรือนชาวกัมพูชา,https://www.antifakenewscenter.com/?p=81579,T06;T10,False,False,other,76bdb874225778477e95,6,keyword_seed,1.0,1794,,,pending,out_of_scope,"assistant read claim/title, not full-source verification",กองทัพไทย บุกยึดของทรัพย์สินมีค่า-รถจักรยานยนต์ จากบ้านเรือนชาวกัมพูชา,,,pending,1,
26851,thaipbs,2026-01-10,2026,misleading,source,ตรีนุช สั่งแรงงานกัมพูชาไม่ต้องกลับประเทศ 13 ก.พ. 69,llm,โพสต์อ้าง “ตรีนุช” สั่งแรงงานกัมพูชาไม่ต้องกลับประเทศ 13 ก.พ. 69 แท้จริงไม่เกี่ยวกับแรงงานกัมพูชา แต่เป็น ลาว-เวียดนาม,https://www.thaipbs.or.th/verify/content/8264,other,True,False,other,b2e063cfaac344dd3f8b,28,keyword_seed,0.9999998807907104,26851,,,pending,resident_refugee_status,"assistant read claim/title, not full-source verification",โพสต์อ้าง “ตรีนุช” สั่งแรงงานกัมพูชาไม่ต้องกลับประเทศ 13 ก.พ. 69 แท้จริงไม่เกี่ยวกับแรงงานกัมพูชา แต่เป็น ลาว-เวียดนาม,,,pending,1,
1764,afnc,2026-01-10,2026,false,source,อยากทำใบขับขี่ แต่ไม่มีเวลาสอบ ทำได้ที่เพจ กรมการขนส่งทางบก รับทำใบขับขี่ทุกชนิด รับรองถูกกฎหมาย 100%,cleaned_title,อยากทำใบขับขี่ แต่ไม่มีเวลาสอบ ทำได้ที่เพจ กรมการขนส่งทางบก รับทำใบขับขี่ทุกชนิด รับรองถูกกฎหมาย 100%,https://www.antifakenewscenter.com/?p=81691,other,False,False,other,b4bfdac875895c391842,2,semantic_neighbor,0.9493485689163208,2232,,,pending,out_of_scope,"assistant read claim/title, not full-source verification",อยากทำใบขับขี่ แต่ไม่มีเวลาสอบ ทำได้ที่เพจ กรมการขนส่งทางบก รับทำใบขับขี่ทุกชนิด รับรองถูกกฎหมาย 100%,,,pending,1,
1730,afnc,2026-01-14,2026,false,source,กรมการขนส่งทางบก เปิดรับทำใบขับขี่ถูกกฏหมายทุกชนิด ผ่านเพจ ภิญญดา สารมณี,cleaned_title,กรมการขนส่งทางบก เปิดรับทำใบขับขี่ถูกกฏหมายทุกชนิด ผ่านเพจ ภิญญดา สารมณี,https://www.antifakenewscenter.com/?p=81869,other,False,False,other,d4de731dc497c221ac5f,2,semantic_neighbor,0.9312933087348938,2232,,,pending,out_of_scope,"assistant read claim/title, not full-source verification",กรมการขนส่งทางบก เปิดรับทำใบขับขี่ถูกกฏหมายทุกชนิด ผ่านเพจ ภิญญดา สารมณี,,,pending,1,
1665,afnc,2026-01-21,2026,false,source,ทำใบขับขี่ทุกชนิด ไม่ต้องสอบเองที่ขนส่ง ผ่านเพจ รับทำใบขับขี่ทุกชนิด,cleaned_title,ทำใบขับขี่ทุกชนิด ไม่ต้องสอบเองที่ขนส่ง ผ่านเพจ รับทำใบขับขี่ทุกชนิด,https://www.antifakenewscenter.com/?p=82154,other,False,False,other,ed01abb0166ce9b3fe2c,2,semantic_neighbor,0.9382671117782593,2232,,,pending,out_of_scope,"assistant read claim/title, not full-source verification",ทำใบขับขี่ทุกชนิด ไม่ต้องสอบเองที่ขนส่ง ผ่านเพจ รับทำใบขับขี่ทุกชนิด,,,pending,1,
1639,afnc,2026-01-24,2026,misleading,source,เตรียมแก้ไข พ.ร.บ.สัญชาติฯ ให้บุตรของคนต่างด้าวที่เกิดในประเทศไทย ตามมาตรา 7 ทวิ วรรคสอง ได้สัญชาติไทยโดยการเกิด,cleaned_title,เตรียมแก้ไข พ.ร.บ.สัญชาติฯ ให้บุตรของคนต่างด้าวที่เกิดในประเทศไทย ตามมาตรา 7 ทวิ วรรคสอง ได้สัญชาติไทยโดยการเกิด,https://www.antifakenewscenter.com/?p=82246,T06,True,False,rights,937b9a93680a3dc811d0,49,keyword_seed,0.9999997019767761,1639,,,pending,resident_refugee_status,"assistant read claim/title, not full-source verification",เตรียมแก้ไข พ.ร.บ.สัญชาติฯ ให้บุตรของคนต่างด้าวที่เกิดในประเทศไทย ตามมาตรา 7 ทวิ วรรคสอง ได้สัญชาติไทยโดยการเกิด,,,pending,1,
1623,afnc,2026-01-26,2026,false,source,ต่างด้าวสามารถสวมสิทธิ์โครงการคนละครึ่งได้,cleaned_title,ต่างด้าวสามารถสวมสิทธิ์โครงการคนละครึ่งได้,https://www.antifakenewscenter.com/?p=82319,T06;T05,True,False,rights,6ae681daed16cc339a82,-1,keyword_seed,0.9999997615814209,1623,,,pending,resident_refugee_status,"assistant read claim/title, not full-source verification",ต่างด้าวสามารถสวมสิทธิ์โครงการคนละครึ่งได้,,,pending,1,
1610,afnc,2026-01-27,2026,false,source,ไทยใช้กำลังทหารปฏิบัติการในพื้นที่กัมพูชา ขัดต่อกฎหมายระหว่างประเทศ,cleaned_title,ไทยใช้กำลังทหารปฏิบัติการในพื้นที่กัมพูชา ขัดต่อกฎหมายระหว่างประเทศ,https://www.antifakenewscenter.com/?p=82384,other,False,False,other,27bc9f16b92b69dea759,6,semantic_neighbor,0.9386862516403198,1543,,,pending,out_of_scope,"assistant read claim/title, not full-source verification",ไทยใช้กำลังทหารปฏิบัติการในพื้นที่กัมพูชา ขัดต่อกฎหมายระหว่างประเทศ,,,pending,1,
1601,afnc,2026-01-28,2026,false,source,ตม.ดอนเมือง จับกุมสายลับชาวกัมพูชาแฝงตัวลักลอบเข้าไทย,cleaned_title,ตม.ดอนเมือง จับกุมสายลับชาวกัมพูชาแฝงตัวลักลอบเข้าไทย,https://www.antifakenewscenter.com/?p=82425,T06,False,False,security,715e77647a0443cd85c8,-1,keyword_seed,1.0000004768371582,1601,,,pending,crossborder_people_services,"assistant read claim/title, not full-source verification",ตม.ดอนเมือง จับกุมสายลับชาวกัมพูชาแฝงตัวลักลอบเข้าไทย,,,pending,1,
1600,afnc,2026-01-28,2026,false,source,ไทยคือผู้สังหารผู้ลี้ภัยจากเขมรแดง เมื่อ 47 ปีก่อน,cleaned_title,ไทยคือผู้สังหารผู้ลี้ภัยจากเขมรแดง เมื่อ 47 ปีก่อน,https://www.antifakenewscenter.com/?p=82426,other,True,False,other,65cea052cdbd95fa4040,6,keyword_seed,1.0000001192092896,1600,,,pending,resident_refugee_status,"assistant read claim/title, not full-source verification",ไทยคือผู้สังหารผู้ลี้ภัยจากเขมรแดง เมื่อ 47 ปีก่อน,,,pending,1,
28080,cofact,2026-01-28,2026,false,human,กัมพูชานำคนป่วยมาทิ้งไว้ที่ชายแดนฝั่งไทย หวังให้โรงพยาบาลในไทยรับไปรักษาตัวโดยไม่ต้องเสียค่าใช้จ่าย,llm,ภาพส่งเชลยกัมพูชาป่วยกลับประเทศ ถูกนำมาอ้างเท็จว่ากัมพูชานำคนป่วยมาทิ้งที่ชายแดนให้ไทยรักษา,https://blog.cofact.org/th/fact-check-thai-cambodia-28012026/,other,False,True,health,ebd67008c01db8ae872b,28,semantic_neighbor,0.9453179836273193,1166,,,pending,crossborder_people_services,"assistant read claim/title, not full-source verification",ภาพส่งเชลยกัมพูชาป่วยกลับประเทศ ถูกนำมาอ้างเท็จว่ากัมพูชานำคนป่วยมาทิ้งที่ชายแดนให้ไทยรักษา,,,pending,1,
1543,afnc,2026-02-03,2026,misleading,source,ตม.ไทย ไม่ต้อนรับชาวกัมพูชาและยกเลิกใช้ฟรีวีซ่า เพื่อสกัดกั้นทหารรับจ้าง,cleaned_title,ตม.ไทย ไม่ต้อนรับชาวกัมพูชาและยกเลิกใช้ฟรีวีซ่า เพื่อสกัดกั้นทหารรับจ้าง,https://www.antifakenewscenter.com/?p=82682,T06,False,False,other,ac947031a9db991c72ea,28,keyword_seed,1.000000238418579,1543,,,pending,crossborder_people_services,"assistant read claim/title, not full-source verification",ตม.ไทย ไม่ต้อนรับชาวกัมพูชาและยกเลิกใช้ฟรีวีซ่า เพื่อสกัดกั้นทหารรับจ้าง,,,pending,1,
1540,afnc,2026-02-03,2026,false,source,ชาวกัมพูชายังคงเข้ามาซื้อสินค้าในตลาดช่องจอม อ.กาบเชิง จ.สุรินทร์ แม้จะมีการประกาศปิดด่าน,cleaned_title,ชาวกัมพูชายังคงเข้ามาซื้อสินค้าในตลาดช่องจอม อ.กาบเชิง จ.สุรินทร์ แม้จะมีการประกาศปิดด่าน,https://www.antifakenewscenter.com/?p=82699,T06,False,False,other,8b7d45e6cfd52042d3eb,28,keyword_seed,0.9999993443489075,1540,,,pending,crossborder_people_services,"assistant read claim/title, not full-source verification",ชาวกัมพูชายังคงเข้ามาซื้อสินค้าในตลาดช่องจอม อ.กาบเชิง จ.สุรินทร์ แม้จะมีการประกาศปิดด่าน,,,pending,1,
1531,afnc,2026-02-04,2026,false,source,เจ้าหน้าที่ตรวจคนเข้าเมืองไทย มีหลักเกณฑ์พิจารณาอนุญาตให้เดินทางเข้าประเทศที่ต่างกันในแต่ละสนามบิน,cleaned_title,เจ้าหน้าที่ตรวจคนเข้าเมืองไทย มีหลักเกณฑ์พิจารณาอนุญาตให้เดินทางเข้าประเทศที่ต่างกันในแต่ละสนามบิน,https://www.antifakenewscenter.com/?p=82755,other,True,False,other,acbab8a19253f178ce6a,-1,keyword_seed,1.0000001192092896,1531,,,pending,unclear,"assistant read claim/title, not full-source verification",เจ้าหน้าที่ตรวจคนเข้าเมืองไทย มีหลักเกณฑ์พิจารณาอนุญาตให้เดินทางเข้าประเทศที่ต่างกันในแต่ละสนามบิน,,,pending,1,
1510,afnc,2026-02-06,2026,false,source,ตัวแทนรัฐบาลไทยเตือนฝรั่งเศส ไม่ให้ช่วยเหลือกัมพูชาในการยึดดินแดนคืน,cleaned_title,ตัวแทนรัฐบาลไทยเตือนฝรั่งเศส ไม่ให้ช่วยเหลือกัมพูชาในการยึดดินแดนคืน,https://www.antifakenewscenter.com/?p=82818,other,False,False,other,c2254254257a0ea929b3,28,semantic_neighbor,0.9298164248466492,1543,,,pending,out_of_scope,"assistant read claim/title, not full-source verification",ตัวแทนรัฐบาลไทยเตือนฝรั่งเศส ไม่ให้ช่วยเหลือกัมพูชาในการยึดดินแดนคืน,,,pending,1,
1473,afnc,2026-02-10,2026,false,source,ผู้บัญชาการทหารสูงสุดสั่งการ ผู้ใดให้ความช่วยเหลือเด็กต่างด้าว ให้เรียนฟรี ต้องใช้เงินส่วนตัวแทนเท่านั้น,cleaned_title,ผู้บัญชาการทหารสูงสุดสั่งการ ผู้ใดให้ความช่วยเหลือเด็กต่างด้าว ให้เรียนฟรี ต้องใช้เงินส่วนตัวแทนเท่านั้น,https://www.antifakenewscenter.com/?p=82986,T06,True,False,other,e5a9a42382d37934858b,-1,keyword_seed,1.0000001192092896,1473,,,pending,resident_refugee_status,"assistant read claim/title, not full-source verification",ผู้บัญชาการทหารสูงสุดสั่งการ ผู้ใดให้ความช่วยเหลือเด็กต่างด้าว ให้เรียนฟรี ต้องใช้เงินส่วนตัวแทนเท่านั้น,,,pending,1,
1465,afnc,2026-02-11,2026,false,source,กรมการขนส่งทางบก เปิดรับทำใบขับขี่ทุกชนิด ผ่านเพจ ทำใบขับขี่ทุกประเภทด่วน คีย์ระบบแท้,cleaned_title,กรมการขนส่งทางบก เปิดรับทำใบขับขี่ทุกชนิด ผ่านเพจ ทำใบขับขี่ทุกประเภทด่วน คีย์ระบบแท้,https://www.antifakenewscenter.com/?p=83010,other,False,False,other,639fea77d7b7df109d81,2,semantic_neighbor,0.9330179691314697,2232,,,pending,out_of_scope,"assistant read claim/title, not full-source verification",กรมการขนส่งทางบก เปิดรับทำใบขับขี่ทุกชนิด ผ่านเพจ ทำใบขับขี่ทุกประเภทด่วน คีย์ระบบแท้,,,pending,1,
1445,afnc,2026-02-13,2026,false,source,รับทำใบขับขี่ถูกกฏหมายทุกชนิด ผ่านเพจ DLT สำนักงานขนส่ง รับต่อและทำใบขับขี่-เร่งด่วน,cleaned_title,รับทำใบขับขี่ถูกกฏหมายทุกชนิด ผ่านเพจ DLT สำนักงานขนส่ง รับต่อและทำใบขับขี่-เร่งด่วน,https://www.antifakenewscenter.com/?p=83077,other,False,False,other,ff5086876389e9167821,2,semantic_neighbor,0.9553067684173584,2232,,,pending,out_of_scope,"assistant read claim/title, not full-source verification",รับทำใบขับขี่ถูกกฏหมายทุกชนิด ผ่านเพจ DLT สำนักงานขนส่ง รับต่อและทำใบขับขี่-เร่งด่วน,,,pending,1,
1426,afnc,2026-02-15,2026,false,source,กรมการขนส่งทางบก เปิดรับทำใบขับขี่ทุกชนิด ผ่านเพจ รับทำใบขับขี่ทุกชะนิด,cleaned_title,กรมการขนส่งทางบก เปิดรับทำใบขับขี่ทุกชนิด ผ่านเพจ รับทำใบขับขี่ทุกชะนิด,https://www.antifakenewscenter.com/?p=83165,other,False,False,other,0324dcfafca37f5e2be1,2,semantic_neighbor,0.9366099238395691,2232,,,pending,out_of_scope,"assistant read claim/title, not full-source verification",กรมการขนส่งทางบก เปิดรับทำใบขับขี่ทุกชนิด ผ่านเพจ รับทำใบขับขี่ทุกชะนิด,,,pending,1,
1418,afnc,2026-02-16,2026,false,source,กรมการขนส่งทางบก เปิดรับทำใบขับขี่ทุกชนิด ผ่านเพจ รับทำใบขับขี่,cleaned_title,กรมการขนส่งทางบก เปิดรับทำใบขับขี่ทุกชนิด ผ่านเพจ รับทำใบขับขี่,https://www.antifakenewscenter.com/?p=83218,other,False,False,other,8e8aab583444a28558a4,2,semantic_neighbor,0.9368957281112671,2232,,,pending,out_of_scope,"assistant read claim/title, not full-source verification",กรมการขนส่งทางบก เปิดรับทำใบขับขี่ทุกชนิด ผ่านเพจ รับทำใบขับขี่,,,pending,1,
1412,afnc,2026-02-17,2026,false,source,เปิดรับทำใบขับขี่เร่งด่วนถูกกฎหมาย ใบอนุญาตรูปแบบใหม่ ผ่านบัญชี TikTok : anwrymjqsqz ผ่านกรมการขนส่งทางบก,cleaned_title,เปิดรับทำใบขับขี่เร่งด่วนถูกกฎหมาย ใบอนุญาตรูปแบบใหม่ ผ่านบัญชี TikTok : anwrymjqsqz ผ่านกรมการขนส่งทางบก,https://www.antifakenewscenter.com/?p=83232,other,False,False,jobs,356478b70ecdbec1b81b,2,semantic_neighbor,0.9348711967468262,2232,,,pending,out_of_scope,"assistant read claim/title, not full-source verification",เปิดรับทำใบขับขี่เร่งด่วนถูกกฎหมาย ใบอนุญาตรูปแบบใหม่ ผ่านบัญชี TikTok : anwrymjqsqz ผ่านกรมการขนส่งทางบก,,,pending,1,
1398,afnc,2026-02-18,2026,false,source,กรมการขนส่งทางบก เปิดรับทำใบขับขี่ทุกชนิด ผ่านเพจ DLT กรมการขนส่งทางบก รับทำใบขับขี่ทุกชนิด,cleaned_title,กรมการขนส่งทางบก เปิดรับทำใบขับขี่ทุกชนิด ผ่านเพจ DLT กรมการขนส่งทางบก รับทำใบขับขี่ทุกชนิด,https://www.antifakenewscenter.com/?p=83291,other,False,False,other,bbc16d76cb9e880e09d5,2,semantic_neighbor,0.9306761622428894,2232,,,pending,out_of_scope,"assistant read claim/title, not full-source verification",กรมการขนส่งทางบก เปิดรับทำใบขับขี่ทุกชนิด ผ่านเพจ DLT กรมการขนส่งทางบก รับทำใบขับขี่ทุกชนิด,,,pending,1,
27700,cofact,2026-02-21,2026,misleading,human,สว.อังคณาออกมาคัดค้านการตัดงบประมาณด้านการศึกษาของนักเรียนชาวกัมพูชาในไทย,human,ผู้ใช้เฟซบุ๊กนำโพสต์เก่าของ สว.อังคณามาบิดเบือนถ้อยคำ-เผยแพร่ซ้ำ ปลุกปั่นความเกลียดชังนักสิทธิฯ,https://blog.cofact.org/th/thai-cambodia-fact-check-21022026/,T06,False,False,other,656a217a125f998050bf,-1,keyword_seed,1.0000001192092896,27700,,,pending,resident_refugee_status,"assistant read claim/title, not full-source verification",ผู้ใช้เฟซบุ๊กนำโพสต์เก่าของ สว.อังคณามาบิดเบือนถ้อยคำ-เผยแพร่ซ้ำ ปลุกปั่นความเกลียดชังนักสิทธิฯ,,,pending,1,
27606,cofact,2026-02-21,2026,misleading,human,เพจเฟซบุ๊กคล้ายเพจ นสพ.ข่าวสด โพสต์ภาพทหารไทยก่อสร้างถนนที่ชายแดนไทย-กัมพูชา,human,เพจเฟซบุ๊กแอบอ้างโลโก้ “ข่าวสด” โพสต์ภาพทหารไทยสร้างถนน ทบ. ระบุภาพจริงแต่ไม่ยืนยันที่ตั้ง,https://blog.cofact.org/th/fact-check-thai-cambodia-21022026/,T10,False,True,other,0031dee57bf5c6d7e21d,63,semantic_neighbor,0.9302548170089722,26867,,,pending,out_of_scope,"assistant read claim/title, not full-source verification",เพจเฟซบุ๊กแอบอ้างโลโก้ “ข่าวสด” โพสต์ภาพทหารไทยสร้างถนน ทบ. ระบุภาพจริงแต่ไม่ยืนยันที่ตั้ง,,,pending,1,
27675,cofact,2026-02-23,2026,misleading,human,ปัจจุบันมีการเสนอแก้ไขมาตรา 7 ทวิวรรคสอง ของ พ.ร.บ.สัญชาติ เปิดช่องให้ลูกหลานแรงงานต่างด้าวที่เกิดในไทยได้สัญชาติไทยโดยการเกิด,llm,เพจ “ต่างด้าวทำอะไร” เผยแพร่ซ้ำเนื้อหาที่สร้างความเข้าใจผิดเกี่ยวกับการแก้ไข พ.ร.บ.สัญชาติ,https://blog.cofact.org/th/fact-check-nationality-act-23022026/,T06,True,False,rights,8e7733d291d1fc9c3bf3,49,keyword_seed,0.9999998211860657,27675,,,pending,resident_refugee_status,"assistant read claim/title, not full-source verification",เพจ “ต่างด้าวทำอะไร” เผยแพร่ซ้ำเนื้อหาที่สร้างความเข้าใจผิดเกี่ยวกับการแก้ไข พ.ร.บ.สัญชาติ,,,pending,1,
27959,cofact,2026-02-24,2026,misleading,human,รังสิมันต์ โรม เสนอให้ออกบัตรประจำตัวประชาชนพิเศษให้ชาวเมียนมา ให้เข้าไทยได้โดยไม่ต้องขออนุญาต เพราะเป็นฐานเสียงทางการเมือง,llm,คลิป “รังสิมันต์ โรม” แถลงข่าวปี 67 ถูกบิดเบือนว่าเขาเสนอมอบสถานะคนไทยแก่ผู้หนีภัยชาวเมียนมา,https://blog.cofact.org/th/political-fact-check-24022026/,T09,False,False,other,9f0e67067fb58c62fcee,-1,keyword_seed,1.0000003576278687,27959,,,pending,resident_refugee_status,"assistant read claim/title, not full-source verification",คลิป “รังสิมันต์ โรม” แถลงข่าวปี 67 ถูกบิดเบือนว่าเขาเสนอมอบสถานะคนไทยแก่ผู้หนีภัยชาวเมียนมา,,,pending,1,
27584,cofact,2026-02-25,2026,misleading,human,ศธ. ประกาศให้รับเด็กที่ไม่มีสัญชาติไทยเข้าเรียนในไทย หลังคลิปเด็กกัมพูชาเดินข้ามจุดผ่านแดนเข้ามาเรียน,llm,ศธ. ประกาศให้ รร. รับเด็กที่ไม่มีสัญชาติไทยเข้าเรียนจริง แต่ภาพเด็กกัมพูชาเดินมาเรียนในไทยเป็นคลิปเก่า,https://blog.cofact.org/th/fact-check-thai-cambodia-25022026/,T06,True,False,rights,427bf6b71b2e498f4491,-1,keyword_seed,1.000000238418579,27584,,,pending,resident_refugee_status,"assistant read claim/title, not full-source verification",ศธ. ประกาศให้ รร. รับเด็กที่ไม่มีสัญชาติไทยเข้าเรียนจริง แต่ภาพเด็กกัมพูชาเดินมาเรียนในไทยเป็นคลิปเก่า,,,pending,1,
27544,cofact,2026-02-26,2026,misleading,human,นักสิทธิมนุษยชนแห่งชาติเสนอให้เด็กต่างด้าวในไทยเรียนฟรีถึงปริญญาตรี,llm,กสม. ชี้แจง ไม่ได้เสนอให้เด็กต่างด้าวเรียนฟรีถึง ป.ตรี แต่เสนอให้รัฐยึดหลักเด็กทุกคนมีสิทธิได้รับการศึกษา,https://blog.cofact.org/th/fact-check-children-rights-26022026/,T06,True,False,rights,d1d0099c63f2f81f8400,-1,keyword_seed,0.9999996423721313,27544,,,pending,resident_refugee_status,"assistant read claim/title, not full-source verification",กสม. ชี้แจง ไม่ได้เสนอให้เด็กต่างด้าวเรียนฟรีถึง ป.ตรี แต่เสนอให้รัฐยึดหลักเด็กทุกคนมีสิทธิได้รับการศึกษา,,,pending,1,
1319,afnc,2026-02-26,2026,false,source,26 ก.พ. 69 ชาวกัมพูชา หนีตายทะลักเข้าไทย จำนวน 4.2 แสนคน,cleaned_title,26 ก.พ. 69 ชาวกัมพูชา หนีตายทะลักเข้าไทย จำนวน 4.2 แสนคน,https://www.antifakenewscenter.com/?p=83678,T06,False,False,other,985aa6b919211ee0ebc6,-1,keyword_seed,1.000000238418579,1319,,,pending,crossborder_people_services,"assistant read claim/title, not full-source verification",26 ก.พ. 69 ชาวกัมพูชา หนีตายทะลักเข้าไทย จำนวน 4.2 แสนคน,,,pending,1,
1311,afnc,2026-02-27,2026,false,source,ชาวกัมพูชาซื้อสัญชาติลาว เพื่อเดินทางเข้าไทย,cleaned_title,ชาวกัมพูชาซื้อสัญชาติลาว เพื่อเดินทางเข้าไทย,https://www.antifakenewscenter.com/?p=83705,T06,False,False,rights,b36fcb2d5ae342b14920,-1,keyword_seed,0.9999998211860657,1311,,,pending,resident_refugee_status,"assistant read claim/title, not full-source verification",ชาวกัมพูชาซื้อสัญชาติลาว เพื่อเดินทางเข้าไทย,,,pending,1,
1309,afnc,2026-02-27,2026,false,source,ไทยลักลอบค้าขายกับกัมพูชา เงินสะพัด 5 พันล้าน,cleaned_title,ไทยลักลอบค้าขายกับกัมพูชา เงินสะพัด 5 พันล้าน,https://www.antifakenewscenter.com/?p=83720,other,False,False,jobs;security,420a61196b7d0cc23fcb,-1,semantic_neighbor,0.9367193579673767,99,,,pending,out_of_scope,"assistant read claim/title, not full-source verification",ไทยลักลอบค้าขายกับกัมพูชา เงินสะพัด 5 พันล้าน,,,pending,1,
1256,afnc,2026-03-04,2026,false,source,รมต.ต่างประเทศของไทย ยืนยัน ไม่ขอช่วยเหลือกัมพูชาจากสาเหตุต่างๆ ที่เกิดขึ้น,cleaned_title,รมต.ต่างประเทศของไทย ยืนยัน ไม่ขอช่วยเหลือกัมพูชาจากสาเหตุต่างๆ ที่เกิดขึ้น,https://www.antifakenewscenter.com/?p=83952,other,False,False,other,14f7d7182f72d3990c24,28,semantic_neighbor,0.9401262998580933,1543,,,pending,out_of_scope,"assistant read claim/title, not full-source verification",รมต.ต่างประเทศของไทย ยืนยัน ไม่ขอช่วยเหลือกัมพูชาจากสาเหตุต่างๆ ที่เกิดขึ้น,,,pending,1,
1233,afnc,2026-03-06,2026,false,source,ระเบียบการใหม่ให้สิทธินักเรียนต่างด้าวเดินทางข้ามแดนมาเรียนแบบเช้าไป-เย็นกลับ,cleaned_title,ระเบียบการใหม่ให้สิทธินักเรียนต่างด้าวเดินทางข้ามแดนมาเรียนแบบเช้าไป-เย็นกลับ,https://www.antifakenewscenter.com/?p=84098,T06,True,False,rights,fd2ad12268b8e3e8cb52,-1,keyword_seed,0.9999998211860657,1233,,,pending,resident_refugee_status,"assistant read claim/title, not full-source verification",ระเบียบการใหม่ให้สิทธินักเรียนต่างด้าวเดินทางข้ามแดนมาเรียนแบบเช้าไป-เย็นกลับ,,,pending,1,
1215,afnc,2026-03-08,2026,misleading,source,ยกเลิกประกาศของ ศธ. ให้เด็กต่างชาติเรียนฟรีถึงระดับปริญญาตรีในประเทศไทย,cleaned_title,ยกเลิกประกาศของ ศธ. ให้เด็กต่างชาติเรียนฟรีถึงระดับปริญญาตรีในประเทศไทย,https://www.antifakenewscenter.com/?p=84182,other,False,False,other,9a5b1846d7eb1eb66aa6,-1,semantic_neighbor,0.9412389397621155,27544,,,pending,resident_refugee_status,"assistant read claim/title, not full-source verification",ยกเลิกประกาศของ ศธ. ให้เด็กต่างชาติเรียนฟรีถึงระดับปริญญาตรีในประเทศไทย,,,pending,1,
1174,afnc,2026-03-12,2026,false,source,แรงงานกัมพูชากว่า 7 แสนคน ไม่ยอมกลับประเทศ ยอมจ่ายเงินเพื่อให้ได้สัญชาติไทย,cleaned_title,แรงงานกัมพูชากว่า 7 แสนคน ไม่ยอมกลับประเทศ ยอมจ่ายเงินเพื่อให้ได้สัญชาติไทย,https://www.antifakenewscenter.com/?p=84348,T06,True,False,rights,07fabb66fb0553cbf8f5,28,keyword_seed,1.0000003576278687,1174,,,pending,resident_refugee_status,"assistant read claim/title, not full-source verification",แรงงานกัมพูชากว่า 7 แสนคน ไม่ยอมกลับประเทศ ยอมจ่ายเงินเพื่อให้ได้สัญชาติไทย,,,pending,1,
1166,afnc,2026-03-13,2026,false,source,ชาวกัมพูชาพยายามแหกด่าน เพื่อมารักษาวัณโรคฟรีที่ไทย,cleaned_title,ชาวกัมพูชาพยายามแหกด่าน เพื่อมารักษาวัณโรคฟรีที่ไทย,https://www.antifakenewscenter.com/?p=84387,T06,False,False,health,204d14a8f29ace1a1e36,28,keyword_seed,0.9999998807907104,1166,,,pending,crossborder_people_services,"assistant read claim/title, not full-source verification",ชาวกัมพูชาพยายามแหกด่าน เพื่อมารักษาวัณโรคฟรีที่ไทย,,,pending,1,
1162,afnc,2026-03-13,2026,false,source,ตม. ไทยไม่ให้ชาวกัมพูชาเดินทางเข้าประเทศ และบังคับให้ซื้อตั๋วเครื่องบินกลับกัมพูชาทันที,cleaned_title,ตม. ไทยไม่ให้ชาวกัมพูชาเดินทางเข้าประเทศ และบังคับให้ซื้อตั๋วเครื่องบินกลับกัมพูชาทันที,https://www.antifakenewscenter.com/?p=84399,T06,False,False,other,d64b92af6f68962fbe73,28,keyword_seed,0.9999995827674866,1162,,,pending,crossborder_people_services,"assistant read claim/title, not full-source verification",ตม. ไทยไม่ให้ชาวกัมพูชาเดินทางเข้าประเทศ และบังคับให้ซื้อตั๋วเครื่องบินกลับกัมพูชาทันที,,,pending,1,
1154,afnc,2026-03-14,2026,false,source,มีการลักลอบส่งสินค้าไปกัมพูชาอย่างต่อเนื่อง,cleaned_title,มีการลักลอบส่งสินค้าไปกัมพูชาอย่างต่อเนื่อง,https://www.antifakenewscenter.com/?p=84426,other,False,False,security,e63db0e458075b3cfd1b,28,semantic_neighbor,0.9324541091918945,1146,,,pending,out_of_scope,"assistant read claim/title, not full-source verification",มีการลักลอบส่งสินค้าไปกัมพูชาอย่างต่อเนื่อง,,,pending,1,
1146,afnc,2026-03-15,2026,false,source,แรงงานกัมพูชาเริ่มกลับมาลักลอบเข้า-ออก ไทยอีกครั้ง ผ่านช่องทางลับที่ชายแดน,cleaned_title,แรงงานกัมพูชาเริ่มกลับมาลักลอบเข้า-ออก ไทยอีกครั้ง ผ่านช่องทางลับที่ชายแดน,https://www.antifakenewscenter.com/?p=84477,other,True,True,security,9c2c0268dff525378852,28,keyword_seed,1.0,1146,,,pending,resident_refugee_status,"assistant read claim/title, not full-source verification",แรงงานกัมพูชาเริ่มกลับมาลักลอบเข้า-ออก ไทยอีกครั้ง ผ่านช่องทางลับที่ชายแดน,,,pending,1,
1106,afnc,2026-03-19,2026,false,source,กัมพูชานำเข้าน้ำมันจากไทย โดยใช้เส้นทางอ้อมผ่าน สปป.ลาว,cleaned_title,กัมพูชานำเข้าน้ำมันจากไทย โดยใช้เส้นทางอ้อมผ่าน สปป.ลาว,https://www.antifakenewscenter.com/?p=84658,other,False,False,other,37dd990cdc4b48905e26,28,semantic_neighbor,0.939402163028717,1311,,,pending,out_of_scope,"assistant read claim/title, not full-source verification",กัมพูชานำเข้าน้ำมันจากไทย โดยใช้เส้นทางอ้อมผ่าน สปป.ลาว,,,pending,1,
1080,afnc,2026-03-22,2026,false,source,กองทัพไทยเตือน ลักลอบขนน้ำมันไปกัมพูชา มีโทษถึงประหารชีวิต,cleaned_title,กองทัพไทยเตือน ลักลอบขนน้ำมันไปกัมพูชา มีโทษถึงประหารชีวิต,https://www.antifakenewscenter.com/?p=84755,T10,False,False,security,479658da9dc77c6bb743,-1,semantic_neighbor,0.9300214052200317,3233,,,pending,out_of_scope,"assistant read claim/title, not full-source verification",กองทัพไทยเตือน ลักลอบขนน้ำมันไปกัมพูชา มีโทษถึงประหารชีวิต,,,pending,1,
1079,afnc,2026-03-22,2026,false,source,ตม. สกัดเข้ม ห้ามกัมพูชาเข้าประเทศไทย หากจับได้ส่งกลับทันที,cleaned_title,ตม. สกัดเข้ม ห้ามกัมพูชาเข้าประเทศไทย หากจับได้ส่งกลับทันที,https://www.antifakenewscenter.com/?p=84751,other,False,False,security,de58ad485c368871ab6e,28,semantic_neighbor,0.9429381489753723,1162,,,pending,crossborder_people_services,"assistant read claim/title, not full-source verification",ตม. สกัดเข้ม ห้ามกัมพูชาเข้าประเทศไทย หากจับได้ส่งกลับทันที,,,pending,1,
1006,afnc,2026-03-30,2026,false,source,กัมพูชาลักลอบนำมะม่วงเข้าไทยผ่านชายแดนลาว เพื่อสวมรอยเป็นมะม่วงไทย,cleaned_title,กัมพูชาลักลอบนำมะม่วงเข้าไทยผ่านชายแดนลาว เพื่อสวมรอยเป็นมะม่วงไทย,https://www.antifakenewscenter.com/?p=85069,other,False,True,security,0dd90c281987bde00867,52,semantic_neighbor,0.9383103847503662,1311,,,pending,out_of_scope,"assistant read claim/title, not full-source verification",กัมพูชาลักลอบนำมะม่วงเข้าไทยผ่านชายแดนลาว เพื่อสวมรอยเป็นมะม่วงไทย,,,pending,1,
1004,afnc,2026-03-30,2026,false,source,นายทุนลักลอบนำเข้ามันสำปะหลังจากกัมพูชา ผ่าน สปป.ลาวเข้าสู่ประเทศไทย,cleaned_title,นายทุนลักลอบนำเข้ามันสำปะหลังจากกัมพูชา ผ่าน สปป.ลาวเข้าสู่ประเทศไทย,https://www.antifakenewscenter.com/?p=85073,other,False,False,security,ce337c088a2f68c25ade,28,semantic_neighbor,0.9343756437301636,1311,,,pending,out_of_scope,"assistant read claim/title, not full-source verification",นายทุนลักลอบนำเข้ามันสำปะหลังจากกัมพูชา ผ่าน สปป.ลาวเข้าสู่ประเทศไทย,,,pending,1,
1003,afnc,2026-03-30,2026,misleading,source,"ผู้พลัดถิ่นชาวกัมพูชากว่า 36,000 คน ยังตกค้างชายแดนไทย",cleaned_title,"ผู้พลัดถิ่นชาวกัมพูชากว่า 36,000 คน ยังตกค้างชายแดนไทย",https://www.antifakenewscenter.com/?p=85080,T06;T10,False,True,other,729a94a37fc577d6a837,-1,keyword_seed,1.0000001192092896,1003,,,pending,crossborder_people_services,"assistant read claim/title, not full-source verification","ผู้พลัดถิ่นชาวกัมพูชากว่า 36,000 คน ยังตกค้างชายแดนไทย",,,pending,1,
830,afnc,2026-04-16,2026,false,source,รัฐบาลไม่อนุญาตให้แรงงานกัมพูชาทำงานในประเทศไทย และผลักดันออกนอกประเทศ,cleaned_title,รัฐบาลไม่อนุญาตให้แรงงานกัมพูชาทำงานในประเทศไทย และผลักดันออกนอกประเทศ,https://www.antifakenewscenter.com/?p=85915,other,True,False,jobs;security,ce02d829ae1f7264029a,28,keyword_seed,1.0,830,,,pending,resident_refugee_status,"assistant read claim/title, not full-source verification",รัฐบาลไม่อนุญาตให้แรงงานกัมพูชาทำงานในประเทศไทย และผลักดันออกนอกประเทศ,,,pending,1,
778,afnc,2026-04-22,2026,false,source,ต้มยำกุ้ง เป็นสูตรอาหารที่ชาวกัมพูชาคิดค้น โดยใช้ชื่อว่า กุ้งเปรี้ยว,cleaned_title,ต้มยำกุ้ง เป็นสูตรอาหารที่ชาวกัมพูชาคิดค้น โดยใช้ชื่อว่า กุ้งเปรี้ยว,https://www.antifakenewscenter.com/?p=86175,T06;T01,False,False,other,f5054905d537ec4ee0b1,52,keyword_seed,1.0000001192092896,778,,,pending,out_of_scope,"assistant read claim/title, not full-source verification",ต้มยำกุ้ง เป็นสูตรอาหารที่ชาวกัมพูชาคิดค้น โดยใช้ชื่อว่า กุ้งเปรี้ยว,,,pending,1,
28026,cofact,2026-04-24,2026,misleading,human,ไทยให้เด็กต่างชาติเรียนฟรีถึงปริญญาตรี,llm,“ไทยให้เด็กต่างชาติเรียนฟรีถึงปริญญาตรี” เป็นเนื้อหาบิดเบือนและสร้างความเข้าใจผิด,https://blog.cofact.org/th/fact-check-education-24042026/,other,False,False,other,52907aac214cfe532960,-1,semantic_neighbor,0.9623696804046631,27544,,,pending,resident_refugee_status,"assistant read claim/title, not full-source verification",“ไทยให้เด็กต่างชาติเรียนฟรีถึงปริญญาตรี” เป็นเนื้อหาบิดเบือนและสร้างความเข้าใจผิด,,,pending,1,
737,afnc,2026-04-26,2026,false,source,พบชาวกัมพูชาเดินทางข้ามแดนเข้าไทย ในพื้นที่ จ.จันทบุรี ได้โดยง่าย,cleaned_title,พบชาวกัมพูชาเดินทางข้ามแดนเข้าไทย ในพื้นที่ จ.จันทบุรี ได้โดยง่าย,https://www.antifakenewscenter.com/?p=86355,T06,False,False,other,33f0ea94b5436d9bc7a6,28,keyword_seed,0.9999999403953552,737,,,pending,crossborder_people_services,"assistant read claim/title, not full-source verification",พบชาวกัมพูชาเดินทางข้ามแดนเข้าไทย ในพื้นที่ จ.จันทบุรี ได้โดยง่าย,,,pending,1,
669,afnc,2026-05-03,2026,false,source,คนไทยกว่า 600 คน กลับประเทศไม่ได้ หลังกัมพูชาไม่เปิดด่านตามที่ตกลง,cleaned_title,คนไทยกว่า 600 คน กลับประเทศไม่ได้ หลังกัมพูชาไม่เปิดด่านตามที่ตกลง,https://www.antifakenewscenter.com/?p=86622,other,False,False,other,02565f033f51dca67dc5,-1,semantic_neighbor,0.9401533007621765,1003,,,pending,out_of_scope,"assistant read claim/title, not full-source verification",คนไทยกว่า 600 คน กลับประเทศไม่ได้ หลังกัมพูชาไม่เปิดด่านตามที่ตกลง,,,pending,1,
656,afnc,2026-05-04,2026,false,source,เครือข่ายสแกมเมอร์ หลอกคนไทยเช่าบัญชี พาข้ามแดนไปกัมพูชา,cleaned_title,เครือข่ายสแกมเมอร์ หลอกคนไทยเช่าบัญชี พาข้ามแดนไปกัมพูชา,https://www.antifakenewscenter.com/?p=86666,other,False,False,other,1a23cac6948196075752,-1,semantic_neighbor,0.9472877979278564,3233,,,pending,out_of_scope,"assistant read claim/title, not full-source verification",เครือข่ายสแกมเมอร์ หลอกคนไทยเช่าบัญชี พาข้ามแดนไปกัมพูชา,,,pending,1,
655,afnc,2026-05-04,2026,false,source,รมว.ต่างประเทศ เสนอให้ตัดทุนการศึกษาเด็กกัมพูชา,cleaned_title,รมว.ต่างประเทศ เสนอให้ตัดทุนการศึกษาเด็กกัมพูชา,https://www.antifakenewscenter.com/?p=86676,other,False,False,other,ad06e5f6d8c8bebebd79,-1,semantic_neighbor,0.9332009553909302,27700,,,pending,resident_refugee_status,"assistant read claim/title, not full-source verification",รมว.ต่างประเทศ เสนอให้ตัดทุนการศึกษาเด็กกัมพูชา,,,pending,1,
639,afnc,2026-05-06,2026,false,source,รับทำใบขับขี่ทุกประเภท ผ่านเพจ Learn to drive ครูทิวร์ โปร่งใส ตรวจสอบได้,cleaned_title,รับทำใบขับขี่ทุกประเภท ผ่านเพจ Learn to drive ครูทิวร์ โปร่งใส ตรวจสอบได้,https://www.antifakenewscenter.com/?p=86696,other,False,False,other,21ee0bae515845f550db,2,semantic_neighbor,0.9328078031539917,2232,,,pending,out_of_scope,"assistant read claim/title, not full-source verification",รับทำใบขับขี่ทุกประเภท ผ่านเพจ Learn to drive ครูทิวร์ โปร่งใส ตรวจสอบได้,,,pending,1,
26715,thaipbs,2026-05-10,2026,false,source,อังคณา นีละไพจิตร สว. ระบุว่า “คนกัมพูชาเดือดร้อนจากฝนที่ตก คนไทยควรช่วยสร้างบ้านให้”,llm,โพสต์อ้าง “อังคณา นีละไพจิตร” แนะคนไทยช่วยคนกัมพูชาสร้างบ้านหลบฝน ตรวจสอบแล้วเป็นข้อมูลเท็จ,https://www.thaipbs.or.th/verify/content/12100,other,False,False,other,345d750c72ad4a007c3a,28,keyword_seed,1.0000001192092896,26715,,,pending,crossborder_people_services,"assistant read claim/title, not full-source verification",โพสต์อ้าง “อังคณา นีละไพจิตร” แนะคนไทยช่วยคนกัมพูชาสร้างบ้านหลบฝน ตรวจสอบแล้วเป็นข้อมูลเท็จ,,,pending,1,
580,afnc,2026-05-12,2026,false,source,กัมพูชากวาดล้างแก๊งคอลเซ็นเตอร์ ทำให้ลักลอบทะลักมาทางชายแดนไทย,cleaned_title,กัมพูชากวาดล้างแก๊งคอลเซ็นเตอร์ ทำให้ลักลอบทะลักมาทางชายแดนไทย,https://www.antifakenewscenter.com/?p=86985,T03;T10,False,True,security,ec018b71f8e7185c7178,-1,semantic_neighbor,0.939484715461731,1146,,,pending,crossborder_people_services,"assistant read claim/title, not full-source verification",กัมพูชากวาดล้างแก๊งคอลเซ็นเตอร์ ทำให้ลักลอบทะลักมาทางชายแดนไทย,,,pending,1,
561,afnc,2026-05-14,2026,false,source,"รัฐบาลต่ออายุใบอนุญาตทำงานให้กับแรงงานกัมพูชากว่า 200,000 คน ที่ยังอยู่นอกระบบ",cleaned_title,"รัฐบาลต่ออายุใบอนุญาตทำงานให้กับแรงงานกัมพูชากว่า 200,000 คน ที่ยังอยู่นอกระบบ",https://www.antifakenewscenter.com/?p=87091,other,True,False,jobs,9eb01e58c09b8e36e1fa,28,keyword_seed,1.000000238418579,561,,,pending,resident_refugee_status,"assistant read claim/title, not full-source verification","รัฐบาลต่ออายุใบอนุญาตทำงานให้กับแรงงานกัมพูชากว่า 200,000 คน ที่ยังอยู่นอกระบบ",,,pending,1,
16703,afp,2026-05-15,2026,false,source,คลิปเสียงนายกฯ อนุทินเตรียมเปิดชายแดนไทย-กัมพูชา,source,เสียงนายกฯ อ้าง 'เตรียมเปิดด่านชายแดนไทย-กัมพูชา' เป็นคลิปที่สร้างด้วยเอไอ,https://factcheckthailand.afp.com/doc.afp.com.B2WN3T3,T10,False,True,other,1eb86e13f8abde7eea62,-1,semantic_neighbor,0.9304856657981873,16922,,,pending,out_of_scope,"assistant read claim/title, not full-source verification",เสียงนายกฯ อ้าง 'เตรียมเปิดด่านชายแดนไทย-กัมพูชา' เป็นคลิปที่สร้างด้วยเอไอ,,,pending,1,
527,afnc,2026-05-18,2026,misleading,source,คนไทยเจาะบ่อบาดาลขออนุญาต แต่ต่างด้าวทำกิจการปิโตรเคมีได้โดยไม่ต้องขออนุญาต,cleaned_title,คนไทยเจาะบ่อบาดาลขออนุญาต แต่ต่างด้าวทำกิจการปิโตรเคมีได้โดยไม่ต้องขออนุญาต,https://www.antifakenewscenter.com/?p=87197,T06,True,False,other,0f7c41f775a309ce6692,-1,keyword_seed,1.000000238418579,527,,,pending,resident_refugee_status,"assistant read claim/title, not full-source verification",คนไทยเจาะบ่อบาดาลขออนุญาต แต่ต่างด้าวทำกิจการปิโตรเคมีได้โดยไม่ต้องขออนุญาต,,,pending,1,
454,afnc,2026-05-26,2026,false,source,ทหารกัมพูชาแพ้ทหารไทยในการรบ เพราะทหารไทยเสพยาบ้า,cleaned_title,ทหารกัมพูชาแพ้ทหารไทยในการรบ เพราะทหารไทยเสพยาบ้า,https://www.antifakenewscenter.com/?p=87507,T10,False,True,other,057e501b064f31fff9e6,6,semantic_neighbor,0.9319080710411072,1543,,,pending,out_of_scope,"assistant read claim/title, not full-source verification",ทหารกัมพูชาแพ้ทหารไทยในการรบ เพราะทหารไทยเสพยาบ้า,,,pending,1,
451,afnc,2026-05-26,2026,false,source,ภาพชาวกัมพูชารวมตัวทั้งประเทศ เรียกร้องให้ไทยจ่ายคนละครึ่งพลัสให้กับแรงงานกัมพูชาทุกคน,cleaned_title,ภาพชาวกัมพูชารวมตัวทั้งประเทศ เรียกร้องให้ไทยจ่ายคนละครึ่งพลัสให้กับแรงงานกัมพูชาทุกคน,https://www.antifakenewscenter.com/?p=87532,T06;T05,True,False,other,636305585b92eb263f4e,28,keyword_seed,1.0000001192092896,451,,,pending,resident_refugee_status,"assistant read claim/title, not full-source verification",ภาพชาวกัมพูชารวมตัวทั้งประเทศ เรียกร้องให้ไทยจ่ายคนละครึ่งพลัสให้กับแรงงานกัมพูชาทุกคน,,,pending,1,
6,afp,2026-05-29,2026,false,source,ดีไซเนอร์ชาวกัมพูชาถูกเจ้าหน้าที่พาตัวออกไปจากเทศกาลหนังเมืองคานส์,source,ผู้ใช้งานสื่อสังคมออนไลน์แชร์ภาพเอไอเพื่อล้อเลียนดีไซเนอร์ชาวกัมพูชาที่เทศกาลภาพยนตร์เมืองคานส์,https://factcheckthailand.afp.com/doc.afp.com.B4CW9D3,T06,False,False,other,0242aca4b009c74267ea,-1,keyword_seed,1.0,6,,,pending,out_of_scope,"assistant read claim/title, not full-source verification",ผู้ใช้งานสื่อสังคมออนไลน์แชร์ภาพเอไอเพื่อล้อเลียนดีไซเนอร์ชาวกัมพูชาที่เทศกาลภาพยนตร์เมืองคานส์,,,pending,1,
415,afnc,2026-05-30,2026,misleading,source,กัมพูชา ซื้อหัวโขนจากไทย เพื่อเอาไปเป็นต้นแบบ,cleaned_title,กัมพูชา ซื้อหัวโขนจากไทย เพื่อเอาไปเป็นต้นแบบ,https://www.antifakenewscenter.com/?p=87668,other,False,False,other,41e28fe7d984d3b382cb,52,semantic_neighbor,0.938055694103241,1311,,,pending,out_of_scope,"assistant read claim/title, not full-source verification",กัมพูชา ซื้อหัวโขนจากไทย เพื่อเอาไปเป็นต้นแบบ,,,pending,1,
396,afnc,2026-06-01,2026,false,source,ด่านปิดมา 1 ปี แต่ยังพบชาวกัมพูชาสัญจรไปมา-อาศัยในพื้นที่ คลองลึก โรงเกลือ จ.สระแก้ว,cleaned_title,ด่านปิดมา 1 ปี แต่ยังพบชาวกัมพูชาสัญจรไปมา-อาศัยในพื้นที่ คลองลึก โรงเกลือ จ.สระแก้ว,https://www.antifakenewscenter.com/?p=87766,T06,False,False,other,0e14e6e426b2e450b552,28,keyword_seed,0.9999999403953552,396,,,pending,resident_refugee_status,"assistant read claim/title, not full-source verification",ด่านปิดมา 1 ปี แต่ยังพบชาวกัมพูชาสัญจรไปมา-อาศัยในพื้นที่ คลองลึก โรงเกลือ จ.สระแก้ว,,,pending,1,
27211,cofact,2026-06-05,2026,false,human,"บักบอย อินฟลูเอ็นเซอร์ชาวเขมรเรียกร้องให้แรงงานเขมรในไทยได้รับสิทธิ์โครงการคนละครึ่งและขอขึ้นค่าแรงขั้นต่ำเป็น 1,500 บาท",llm,กัมพูชาเรียกร้องสิทธิ์คนละครึ่ง-ขึ้นค่าแรงให้แรงงานเขมรในไทย เนื้อหาเท็จที่เกาะกระแส “ไทยช่วยไทยพลัส”,https://blog.cofact.org/th/report-thai-cambodia-05062026/,T05,False,False,rights,6e94c447714b46e4a0b5,-1,keyword_seed,0.9999995231628418,27211,,,pending,resident_refugee_status,"assistant read claim/title, not full-source verification",กัมพูชาเรียกร้องสิทธิ์คนละครึ่ง-ขึ้นค่าแรงให้แรงงานเขมรในไทย เนื้อหาเท็จที่เกาะกระแส “ไทยช่วยไทยพลัส”,,,pending,1,
330,afnc,2026-06-08,2026,false,source,ทำใบขับขี่ออนไลน์ได้แล้ว ผ่านเพจ ครูรุจ ทำใบขับขี่ออนไลน์ สอนขับรถ ทุกชนิด,cleaned_title,ทำใบขับขี่ออนไลน์ได้แล้ว ผ่านเพจ ครูรุจ ทำใบขับขี่ออนไลน์ สอนขับรถ ทุกชนิด,https://www.antifakenewscenter.com/?p=88021,other,False,False,other,f7ead3d94475a149937c,2,semantic_neighbor,0.9357784390449524,2232,,,pending,out_of_scope,"assistant read claim/title, not full-source verification",ทำใบขับขี่ออนไลน์ได้แล้ว ผ่านเพจ ครูรุจ ทำใบขับขี่ออนไลน์ สอนขับรถ ทุกชนิด,,,pending,1,
301,afnc,2026-06-11,2026,false,source,ทหารไทยสร้างถนนยาวกว่า 200 กม. ให้ชาวลาว โดยไม่คิดค่าแรง,cleaned_title,ทหารไทยสร้างถนนยาวกว่า 200 กม. ให้ชาวลาว โดยไม่คิดค่าแรง,https://www.antifakenewscenter.com/?p=88145,T06,False,False,other,a28086cdaa0f1de53487,-1,keyword_seed,0.9999996423721313,301,,,pending,out_of_scope,"assistant read claim/title, not full-source verification",ทหารไทยสร้างถนนยาวกว่า 200 กม. ให้ชาวลาว โดยไม่คิดค่าแรง,,,pending,1,
298,afnc,2026-06-11,2026,false,source,"แรงงานกัมพูชา จ่าย 7,000 บาท ก็กลับมาทำงานที่ไทยได้",cleaned_title,"แรงงานกัมพูชา จ่าย 7,000 บาท ก็กลับมาทำงานที่ไทยได้",https://www.antifakenewscenter.com/?p=88167,other,True,False,jobs,7691416bee66a4cc9ecf,28,keyword_seed,1.000000238418579,298,,,pending,resident_refugee_status,"assistant read claim/title, not full-source verification","แรงงานกัมพูชา จ่าย 7,000 บาท ก็กลับมาทำงานที่ไทยได้",,,pending,1,
286,afnc,2026-06-12,2026,false,source,รัฐบาลให้สิทธิบัตรสวัสดิการแห่งรัฐกับคนพม่า,cleaned_title,รัฐบาลให้สิทธิบัตรสวัสดิการแห่งรัฐกับคนพม่า,https://www.antifakenewscenter.com/?p=88251,other,False,False,rights,ee486a97185bca3bcece,49,keyword_seed,0.9999997615814209,286,,,pending,resident_refugee_status,"assistant read claim/title, not full-source verification",รัฐบาลให้สิทธิบัตรสวัสดิการแห่งรัฐกับคนพม่า,,,pending,1,
27187,cofact,2026-06-15,2026,false,human,รัฐบาลกำลังร่างกฎหมายให้สัญชาติไทยและบัตรประชาชนแก่คนต่างด้าวรวมถึงคนต่างด้าวที่เข้ามาทำงานในไทยเป็นเวลานาน,human,ผู้ใช้เฟซบุ๊กโพสต์เนื้อหาที่สร้างความเข้าใจผิดว่าการแก้ไข พ.ร.บ.สัญชาติ มาตรา 7 จะทำให้คนต่างด้าวได้สัญชาติไทย,https://blog.cofact.org/th/fact-check-nationality-law-15062026/,T06,True,False,jobs;rights,0517f82f94427d92488e,49,keyword_seed,0.9999998807907104,27187,,,pending,resident_refugee_status,"assistant read claim/title, not full-source verification",ผู้ใช้เฟซบุ๊กโพสต์เนื้อหาที่สร้างความเข้าใจผิดว่าการแก้ไข พ.ร.บ.สัญชาติ มาตรา 7 จะทำให้คนต่างด้าวได้สัญชาติไทย,,,pending,1,
252,afnc,2026-06-16,2026,misleading,source,แรงงานต่างด้าวฝากครรภ์ในโรงพยาบาลไทย หลังคลอดมีเงินบำรุงบุตร มีสวัสดิการ,cleaned_title,แรงงานต่างด้าวฝากครรภ์ในโรงพยาบาลไทย หลังคลอดมีเงินบำรุงบุตร มีสวัสดิการ,https://www.antifakenewscenter.com/?p=88433,T06,True,False,health;rights,b13e4c726510e872c158,49,keyword_seed,1.000000238418579,252,,,pending,resident_refugee_status,"assistant read claim/title, not full-source verification",แรงงานต่างด้าวฝากครรภ์ในโรงพยาบาลไทย หลังคลอดมีเงินบำรุงบุตร มีสวัสดิการ,,,pending,1,
28118,cofact,2026-06-17,2026,misleading,human,โพสต์กล่าวหารัฐบาลเพื่อไทย-ภูมิใจไทย “แจกสัญชาติไทยอย่างกับแจกกระดาษชำระ,human,ตรวจสอบโพสต์เฟซบุ๊กกล่าวหารัฐบาลเพื่อไทย-ภูมิใจไทย “แจกสัญชาติไทย” ส่วน ปชน. จ้องแปรรูปต่างด้าวเป็นฐานเสียง,https://blog.cofact.org/th/fact-check-thai-nationality-17062026/,T06,True,False,rights,db7d1c0b68ff86eb2cf4,43,keyword_seed,1.0000001192092896,28118,,,pending,resident_refugee_status,"assistant read claim/title, not full-source verification",ตรวจสอบโพสต์เฟซบุ๊กกล่าวหารัฐบาลเพื่อไทย-ภูมิใจไทย “แจกสัญชาติไทย” ส่วน ปชน. จ้องแปรรูปต่างด้าวเป็นฐานเสียง,,,pending,1,
234,afnc,2026-06-18,2026,false,source,กัมพูชาลากรถถัง 90 คัน ประชิดชายแดนอีสานใต้ของไทย,cleaned_title,กัมพูชาลากรถถัง 90 คัน ประชิดชายแดนอีสานใต้ของไทย,https://www.antifakenewscenter.com/?p=88508,other,False,True,other,66afc715f97ebd67e8ae,-1,semantic_neighbor,0.9321883916854858,1794,,,pending,out_of_scope,"assistant read claim/title, not full-source verification",กัมพูชาลากรถถัง 90 คัน ประชิดชายแดนอีสานใต้ของไทย,,,pending,1,
224,afnc,2026-06-19,2026,false,source,คนต่างด้าว แม้เป็นแรงงานผิดกฎหมาย หากคลอดลูกในไทย จะได้สัญชาติไทยทันที,cleaned_title,คนต่างด้าว แม้เป็นแรงงานผิดกฎหมาย หากคลอดลูกในไทย จะได้สัญชาติไทยทันที,https://www.antifakenewscenter.com/?p=88535,T06,True,False,rights,c2e07a78a14a3b183892,49,keyword_seed,1.000000238418579,224,,,pending,resident_refugee_status,"assistant read claim/title, not full-source verification",คนต่างด้าว แม้เป็นแรงงานผิดกฎหมาย หากคลอดลูกในไทย จะได้สัญชาติไทยทันที,,,pending,1,
222,afnc,2026-06-19,2026,false,source,ทหารกัมพูชา ถืออาวุธบุกรุกดินแดนไทย,cleaned_title,ทหารกัมพูชา ถืออาวุธบุกรุกดินแดนไทย,https://www.antifakenewscenter.com/?p=88543,T10,False,True,other,b69dc23da63b9a7cce1a,6,semantic_neighbor,0.9437614679336548,1794,,,pending,out_of_scope,"assistant read claim/title, not full-source verification",ทหารกัมพูชา ถืออาวุธบุกรุกดินแดนไทย,,,pending,1,
219,afnc,2026-06-19,2026,misleading,source,ผู้ป่วยต่างด้าวรับการรักษาในโรงพยาบาลของรัฐบาลไทย ด้วยเงินภาษีของคนไทย,cleaned_title,ผู้ป่วยต่างด้าวรับการรักษาในโรงพยาบาลของรัฐบาลไทย ด้วยเงินภาษีของคนไทย,https://www.antifakenewscenter.com/?p=88571,T06,True,False,health,3e1d711bd69e7402f634,49,keyword_seed,1.0000004768371582,219,,,pending,resident_refugee_status,"assistant read claim/title, not full-source verification",ผู้ป่วยต่างด้าวรับการรักษาในโรงพยาบาลของรัฐบาลไทย ด้วยเงินภาษีของคนไทย,,,pending,1,
159,afnc,2026-06-26,2026,false,source,ไทยละเมิดอธิปไตยและบูรณภาพแห่งดินแดนของกัมพูชา,cleaned_title,ไทยละเมิดอธิปไตยและบูรณภาพแห่งดินแดนของกัมพูชา,https://www.antifakenewscenter.com/?p=88810,other,False,False,other,b75c7380e5c9f5960895,6,semantic_neighbor,0.9302337765693665,7946,,,pending,out_of_scope,"assistant read claim/title, not full-source verification",ไทยละเมิดอธิปไตยและบูรณภาพแห่งดินแดนของกัมพูชา,,,pending,1,
138,afnc,2026-06-28,2026,misleading,source,"นายหน้าชาวเมียนมารับเปิดบัญชีธนาคาร 1,500 บาท ให้กับชาวเมียนมาในภูเก็ต",cleaned_title,"นายหน้าชาวเมียนมารับเปิดบัญชีธนาคาร 1,500 บาท ให้กับชาวเมียนมาในภูเก็ต",https://www.antifakenewscenter.com/?p=88902,other,False,False,security,c34d50812bf2240a14f5,49,keyword_seed,1.0000004768371582,138,,,pending,resident_refugee_status,"assistant read claim/title, not full-source verification","นายหน้าชาวเมียนมารับเปิดบัญชีธนาคาร 1,500 บาท ให้กับชาวเมียนมาในภูเก็ต",,,pending,1,
27872,cofact,2026-06-30,2026,altered_media,human,คลิปยุทโธปกรณ์ของกัมพูชาที่ได้รับจากจีน-ตั้งขบวนเตรียมรบกับไทยรอบ 3,llm,คลิปยุทโธปกรณ์ที่กัมพูชารับมาจากจีน-ตั้งขบวนเตรียมรบกับไทย เป็นคลิปที่สร้างด้วย AI,https://blog.cofact.org/th/fact-check-thai-cambodia-30062026/,other,False,False,other,f97789d195d70fc2682a,63,semantic_neighbor,0.9359487891197205,26880,,,pending,out_of_scope,"assistant read claim/title, not full-source verification",คลิปยุทโธปกรณ์ที่กัมพูชารับมาจากจีน-ตั้งขบวนเตรียมรบกับไทย เป็นคลิปที่สร้างด้วย AI,,,pending,1,
99,afnc,2026-07-02,2026,misleading,source,"ชาวกัมพูชาแอบลักลอบเข้าไทย จ่ายค่านายหน้า 7,500 - 8,000 บาท",cleaned_title,"ชาวกัมพูชาแอบลักลอบเข้าไทย จ่ายค่านายหน้า 7,500 - 8,000 บาท",https://www.antifakenewscenter.com/?p=89091,T06,False,False,security,d832076d9a6ebe19efe8,28,keyword_seed,1.0000003576278687,99,,,pending,resident_refugee_status,"assistant read claim/title, not full-source verification","ชาวกัมพูชาแอบลักลอบเข้าไทย จ่ายค่านายหน้า 7,500 - 8,000 บาท",,,pending,1,
89,afnc,2026-07-03,2026,false,source,พบชาวกัมพูชาเดิน ตลาดโรงเกลือ เกือบ 100 เปอร์เซ็นต์ ทั้งที่ด่านปิด,cleaned_title,พบชาวกัมพูชาเดิน ตลาดโรงเกลือ เกือบ 100 เปอร์เซ็นต์ ทั้งที่ด่านปิด,https://www.antifakenewscenter.com/?p=89127,T06,False,False,other,483a9ed2bee6819fdba2,-1,keyword_seed,0.9999998211860657,89,,,pending,resident_refugee_status,"assistant read claim/title, not full-source verification",พบชาวกัมพูชาเดิน ตลาดโรงเกลือ เกือบ 100 เปอร์เซ็นต์ ทั้งที่ด่านปิด,,,pending,1,
69,afnc,2026-07-05,2026,false,source,"ไทยได้สังหารหมู่ผู้ลี้ภัยชาวกัมพูชา มากกว่า 45,000 คน ภายในเวลาเพียง 1 วัน",cleaned_title,"ไทยได้สังหารหมู่ผู้ลี้ภัยชาวกัมพูชา มากกว่า 45,000 คน ภายในเวลาเพียง 1 วัน",https://www.antifakenewscenter.com/?p=89321,T06,True,False,other,ad2bfb044000910c66fa,-1,keyword_seed,0.9999997615814209,69,,,pending,resident_refugee_status,"assistant read claim/title, not full-source verification","ไทยได้สังหารหมู่ผู้ลี้ภัยชาวกัมพูชา มากกว่า 45,000 คน ภายในเวลาเพียง 1 วัน",,,pending,1,
59,afnc,2026-07-06,2026,misleading,source,ทหารไทยสั่งปิดท่าข้ามแม่สอด ป้องกันส่งเสบียงฝั่งพม่า หลังกระสุนตกใส่บ้านไทย,cleaned_title,ทหารไทยสั่งปิดท่าข้ามแม่สอด ป้องกันส่งเสบียงฝั่งพม่า หลังกระสุนตกใส่บ้านไทย,https://www.antifakenewscenter.com/?p=89391,other,False,False,other,fab4ff659cda5c370995,6,semantic_neighbor,0.9302972555160522,13201,,,pending,out_of_scope,"assistant read claim/title, not full-source verification",ทหารไทยสั่งปิดท่าข้ามแม่สอด ป้องกันส่งเสบียงฝั่งพม่า หลังกระสุนตกใส่บ้านไทย,,,pending,1,
58,afnc,2026-07-06,2026,false,source,รั้วชายแดนเอาไม่อยู่ รถตู้ VIP จากกัมพูชา วิ่งผ่านเข้าไทยได้อย่างง่ายดาย,cleaned_title,รั้วชายแดนเอาไม่อยู่ รถตู้ VIP จากกัมพูชา วิ่งผ่านเข้าไทยได้อย่างง่ายดาย,https://www.antifakenewscenter.com/?p=89371,other,False,True,other,3f84f4ef116b659b05b0,28,semantic_neighbor,0.9308298230171204,737,,,pending,crossborder_people_services,"assistant read claim/title, not full-source verification",รั้วชายแดนเอาไม่อยู่ รถตู้ VIP จากกัมพูชา วิ่งผ่านเข้าไทยได้อย่างง่ายดาย,,,pending,1,
50,afnc,2026-07-07,2026,false,source,กรมการขนส่งทางบก เปิดรับทำใบขับขี่ ผ่านเพจ รับทำใบขับขี่-เร่งด่วน,cleaned_title,กรมการขนส่งทางบก เปิดรับทำใบขับขี่ ผ่านเพจ รับทำใบขับขี่-เร่งด่วน,https://www.antifakenewscenter.com/?p=89419,other,False,False,other,7cc25578a80ec58f5fda,2,semantic_neighbor,0.9482606649398804,2232,,,pending,out_of_scope,"assistant read claim/title, not full-source verification",กรมการขนส่งทางบก เปิดรับทำใบขับขี่ ผ่านเพจ รับทำใบขับขี่-เร่งด่วน,,,pending,1,
42,afnc,2026-07-08,2026,false,source,กัมพูชากล่าวหาคณะ AOT ฝ่ายไทย ปลูกต้นกล้าบริเวณปราสาทคนาโดยไม่ขออนุญาต,cleaned_title,กัมพูชากล่าวหาคณะ AOT ฝ่ายไทย ปลูกต้นกล้าบริเวณปราสาทคนาโดยไม่ขออนุญาต,https://www.antifakenewscenter.com/?p=89451,other,False,False,other,fababe8d95fd24241aaa,-1,semantic_neighbor,0.930405855178833,16877,,,pending,out_of_scope,"assistant read claim/title, not full-source verification",กัมพูชากล่าวหาคณะ AOT ฝ่ายไทย ปลูกต้นกล้าบริเวณปราสาทคนาโดยไม่ขออนุญาต,,,pending,1,
39,afnc,2026-07-08,2026,misleading,source,ภูเก็ตมีแรงงานข้ามชาติทั้งในและนอกระบบรวมกว่า 2 แสนคน,cleaned_title,ภูเก็ตมีแรงงานข้ามชาติทั้งในและนอกระบบรวมกว่า 2 แสนคน,https://www.antifakenewscenter.com/?p=89487,other,True,False,other,00ac9262d633063f2586,-1,keyword_seed,1.000000238418579,39,,,pending,resident_refugee_status,"assistant read claim/title, not full-source verification",ภูเก็ตมีแรงงานข้ามชาติทั้งในและนอกระบบรวมกว่า 2 แสนคน,,,pending,1,
28176,thaipbs,2026-07-14,2026,altered_media,source,หญิงต่างด้าวรอคลอดเต็มโรงพยาบาล ทำให้เด็กต่างด้าวเกิดใหม่ก้าวกระโดดแซงหน้าเด็กไทย,llm,โพสต์อ้างภาพ “หญิงต่างด้าวรอคลอดเต็ม รพ.” ตรวจสอบแล้วถูกสร้างจาก AI,https://www.thaipbs.or.th/verify/content/14057,T06,True,False,health,ef5cd073a022c8577467,49,keyword_seed,1.0,28176,,,pending,resident_refugee_status,"assistant read claim/title, not full-source verification",โพสต์อ้างภาพ “หญิงต่างด้าวรอคลอดเต็ม รพ.” ตรวจสอบแล้วถูกสร้างจาก AI,,,pending,1,
28224,cofact,2026-07-17,2026,misleading,human,อาชีพนายหน้าหรือว่าล่ามแปลภาษา เป็นอาชีพสงวนของคนไทย ต่างด้าวพม่ารามัญไม่สามารถทำได้,llm,เพจเฟซบุ๊กโพสต์เนื้อหาบิดเบือนเกี่ยวกับอาชีพที่ห้ามคนต่างด้าวทำ ปั่นกระแส “ต่างด้าวแย่งงานคนไทย”,https://blog.cofact.org/th/fact-check-translator-17072026/,T06,True,False,jobs;security,fa4db005711ecc3d988e,49,keyword_seed,1.0000003576278687,28224,,,pending,resident_refugee_status,"assistant read claim/title, not full-source verification",เพจเฟซบุ๊กโพสต์เนื้อหาบิดเบือนเกี่ยวกับอาชีพที่ห้ามคนต่างด้าวทำ ปั่นกระแส “ต่างด้าวแย่งงานคนไทย”,,,pending,1,
28752,cofact,2026-08-19,2026,misleading,human,คลิปประชาสัมพันธ์การแข่งขันยิงปืนของกองทัพเรือ ถูกนำมาสร้างความเข้าใจผิดว่าเป็นเหตุปะทะไทย-กัมพูชา,cleaned_title,คลิปประชาสัมพันธ์การแข่งขันยิงปืนของกองทัพเรือ ถูกนำมาสร้างความเข้าใจผิดว่าเป็นเหตุปะทะไทย-กัมพูชา,https://blog.cofact.org/th/fact-check-thai-cambodia-19082026/,other,False,True,other,3dd48b1b4393fd50eb7e,63,semantic_neighbor,0.9352496266365051,26880,,,pending,out_of_scope,"assistant read claim/title, not full-source verification",คลิปประชาสัมพันธ์การแข่งขันยิงปืนของกองทัพเรือ ถูกนำมาสร้างความเข้าใจผิดว่าเป็นเหตุปะทะไทย-กัมพูชา,,,pending,1,
28891,cofact,2026-08-27,2026,misleading,human,ข่าว นศ. ร้องเรียนปัญหากู้เงิน กยศ. ถูกนำมาเติมข้อความและบิดเบือน เพื่อปลุกปั่นความเกลียดชังคนต่างด้าว,cleaned_title,ข่าว นศ. ร้องเรียนปัญหากู้เงิน กยศ. ถูกนำมาเติมข้อความและบิดเบือน เพื่อปลุกปั่นความเกลียดชังคนต่างด้าว,https://blog.cofact.org/th/fact-check-student-loan-270820266/,T03;T06,True,False,other,78f02c6c8d5e0e293348,29,keyword_seed,1.0000005960464478,28891,,,pending,resident_refugee_status,"assistant read claim/title, not full-source verification",ข่าว นศ. ร้องเรียนปัญหากู้เงิน กยศ. ถูกนำมาเติมข้อความและบิดเบือน เพื่อปลุกปั่นความเกลียดชังคนต่างด้าว,,,pending,1,
26615,sure_share,2015-10-09,2015,false,human,ภาพถ่ายจานบินที่ลาวที่มีคนแชร์กันอย่างต่อเนื่องในโลกออนไลน์นั้นเป็นเรื่องจริง,llm,พิสูจน์ภาพถ่ายจานบินที่ลาว | สำนักข่าวไทย อสมท,https://www.youtube.com/watch?v=aC89GaJ1z4U,other,False,False,other,ab82bc2b502d4e5eab37,-1,keyword_v2_nationality,,,,,,out_of_scope,"assistant read claim/title, not full-source verification (round 2, 2026-10-04)",พิสูจน์ภาพถ่ายจานบินที่ลาว | สำนักข่าวไทย อสมท,,,pending,2,ลาว
26575,sure_share,2016-01-09,2016,false,human,แม่ชาวอินเดียคลอดลูกแฝด 11 คน,llm,แม่ชาวอินเดียคลอดลูกแฝด 11 คน จริงหรือ!? | สำนักข่าวไทย อสมท,https://www.youtube.com/watch?v=vvF5kW7pYC4,other,False,False,other,f50fbbb30b656dc2b93e,0,keyword_v2_people,,,,,,out_of_scope,"assistant read claim/title, not full-source verification (round 2, 2026-10-04)",แม่ชาวอินเดียคลอดลูกแฝด 11 คน จริงหรือ!? | สำนักข่าวไทย อสมท,,,pending,2,ชาวอินเดีย
16541,afnc,2020-01-27,2020,false,source,พบผู้ป่วยชาวจีนติดเชื้อไวรัสโคโรนา รักษาตัวที่ รพ. ราชธานี จ.พระนครศรีอยุธยา,llm,พบผู้ป่วยชาวจีนติดเชื้อไวรัสโคโรนา รักษาตัวที่ รพ. ราชธานี จ.พระนครศรีอยุธยา ข่าวปลอมสร้างความปั่นป่วน​ หยุดแชร์!,https://www.antifakenewscenter.com/?p=1479,other,False,False,health,f6da5c2dbdd64e823723,7,keyword_v2_people,,,,,,unclear,"assistant read claim/title, not full-source verification (round 2, 2026-10-04)",พบผู้ป่วยชาวจีนติดเชื้อไวรัสโคโรนา รักษาตัวที่ รพ. ราชธานี จ.พระนครศรีอยุธยา ข่าวปลอมสร้างความปั่นป่วน​ หยุดแชร์!,,,pending,2,ชาวจีน
16531,afnc,2020-01-29,2020,false,source,เชื้อไวรัสโคโรนาทำพิษ ชาวจีนล้มตึงกลางสุวรรณภูมิ,cleaned_title,ข่าวปลอม อย่าแชร์!  เชื้อไวรัสโคโรนาทำพิษ ชาวจีนล้มตึงกลางสุวรรณภูมิ,https://www.antifakenewscenter.com/?p=1546,other,False,False,other,a7dcc6013efb603d5cf9,7,keyword_v2_people,,,,,,unclear,"assistant read claim/title, not full-source verification (round 2, 2026-10-04)",ข่าวปลอม อย่าแชร์!  เชื้อไวรัสโคโรนาทำพิษ ชาวจีนล้มตึงกลางสุวรรณภูมิ,,,pending,2,ชาวจีน
16517,afnc,2020-01-31,2020,false,source,นักท่องเที่ยวชาวจีนติดเชื้อไวรัสโคโรนา รักษาตัว รพ.ย่านชลบุรี,llm,ข่าวปลอม อย่าแชร์! เตือนระวัง! นักท่องเที่ยวชาวจีนติดเชื้อไวรัสโคโรนา รักษาตัว รพ.ย่านชลบุรี,https://www.antifakenewscenter.com/?p=1639,other,False,False,health,0663b0734f5580ea5cba,7,keyword_v2_people,,,,,,unclear,"assistant read claim/title, not full-source verification (round 2, 2026-10-04)",ข่าวปลอม อย่าแชร์! เตือนระวัง! นักท่องเที่ยวชาวจีนติดเชื้อไวรัสโคโรนา รักษาตัว รพ.ย่านชลบุรี,,,pending,2,ชาวจีน
16449,afnc,2020-02-17,2020,false,source,แพทย์เตือน ‘แม่สอด’ แหล่งพักคนจีน พื้นที่แพร่ระบาดเชื้อไวรัสโควิด-19,cleaned_title,ข่าวปลอม อย่าแชร์! แพทย์เตือน ‘แม่สอด’ แหล่งพักคนจีน พื้นที่แพร่ระบาดเชื้อไวรัสโควิด-19,https://www.antifakenewscenter.com/?p=2000,T02,False,False,health,ed12d6b0406bfc3ccf8a,7,keyword_v2_people,,,,,,resident_refugee_status,"assistant read claim/title, not full-source verification (round 2, 2026-10-04)",ข่าวปลอม อย่าแชร์! แพทย์เตือน ‘แม่สอด’ แหล่งพักคนจีน พื้นที่แพร่ระบาดเชื้อไวรัสโควิด-19,,,pending,2,คนจีน
16444,afnc,2020-02-18,2020,false,source,พบชาวจีนติดเชื้อไวรัสโคโรนาหนึ่งราย รักษาตัวอยู่ที่ รพ. ย่านบางแค,cleaned_title,ข่าวปลอม อย่าแชร์! พบชาวจีนติดเชื้อไวรัสโคโรนาหนึ่งราย รักษาตัวอยู่ที่ รพ. ย่านบางแค,https://www.antifakenewscenter.com/?p=2063,other,False,False,health,95f4c7870923f9108ddc,7,keyword_v2_people,,,,,,unclear,"assistant read claim/title, not full-source verification (round 2, 2026-10-04)",ข่าวปลอม อย่าแชร์! พบชาวจีนติดเชื้อไวรัสโคโรนาหนึ่งราย รักษาตัวอยู่ที่ รพ. ย่านบางแค,,,pending,2,ชาวจีน
17228,afp,2020-02-27,2020,false,source,ฮุนเซนติดไวรัสโคโรน่า,source,นี่เป็นภาพถ่ายนายกรัฐมนตรีกัมพูชา ฮุน เซน ขณะเข้ารักษาอาการป่วยที่โรงพยาบาลตั้งแต่ปี พ.ศ. 2560,https://factcheckthailand.afp.com/niiepnphaaphthaaynaaykrathmntriikamphuuchaa-hun-echn,other,False,False,other,2fed6f3aa2059cc808b1,7,keyword_v2_nationality,,,,,,out_of_scope,"assistant read claim/title, not full-source verification (round 2, 2026-10-04)",นี่เป็นภาพถ่ายนายกรัฐมนตรีกัมพูชา ฮุน เซน ขณะเข้ารักษาอาการป่วยที่โรงพยาบาลตั้งแต่ปี พ.ศ. 2560,,,pending,2,กัมพูชา
16382,afnc,2020-03-06,2020,false,source,บุรีรัมย์อย่าไปกันนะ ตอนนี้ติด COVID-19 จำนวน 20 กว่าคนละ ปิดข่าวกัน เค้าบอกว่าเชื้อมาจากคนจีนแก่,llm,ข่าวปลอม อย่าแชร์! พบผู้ติดเชื้อไวรัส COVID-19 ที่จังหวัดบุรีรัมย์ 20 ราย,https://www.antifakenewscenter.com/?p=2474,T02,False,False,other,d866206d41477ffb5057,7,keyword_v2_people,,,,,,unclear,"assistant read claim/title, not full-source verification (round 2, 2026-10-04)",ข่าวปลอม อย่าแชร์! พบผู้ติดเชื้อไวรัส COVID-19 ที่จังหวัดบุรีรัมย์ 20 ราย,,,pending,2,คนจีน
16353,afnc,2020-03-11,2020,false,source,จังหวัดเพชรบุรี,cleaned_title,ข่าวปลอม อย่าแชร์! จังหวัดเพชรบุรี พบชาวต่างชาติเสียชีวิตด้วยโรค COVID-19 จำนวน 1 ราย,https://www.antifakenewscenter.com/?p=2626,other,False,False,other,5b3185cf245d8dc36668,30,keyword_v2_people,,,,,,unclear,"assistant read claim/title, not full-source verification (round 2, 2026-10-04)",ข่าวปลอม อย่าแชร์! จังหวัดเพชรบุรี พบชาวต่างชาติเสียชีวิตด้วยโรค COVID-19 จำนวน 1 ราย,,,pending,2,ชาวต่างชาติ
16351,afnc,2020-03-11,2020,false,source,พบชาวต่างชาติเสียชีวิตจำนวน 1 ราย ด้วยโรค COVID-19 ที่โรงพยาบาลแห่งหนึ่งในจังหวัดภูเก็ต,cleaned_title,ข่าวปลอม อย่าแชร์! พบชาวต่างชาติเสียชีวิตจำนวน 1 ราย ด้วยโรค COVID-19 ที่โรงพยาบาลแห่งหนึ่งในจังหวัดภูเก็ต,https://www.antifakenewscenter.com/?p=2636,T02,False,False,health,f328f19eeb6cfeb69af5,7,keyword_v2_people,,,,,,unclear,"assistant read claim/title, not full-source verification (round 2, 2026-10-04)",ข่าวปลอม อย่าแชร์! พบชาวต่างชาติเสียชีวิตจำนวน 1 ราย ด้วยโรค COVID-19 ที่โรงพยาบาลแห่งหนึ่งในจังหวัดภูเก็ต,,,pending,2,ชาวต่างชาติ
17106,afp,2020-09-22,2020,misleading,source,ภาพคนแห่หนีการระบาดจากเมียนมาร์มาไทย?,source,ภาพถ่ายของ AFP ที่แสดงแรงงานชาวอินเดียเดินทางออกจากกรุงเดลีถูกนำไปกล่าวอ้างว่า ‘ชาวเมียนมาร์หลบหนีมาไทยหลังการระบาดของเชื้อไวรัสโคโรน่าสายพันธุ์ใหม่’,https://factcheckthailand.afp.com/afp-photo-indian-migrant-workers-leaving-delhi-falsely-circulated-myanmar-people-fleeing-thailand-th,other,False,False,other,28eb99eb81b15856b1b7,40,keyword_v2_people,,,,,,crossborder_people_services,"assistant read claim/title, not full-source verification (round 2, 2026-10-04)",ภาพถ่ายของ AFP ที่แสดงแรงงานชาวอินเดียเดินทางออกจากกรุงเดลีถูกนำไปกล่าวอ้างว่า ‘ชาวเมียนมาร์หลบหนีมาไทยหลังการระบาดของเชื้อไวรัสโคโรน่าสายพันธุ์ใหม่’,,,pending,2,ชาวอินเดีย
16858,afp,2020-11-06,2020,false,source,ซีไอเอรับรองคำขอลี้ภัยในหสรัฐฯ ให้แกนนำผู้ประท้วง?,source,คำกล่าวอ้างเท็จถูกเผยแพร่ออนไลน์ว่าซีไอเอได้อนุมัติสถานะผู้ลี้ภัยทางการเมืองในสหรัฐฯ ให้กับแกนนำผู้ประท้วงไทย,https://factcheckthailand.afp.com/misleading-claim-circulates-online-cia-has-granted-thai-protest-leaders-political-asylum-united-th,other,False,False,other,8ff778b2c73b16cd3475,40,keyword_v2_people,,,,,,out_of_scope,"assistant read claim/title, not full-source verification (round 2, 2026-10-04)",คำกล่าวอ้างเท็จถูกเผยแพร่ออนไลน์ว่าซีไอเอได้อนุมัติสถานะผู้ลี้ภัยทางการเมืองในสหรัฐฯ ให้กับแกนนำผู้ประท้วงไทย,,,pending,2,ผู้ลี้ภัย
16855,afp,2020-12-02,2020,false,source,วิดีโอแสดงลูกสาวของ โจ ไบเดน และ สี จิ้นผิง แสดงบนเวทีด้วยกัน?,source,นี่เป็นวิดีโอการแสดงของนักดนตรีชาวจีนและนักร้องชาวยูเครนในรายการโทรทัศน์ของประเทศจีน,https://factcheckthailand.afp.com/video-shows-chinese-musician-performing-ukrainian-singer-chinese-television-show-th,other,False,False,other,61601b4c521d9431693e,40,keyword_v2_people,,,,,,out_of_scope,"assistant read claim/title, not full-source verification (round 2, 2026-10-04)",นี่เป็นวิดีโอการแสดงของนักดนตรีชาวจีนและนักร้องชาวยูเครนในรายการโทรทัศน์ของประเทศจีน,,,pending,2,ชาวจีน
15590,afnc,2020-12-09,2020,false,source,โควิด-19 ระบาดในกัมพูชา มีผู้ติดเชื้อกว่าหมื่นคน,cleaned_title,ข่าวปลอม อย่าแชร์! โควิด-19 ระบาดในกัมพูชา มีผู้ติดเชื้อกว่าหมื่นคน,https://www.antifakenewscenter.com/?p=7268,T02,False,False,health,7ffb610b792a5796c0a5,7,keyword_v2_nationality,,,,,,out_of_scope,"assistant read claim/title, not full-source verification (round 2, 2026-10-04)",ข่าวปลอม อย่าแชร์! โควิด-19 ระบาดในกัมพูชา มีผู้ติดเชื้อกว่าหมื่นคน,,,pending,2,กัมพูชา
17344,afp,2021-02-05,2021,false,source,ภาพแสดงทหารถอดเครื่องแบบเพื่อแสดงอารยะขัดขืนต่อการรัฐประหารเมียนมาร์?,source,ภาพนี้แสดงเครื่องแบบและอาวุธที่ถูกทิ้งโดยทหารชาวตุรกี ภายหลังความพยายามรัฐประหารในปี 2559,https://factcheckthailand.afp.com/photo-shows-discarded-uniforms-and-weapons-turkish-soldiers-during-attempted-coup-2016-th,other,False,False,other,5b35fb714a45f8ef390e,40,keyword_v2_nationality,,,,,,out_of_scope,"assistant read claim/title, not full-source verification (round 2, 2026-10-04)",ภาพนี้แสดงเครื่องแบบและอาวุธที่ถูกทิ้งโดยทหารชาวตุรกี ภายหลังความพยายามรัฐประหารในปี 2559,,,pending,2,เมียนมา
17331,afp,2021-02-16,2021,false,source,ภาพแสดงผู้คนประท้วงในเมียนมาร์หลังการรัฐประหาร?,source,ภาพนี้ไม่ได้ถ่ายในประเทศเมียนมาร์ -- นี่เป็นภาพการประท้วงแบล็กไลฟส์แมตเทอร์ในประเทศสหรัฐอเมริกา,https://factcheckthailand.afp.com/photo-was-not-taken-myanmar-it-shows-black-lives-matter-protest-us-th,other,False,False,other,2696a5d2bac668f5ac33,40,keyword_v2_nationality,,,,,,out_of_scope,"assistant read claim/title, not full-source verification (round 2, 2026-10-04)",ภาพนี้ไม่ได้ถ่ายในประเทศเมียนมาร์ -- นี่เป็นภาพการประท้วงแบล็กไลฟส์แมตเทอร์ในประเทศสหรัฐอเมริกา,,,pending,2,เมียนมา
16808,afp,2021-03-09,2021,false,source,ทหารพม่า ฆ่าหมาตามหมู่บ้าน เพราะมันเห่าเวลาเจ้าหน้าที่ทหารไปตามจับชาวบ้านที่ต่อต้านการยึดอำนาจ ตอนกลางคืน..?,source,นี่เป็นภาพถ่ายของ AFP ที่แสดงสุนัขที่ถูกฆ่าจากนโยบายกำจัดสุนัขจรจัดในปี 2558 ที่ประเทศปากีสถาน ไม่ใช่ประเทศเมียนมาร์,https://factcheckthailand.afp.com/image-afp-photo-shows-dog-culling-2015-pakistan-not-myanmar-th,other,False,False,security,ef2090ef87a16c594b05,6,keyword_v2_nationality,,,,,,out_of_scope,"assistant read claim/title, not full-source verification (round 2, 2026-10-04)",นี่เป็นภาพถ่ายของ AFP ที่แสดงสุนัขที่ถูกฆ่าจากนโยบายกำจัดสุนัขจรจัดในปี 2558 ที่ประเทศปากีสถาน ไม่ใช่ประเทศเมียนมาร์,,,pending,2,เมียนมา
17034,afp,2021-04-07,2021,false,source,ภาพแสดงผู้หญิงถูกฆ่าในการประท้วงต่อต้านรัฐประหารเมียนมาร์ในปี 2564?,source,ภาพเก่าของผู้ลี้ภัยชาวโรฮิงญาถูกนำมาแชร์ออนไลน์ในโพสต์ที่ทำให้เข้าใจผิดเกี่ยวกับเหตุการณ์ความไม่สงบในเมียนมาร์,https://factcheckthailand.afp.com/thai-social-media-users-share-old-photo-rohingya-refugees-posts-about-myanmar-unrest-th,other,False,False,security,41bf6262dcfa9826bdfd,40,keyword_v2_people,,,,,,out_of_scope,"assistant read claim/title, not full-source verification (round 2, 2026-10-04)",ภาพเก่าของผู้ลี้ภัยชาวโรฮิงญาถูกนำมาแชร์ออนไลน์ในโพสต์ที่ทำให้เข้าใจผิดเกี่ยวกับเหตุการณ์ความไม่สงบในเมียนมาร์,,,pending,2,ผู้ลี้ภัย
15147,afnc,2021-04-25,2021,false,source,ชาวต่างชาติอินเดียติดเชื้อโควิด-19 เช่าเครื่องบินเหมาลำ เข้าประเทศไทย จำนวน 7 ราย,cleaned_title,ข่าวปลอม อย่าแชร์! ชาวต่างชาติอินเดียติดเชื้อโควิด-19 เช่าเครื่องบินเหมาลำ เข้าประเทศไทย จำนวน 7 ราย,https://www.antifakenewscenter.com/?p=9842,T02,False,False,health,eeb0162e8607fab8c8c7,7,keyword_v2_people,,,,,,crossborder_people_services,"assistant read claim/title, not full-source verification (round 2, 2026-10-04)",ข่าวปลอม อย่าแชร์! ชาวต่างชาติอินเดียติดเชื้อโควิด-19 เช่าเครื่องบินเหมาลำ เข้าประเทศไทย จำนวน 7 ราย,,,pending,2,ชาวต่างชาติ
17016,afp,2021-05-31,2021,false,source,ชาวอินเดียโยนรูปปั้นเทพเจ้าต่างๆ ทิ้งลงในแม่น้ำ เพราะพวกเขาไม่พอใจที่เทพเจ้าเหล่านี้ไม่สามารถปกป้องพวกเขาจากโรคโควิด-19,source,นี่เป็นภาพถ่ายที่แสดงเทวรูปจากพิธีกรรมทางศาสนาฮินดูในปี 2562 และไม่เกี่ยวกับการระบาดของโรคโควิด-19,https://factcheckthailand.afp.com/these-images-of-statues-thrown-by-hindus-are-from-2019-and-are-unrelated-to-covid-th,T02,False,False,health,756b45b0c43185a9ab00,7,keyword_v2_people,,,,,,out_of_scope,"assistant read claim/title, not full-source verification (round 2, 2026-10-04)",นี่เป็นภาพถ่ายที่แสดงเทวรูปจากพิธีกรรมทางศาสนาฮินดูในปี 2562 และไม่เกี่ยวกับการระบาดของโรคโควิด-19,,,pending,2,ชาวอินเดีย
14966,afnc,2021-06-19,2021,misleading,source,ประเทศลาวเปิดให้คนไทย เข้ารับการฉีดวัคซีนโควิด-19 ยี่ห้อ Pfizer ฟรี,cleaned_title,ข่าวบิดเบือน ประเทศลาวเปิดให้คนไทย เข้ารับการฉีดวัคซีนโควิด-19 ยี่ห้อ Pfizer ฟรี,https://www.antifakenewscenter.com/?p=10909,T02,False,False,health,d35c713e9f381c65c6b8,-1,keyword_v2_nationality,,,,,,out_of_scope,"assistant read claim/title, not full-source verification (round 2, 2026-10-04)",ข่าวบิดเบือน ประเทศลาวเปิดให้คนไทย เข้ารับการฉีดวัคซีนโควิด-19 ยี่ห้อ Pfizer ฟรี,,,pending,2,ลาว
17341,afp,2021-06-30,2021,misleading,source,ภาพแสดงสถานการณ์ในเมียนมาร์ภายหลังการรัฐประหาร ในปี 2564?,source,นี่เป็นภาพถ่ายเหตุการณ์ไฟไหม้ที่ค่ายผู้ลี้ภัยชาวพม่าในประเทศไทยในปี 2556,https://factcheckthailand.afp.com/doc.afp.com.9DK4TA,other,False,False,other,f7928b39fe5696571287,40,keyword_v2_people,,,,,,out_of_scope,"assistant read claim/title, not full-source verification (round 2, 2026-10-04)",นี่เป็นภาพถ่ายเหตุการณ์ไฟไหม้ที่ค่ายผู้ลี้ภัยชาวพม่าในประเทศไทยในปี 2556,,,pending,2,ผู้ลี้ภัย
14931,afnc,2021-07-01,2021,misleading,source,ประเทศลาวเปิดให้คนไทยฉีดวัคซีน Sinopharm ฟรี เพียงแค่แสดงบัตรประชาชน,cleaned_title,ข่าวบิดเบือน ประเทศลาวเปิดให้คนไทยฉีดวัคซีน Sinopharm ฟรี เพียงแค่แสดงบัตรประชาชน,https://www.antifakenewscenter.com/?p=11093,T02,False,False,health;rights,f242df40bbe4b7d70a28,48,keyword_v2_nationality,,,,,,out_of_scope,"assistant read claim/title, not full-source verification (round 2, 2026-10-04)",ข่าวบิดเบือน ประเทศลาวเปิดให้คนไทยฉีดวัคซีน Sinopharm ฟรี เพียงแค่แสดงบัตรประชาชน,,,pending,2,ลาว
14822,afnc,2021-08-03,2021,false,source,กลุ่มคนไทย 7 คนหลงป่าข้ามไปยังเขตแดนประเทศลาว ถูกจับแล้วได้รับการฉีดวัคซีน mRNA ก่อนส่งกลับไทย,cleaned_title,ข่าวปลอม อย่าแชร์! กลุ่มคนไทย 7 คนหลงป่าข้ามไปยังเขตแดนประเทศลาว ถูกจับแล้วได้รับการฉีดวัคซีน mRNA ก่อนส่งกลับไทย,https://www.antifakenewscenter.com/?p=11738,T02,False,False,health;security,4f705406a418c6a97d53,-1,keyword_v2_nationality,,,,,,out_of_scope,"assistant read claim/title, not full-source verification (round 2, 2026-10-04)",ข่าวปลอม อย่าแชร์! กลุ่มคนไทย 7 คนหลงป่าข้ามไปยังเขตแดนประเทศลาว ถูกจับแล้วได้รับการฉีดวัคซีน mRNA ก่อนส่งกลับไทย,,,pending,2,ลาว
14527,afnc,2021-10-15,2021,false,source,ตำรวจปฏิเสธการรับแจ้งความ จากเหตุการณ์ที่ชาวต่างชาติพลัดตกบ่อน้ำพุร้อน,cleaned_title,ข่าวปลอม อย่าแชร์! ตำรวจปฏิเสธการรับแจ้งความ จากเหตุการณ์ที่ชาวต่างชาติพลัดตกบ่อน้ำพุร้อน,https://www.antifakenewscenter.com/?p=13493,other,False,False,other,5b880747025bb861a6d2,-1,keyword_v2_people,,,,,,out_of_scope,"assistant read claim/title, not full-source verification (round 2, 2026-10-04)",ข่าวปลอม อย่าแชร์! ตำรวจปฏิเสธการรับแจ้งความ จากเหตุการณ์ที่ชาวต่างชาติพลัดตกบ่อน้ำพุร้อน,,,pending,2,ชาวต่างชาติ
14502,afnc,2021-10-20,2021,misleading,source,จีนไม่ออกพาสปอร์ตและห้ามคนจีนเที่ยวต่างประเทศอย่างต่ำ 2 ปี รัฐบาลและผู้ประกอบการเตรียมรับมือด่วน,cleaned_title,ข่าวบิดเบือน จีนไม่ออกพาสปอร์ตและห้ามคนจีนเที่ยวต่างประเทศอย่างต่ำ 2 ปี รัฐบาลและผู้ประกอบการเตรียมรับมือด่วน,https://www.antifakenewscenter.com/?p=15314,other,False,False,other,75637520290ae1f64941,-1,keyword_v2_people,,,,,,out_of_scope,"assistant read claim/title, not full-source verification (round 2, 2026-10-04)",ข่าวบิดเบือน จีนไม่ออกพาสปอร์ตและห้ามคนจีนเที่ยวต่างประเทศอย่างต่ำ 2 ปี รัฐบาลและผู้ประกอบการเตรียมรับมือด่วน,,,pending,2,คนจีน
14496,afnc,2021-10-21,2021,misleading,source,ปตท. ขายส่งดีเซลให้พม่าลิตรละ 14 บาท และให้พ่อค้าฝั่งพม่านำน้ำมันกลับมาขายให้คนไทยลิตรละ 21 บาท,cleaned_title,ข่าวบิดเบือน ปตท. ขายส่งดีเซลให้พม่าลิตรละ 14 บาท และให้พ่อค้าฝั่งพม่านำน้ำมันกลับมาขายให้คนไทยลิตรละ 21 บาท,https://www.antifakenewscenter.com/?p=15318,other,False,False,other,d7401f7aa40dd6205ceb,55,keyword_v2_nationality,,,,,,out_of_scope,"assistant read claim/title, not full-source verification (round 2, 2026-10-04)",ข่าวบิดเบือน ปตท. ขายส่งดีเซลให้พม่าลิตรละ 14 บาท และให้พ่อค้าฝั่งพม่านำน้ำมันกลับมาขายให้คนไทยลิตรละ 21 บาท,,,pending,2,พม่า
14485,afnc,2021-10-23,2021,false,source,พบนักท่องเที่ยวชาวต่างชาติเดินทางเข้าภูเก็ต 6 ประเทศ มีผลติดเชื้อโควิด-19 ทุกราย,cleaned_title,ข่าวปลอม อย่าแชร์! พบนักท่องเที่ยวชาวต่างชาติเดินทางเข้าภูเก็ต 6 ประเทศ มีผลติดเชื้อโควิด-19 ทุกราย,https://www.antifakenewscenter.com/?p=15327,T02,False,False,health,69219b4d497cc4af146c,7,keyword_v2_people,,,,,,unclear,"assistant read claim/title, not full-source verification (round 2, 2026-10-04)",ข่าวปลอม อย่าแชร์! พบนักท่องเที่ยวชาวต่างชาติเดินทางเข้าภูเก็ต 6 ประเทศ มีผลติดเชื้อโควิด-19 ทุกราย,,,pending,2,ชาวต่างชาติ
13656,afnc,2022-03-09,2022,misleading,source,โรงแรมในจังหวัดกระบี่ และภูเก็ต งดรับบัตรเครดิตนักท่องเที่ยวชาวรัสเซีย,cleaned_title,ข่าวบิดเบือน โรงแรมในจังหวัดกระบี่ และภูเก็ต งดรับบัตรเครดิตนักท่องเที่ยวชาวรัสเซีย,https://www.antifakenewscenter.com/?p=20381,other,False,False,other,88a20ffbf0980c0562ee,30,keyword_v2_people,,,,,,unclear,"assistant read claim/title, not full-source verification (round 2, 2026-10-04)",ข่าวบิดเบือน โรงแรมในจังหวัดกระบี่ และภูเก็ต งดรับบัตรเครดิตนักท่องเที่ยวชาวรัสเซีย,,,pending,2,ชาวรัสเซีย
17031,afp,2022-03-30,2022,misleading,source,เด็กชายตัวน้อยๆคนนี้ เดินร้องไห้ หนีสงครามจากยูเครนข้ามพรมแดนมาเพียงคนเดียว,source,คลิปวิดีโอเด็กชายที่พรมแดนประเทศโปแลนด์ ถูกแชร์พร้อมคำกล่าวอ้างที่ทำให้เข้าใจผิดว่าเขาลี้ภัยจากยูเครน “มาเพียงคนเดียว”,https://factcheckthailand.afp.com/doc.afp.com.3277989,other,False,False,other,17d61ebd08b10668723c,0,keyword_v2_people,,,,,,out_of_scope,"assistant read claim/title, not full-source verification (round 2, 2026-10-04)",คลิปวิดีโอเด็กชายที่พรมแดนประเทศโปแลนด์ ถูกแชร์พร้อมคำกล่าวอ้างที่ทำให้เข้าใจผิดว่าเขาลี้ภัยจากยูเครน “มาเพียงคนเดียว”,,,pending,2,ลี้ภัย
11818,afnc,2022-11-19,2022,false,source,ที่ปรึกษาการรถไฟแห่งประเทศไทยถูกจับเกี่ยวกับทุนจีนสีเทา,cleaned_title,ข่าวปลอม อย่าแชร์! ที่ปรึกษาการรถไฟแห่งประเทศไทยถูกจับเกี่ยวกับทุนจีนสีเทา,https://www.antifakenewscenter.com/?p=29365,other,False,False,other,56fc2b4cd411ae42236d,-1,keyword_v2_people,,,,,,out_of_scope,"assistant read claim/title, not full-source verification (round 2, 2026-10-04)",ข่าวปลอม อย่าแชร์! ที่ปรึกษาการรถไฟแห่งประเทศไทยถูกจับเกี่ยวกับทุนจีนสีเทา,,,pending,2,ทุนจีน
27475,cofact,2023-01-22,2023,false,human,ภาพเด็กนั่งปัสสาวะบนรันเวย์สนามบินในเวียดนาม ถูกนำมาสร้างความรู้สึกไม่ดีต่อนักท่องเที่ยวจีนในไทย,cleaned_title,ภาพเด็กนั่งปัสสาวะบนรันเวย์สนามบินในเวียดนาม ถูกนำมาสร้างความรู้สึกไม่ดีต่อนักท่องเที่ยวจีนในไทย,https://blog.cofact.org/th/article166/,other,False,False,other,6f5527a14286b2acc6bd,-1,keyword_v2_nationality,,,,,,unclear,"assistant read claim/title, not full-source verification (round 2, 2026-10-04)",ภาพเด็กนั่งปัสสาวะบนรันเวย์สนามบินในเวียดนาม ถูกนำมาสร้างความรู้สึกไม่ดีต่อนักท่องเที่ยวจีนในไทย,,,pending,2,เวียดนาม
10599,afnc,2023-04-14,2023,false,source,กัมพูชาติดต่อขอให้ประเทศไทยเปิดสอนภาษาเขมรในโรงเรียน,cleaned_title,ข่าวปลอม อย่าแชร์! กัมพูชาติดต่อขอให้ประเทศไทยเปิดสอนภาษาเขมรในโรงเรียน,https://www.antifakenewscenter.com/?p=35137,other,False,False,other,1b8058baf4a4448ea030,-1,keyword_v2_nationality,,,,,,unclear,"assistant read claim/title, not full-source verification (round 2, 2026-10-04)",ข่าวปลอม อย่าแชร์! กัมพูชาติดต่อขอให้ประเทศไทยเปิดสอนภาษาเขมรในโรงเรียน,,,pending,2,กัมพูชา
27368,cofact,2023-07-12,2023,misleading,human,เขมรโจมตีไทย หน่วยงานรัฐไทยแจง…ทำเป็นขบวนการ เหตุไม่พอใจเลียนแบบเขมร,llm,แจ้งเตือนภัยการโจมตีทางไซเบอร์ ถูกนำไปสร้างความเกลียดชังคนกัมพูชา,https://blog.cofact.org/th/anonymous-cambodia/,other,False,False,other,ca2934d61a1d75ce8a96,28,keyword_v2_people,,,,,,out_of_scope,"assistant read claim/title, not full-source verification (round 2, 2026-10-04)",แจ้งเตือนภัยการโจมตีทางไซเบอร์ ถูกนำไปสร้างความเกลียดชังคนกัมพูชา,,,pending,2,คนกัมพูชา
17064,afp,2023-10-31,2023,false,source,ชาวอิสราเอลและปาเลสไตน์หลายล้านคนกลายเป็นผู้ไร้บ้าน,source,นี่เป็นวิดีโอจากเทศกาลของชาวคาทอลิก ไม่ใช่เหตุการณ์จากความขัดแย้งระหว่างอิสราเอลกับฮามาส,https://factcheckthailand.afp.com/doc.afp.com.33Z82F9,T10,False,False,other,a412a6835a783d4ad291,-1,keyword_v2_people,,,,,,out_of_scope,"assistant read claim/title, not full-source verification (round 2, 2026-10-04)",นี่เป็นวิดีโอจากเทศกาลของชาวคาทอลิก ไม่ใช่เหตุการณ์จากความขัดแย้งระหว่างอิสราเอลกับฮามาส,,,pending,2,ชาวอิสราเอล
17074,afp,2023-11-06,2023,misleading,source,สามีภรรยาคู่หนึ่งในเทศกาลดนตรีถ่ายรูปคู่ก่อนถูกกลุ่มฮามาสยิงเสียชีวิต,source,คู่รักชาวอิสราเอลในภาพถ่ายที่ถูกแชร์ในสื่อสังคมออนไลน์ไม่ได้เสียชีวิตจากการโจมตีของกลุ่มฮามาส,https://factcheckthailand.afp.com/doc.afp.com.33ZJ76Y,other,False,False,other,b14664eb95e9d86df06b,-1,keyword_v2_people,,,,,,out_of_scope,"assistant read claim/title, not full-source verification (round 2, 2026-10-04)",คู่รักชาวอิสราเอลในภาพถ่ายที่ถูกแชร์ในสื่อสังคมออนไลน์ไม่ได้เสียชีวิตจากการโจมตีของกลุ่มฮามาส,,,pending,2,ชาวอิสราเอล
8102,afnc,2024-03-01,2024,false,source,การบินไทยจัดโปรโมชัน ดึงดูดชาวต่างชาติให้เดินทาง พร้อมแจกตั๋วเครื่องบินฟรี,cleaned_title,ข่าวปลอม อย่าแชร์! การบินไทยจัดโปรโมชัน ดึงดูดชาวต่างชาติให้เดินทาง พร้อมแจกตั๋วเครื่องบินฟรี,https://www.antifakenewscenter.com/?p=53299,other,False,False,other,69a118e3eef7ed57a95b,21,keyword_v2_people,,,,,,out_of_scope,"assistant read claim/title, not full-source verification (round 2, 2026-10-04)",ข่าวปลอม อย่าแชร์! การบินไทยจัดโปรโมชัน ดึงดูดชาวต่างชาติให้เดินทาง พร้อมแจกตั๋วเครื่องบินฟรี,,,pending,2,ชาวต่างชาติ
17086,afp,2024-03-28,2024,false,source,ผู้อพยพชาวเคิร์ตก่อความวุ่นวายในเมืองไซตามะของญี่ปุ่น,source,"วิดีโอจากหน้าสถานทูตตุรกีในโตเกียวปี 2558 ถูกแชร์พร้อมคำกล่าวอ้างเท็จว่า ""ผู้อพยพชาวเคิร์ดก่อความวุ่นวาย"" ในเมืองไซตามะ",https://factcheckthailand.afp.com/doc.afp.com.34MA38P,other,False,False,other,00b2beed660b1c4fe5f7,57,keyword_v2_people,,,,,,out_of_scope,"assistant read claim/title, not full-source verification (round 2, 2026-10-04)","วิดีโอจากหน้าสถานทูตตุรกีในโตเกียวปี 2558 ถูกแชร์พร้อมคำกล่าวอ้างเท็จว่า ""ผู้อพยพชาวเคิร์ดก่อความวุ่นวาย"" ในเมืองไซตามะ",,,pending,2,ผู้อพยพ
7835,afnc,2024-04-01,2024,false,source,กัมพูชาเรียกเก็บค่าลิขสิทธิ์ไทยสร้างวัดเลียนแบบนครวัด,cleaned_title,ข่าวปลอม อย่าแชร์! กัมพูชาเรียกเก็บค่าลิขสิทธิ์ไทยสร้างวัดเลียนแบบนครวัด,https://www.antifakenewscenter.com/?p=54455,other,False,False,rights,177d98f5c67c092b63fb,52,keyword_v2_nationality,,,,,,out_of_scope,"assistant read claim/title, not full-source verification (round 2, 2026-10-04)",ข่าวปลอม อย่าแชร์! กัมพูชาเรียกเก็บค่าลิขสิทธิ์ไทยสร้างวัดเลียนแบบนครวัด,,,pending,2,กัมพูชา
7825,afnc,2024-04-02,2024,false,source,กองทัพกัมพูชาวางแผนรบใกล้เกาะกูด,cleaned_title,ข่าวปลอม อย่าแชร์! กองทัพกัมพูชาวางแผนรบใกล้เกาะกูด,https://www.antifakenewscenter.com/?p=54495,T06,False,True,other,68b2bdc68feca62347ba,6,keyword_v2_nationality,,,,,,out_of_scope,"assistant read claim/title, not full-source verification (round 2, 2026-10-04)",ข่าวปลอม อย่าแชร์! กองทัพกัมพูชาวางแผนรบใกล้เกาะกูด,,,pending,2,กัมพูชา
20476,sure_share,2024-05-31,2024,false,human,ดื่มน้ำจากกลางลำต้นของกล้วยช่วยรักษาไต ป้องกันไม่ให้เป็นนิ่ว หรือถ้าเป็นแล้วก็จะหายเป็นปลิดทิ้ง ชาวอินเดียไม่เคยมีปัญหาเรื่องนิ่วเพราะเขาทำสิ่งนี้,llm,ดื่มน้ำจากหยวกกล้วย ช่วยป้องกันนิ่ว แก้นิ่ว รักษาไต จริงหรือ ?,https://www.youtube.com/watch?v=XCbUbw7RIjI,T01,False,False,other,9084682429d915f4ea12,0,keyword_v2_people,,,,,,out_of_scope,"assistant read claim/title, not full-source verification (round 2, 2026-10-04)",ดื่มน้ำจากหยวกกล้วย ช่วยป้องกันนิ่ว แก้นิ่ว รักษาไต จริงหรือ ?,,,pending,2,ชาวอินเดีย
6609,afnc,2024-08-12,2024,false,source,จ้างเปลี่ยนสัญชาติจีนเป็นไทย ได้ใบเกิด ทะเบียนบ้าน และบัตรประชาชน สามารถทำได้ทุกอย่างเหมือนคนไทย,cleaned_title,ข่าวปลอม อย่าแชร์! จ้างเปลี่ยนสัญชาติจีนเป็นไทย ได้ใบเกิด ทะเบียนบ้าน และบัตรประชาชน สามารถทำได้ทุกอย่างเหมือนคนไทย,https://www.antifakenewscenter.com/?p=60773,other,False,False,rights,0dcd4bbb28c77fc33b60,49,keyword_v2_people,,,,,,resident_refugee_status,"assistant read claim/title, not full-source verification (round 2, 2026-10-04)",ข่าวปลอม อย่าแชร์! จ้างเปลี่ยนสัญชาติจีนเป็นไทย ได้ใบเกิด ทะเบียนบ้าน และบัตรประชาชน สามารถทำได้ทุกอย่างเหมือนคนไทย,,,pending,2,สัญชาติ
6389,afnc,2024-09-05,2024,false,source,โรงเรียนแห่งหนึ่งในประเทศไทย ให้นักเรียนเข้าแถวร้องเพลงชาติเมียนมาทุกเช้า,cleaned_title,ข่าวปลอม อย่าแชร์! โรงเรียนแห่งหนึ่งในประเทศไทย ให้นักเรียนเข้าแถวร้องเพลงชาติเมียนมาทุกเช้า,https://www.antifakenewscenter.com/?p=61631,other,False,False,other,11932d81c2dee95c00ac,33,keyword_v2_nationality,,,,,,resident_refugee_status,"assistant read claim/title, not full-source verification (round 2, 2026-10-04)",ข่าวปลอม อย่าแชร์! โรงเรียนแห่งหนึ่งในประเทศไทย ให้นักเรียนเข้าแถวร้องเพลงชาติเมียนมาทุกเช้า,,,pending,2,เมียนมา
6337,afnc,2024-09-11,2024,misleading,source,เด็กไทยต้องเสียค่าเทอม แต่เด็กต่างชาติได้เรียนฟรี โดยใช้ภาษีจากคนไทย,cleaned_title,ข่าวบิดเบือน เด็กไทยต้องเสียค่าเทอม แต่เด็กต่างชาติได้เรียนฟรี โดยใช้ภาษีจากคนไทย,https://www.antifakenewscenter.com/?p=61863,other,False,False,other,31fd7dec33128d0853c3,-1,keyword_v2_people,,,,,,resident_refugee_status,"assistant read claim/title, not full-source verification (round 2, 2026-10-04)",ข่าวบิดเบือน เด็กไทยต้องเสียค่าเทอม แต่เด็กต่างชาติได้เรียนฟรี โดยใช้ภาษีจากคนไทย,,,pending,2,เด็กต่างชาติ
27145,thaipbs,2024-10-24,2024,misleading,source,เงินจากภาษีของคนไทย แต่พม่าได้สิทธิ??? ไม่ต้องกลัวนะครับคนไทยที่ไม่ได้รับสิทธิสิทธิของท่านพม่าได้รับไว้ให้แล้ว ส่วนคนไทยต้องมานั่งใช้หนี้ให้พม่า,llm,"บิดเบือน ! สาวลูกครึ่งเมียนมาพูดไทยไม่ชัด ลงทะเบียนผ่านรับเงิน 10,000 บาท",https://www.thaipbs.or.th/verify/content/339,other,False,False,rights,338cd1c6a03b6bb384a0,49,keyword_v2_nationality,,,,,,resident_refugee_status,"assistant read claim/title, not full-source verification (round 2, 2026-10-04)","บิดเบือน ! สาวลูกครึ่งเมียนมาพูดไทยไม่ชัด ลงทะเบียนผ่านรับเงิน 10,000 บาท",,,pending,2,เมียนมา
27409,cofact,2024-11-21,2024,false,human,‘MOU44’ยกดินแดนไทยให้กัมพูชาจริงไหม?,human,รายงานพิเศษ (ตอนที่ 3) ‘เกาะกูด’เป็นของใคร? ‘MOU44’ยกดินแดนไทยให้กัมพูชาจริงไหม? Special Report 50/67(3/3),https://blog.cofact.org/th/special-report-50673-3/,T06,False,True,other,f7e609d20998d52f99ca,6,keyword_v2_nationality,,,,,,out_of_scope,"assistant read claim/title, not full-source verification (round 2, 2026-10-04)",รายงานพิเศษ (ตอนที่ 3) ‘เกาะกูด’เป็นของใคร? ‘MOU44’ยกดินแดนไทยให้กัมพูชาจริงไหม? Special Report 50/67(3/3),,,pending,2,กัมพูชา
27099,thaipbs,2024-12-19,2024,false,source,คลิปการซ้อมรบของทหารเวียดนามถูกเข้าใจผิดว่าเป็นภาพทหารไทใหญ่โจมตีที่มั่นของทหารว้าแดง,llm,ตรวจสอบพบ : โพสต์ติ๊กตอกที่อาจทำให้เข้าใจผิดคิดว่า ทหาร “ไทใหญ่” โจมตี “ว้าแดง”,https://www.thaipbs.or.th/verify/content/215,other,False,False,other,32c1a1f6ca795d08f651,63,keyword_v2_people,,,,,,out_of_scope,"assistant read claim/title, not full-source verification (round 2, 2026-10-04)",ตรวจสอบพบ : โพสต์ติ๊กตอกที่อาจทำให้เข้าใจผิดคิดว่า ทหาร “ไทใหญ่” โจมตี “ว้าแดง”,,,pending,2,ไทใหญ่
5413,afnc,2024-12-20,2024,false,source,เพจ Progressing and developing the future รับลงทะเบียนคุ้มครองสิทธิ คืนเงินผู้เสียหายจากแก๊งจีนเทา,cleaned_title,ข่าวปลอม อย่าแชร์! เพจ Progressing and developing the future รับลงทะเบียนคุ้มครองสิทธิ คืนเงินผู้เสียหายจากแก๊งจีนเทา,https://www.antifakenewscenter.com/?p=65931,other,False,False,rights,a3b62e33c83e3f79d511,11,keyword_v2_people,,,,,,out_of_scope,"assistant read claim/title, not full-source verification (round 2, 2026-10-04)",ข่าวปลอม อย่าแชร์! เพจ Progressing and developing the future รับลงทะเบียนคุ้มครองสิทธิ คืนเงินผู้เสียหายจากแก๊งจีนเทา,,,pending,2,จีนเทา
5180,afnc,2025-01-14,2025,misleading,source,เลือดสำรองคนไทยถูกนำไปให้พม่าใช้ จนโลหิตในคลังขาดแคลน,cleaned_title,เลือดสำรองคนไทยถูกนำไปให้พม่าใช้ จนโลหิตในคลังขาดแคลน,https://www.antifakenewscenter.com/?p=66928,other,False,False,other,2bfec601dfc8b4d84465,-1,keyword_v2_nationality,,,,,,resident_refugee_status,"assistant read claim/title, not full-source verification (round 2, 2026-10-04)",เลือดสำรองคนไทยถูกนำไปให้พม่าใช้ จนโลหิตในคลังขาดแคลน,,,pending,2,พม่า
5026,afnc,2025-01-31,2025,false,source,เจ้าพ่อจีนเทา ถูกทำร้ายและขังเดี่ยวในเรือนจำไทย,cleaned_title,เจ้าพ่อจีนเทา ถูกทำร้ายและขังเดี่ยวในเรือนจำไทย,https://www.antifakenewscenter.com/?p=67601,other,False,False,security,69cfc6de4b309b56f49e,-1,keyword_v2_people,,,,,,unclear,"assistant read claim/title, not full-source verification (round 2, 2026-10-04)",เจ้าพ่อจีนเทา ถูกทำร้ายและขังเดี่ยวในเรือนจำไทย,,,pending,2,จีนเทา
4904,afnc,2025-02-13,2025,misleading,source,จีนเทาบุกรุกถางป่า ปลูกทุเรียน ต.ด่านชุมพล อ.บ่อไร่ จ.ตราด,cleaned_title,จีนเทาบุกรุกถางป่า ปลูกทุเรียน ต.ด่านชุมพล อ.บ่อไร่ จ.ตราด,https://www.antifakenewscenter.com/?p=68085,other,False,False,other,728bae4e46122d0ea1a4,-1,keyword_v2_people,,,,,,resident_refugee_status,"assistant read claim/title, not full-source verification (round 2, 2026-10-04)",จีนเทาบุกรุกถางป่า ปลูกทุเรียน ต.ด่านชุมพล อ.บ่อไร่ จ.ตราด,,,pending,2,จีนเทา
4851,afnc,2025-02-19,2025,misleading,source,"ชาวยิวอิสราเอลกว่า 30,000 คน มาตั้งถิ่นฐานใน อ.ปาย",cleaned_title,"ชาวยิวอิสราเอลกว่า 30,000 คน มาตั้งถิ่นฐานใน อ.ปาย",https://www.antifakenewscenter.com/?p=68331,T10,False,False,other,a97141b4a2ab085c8556,-1,keyword_v2_people,,,,,,resident_refugee_status,"assistant read claim/title, not full-source verification (round 2, 2026-10-04)","ชาวยิวอิสราเอลกว่า 30,000 คน มาตั้งถิ่นฐานใน อ.ปาย",,,pending,2,ชาวยิว
17181,afp,2025-02-20,2025,false,source,"ชาวอิสราเอลย้ายมา ""ตั้งถิ่นฐาน"" ในอ.ปายหลังอิสราเอล-ฮามาสหยุดยิง",source,โพสต์เท็จบิดเบือนตัวเลขนักท่องเที่ยวพร้อมภาพเก่าที่ถูกแชร์ว่าเป็นภาพชาวอิสราเอล 'ตั้งถิ่นฐาน’ ในปาย,https://factcheckthailand.afp.com/doc.afp.com.36Y43TK,T10,False,False,other,75a90d7f2832812f8779,-1,keyword_v2_people,,,,,,resident_refugee_status,"assistant read claim/title, not full-source verification (round 2, 2026-10-04)",โพสต์เท็จบิดเบือนตัวเลขนักท่องเที่ยวพร้อมภาพเก่าที่ถูกแชร์ว่าเป็นภาพชาวอิสราเอล 'ตั้งถิ่นฐาน’ ในปาย,,,pending,2,ชาวอิสราเอล
4811,afnc,2025-02-23,2025,misleading,source,ชาวยิวที่มาตั้งถิ่นฐานใน อ.ปาย ไม่ใช่นักท่องเที่ยว แต่เป็นหน่วยรบ,cleaned_title,ชาวยิวที่มาตั้งถิ่นฐานใน อ.ปาย ไม่ใช่นักท่องเที่ยว แต่เป็นหน่วยรบ,https://www.antifakenewscenter.com/?p=68475,other,False,False,other,3c2001f8e4a3b2eecd41,-1,keyword_v2_people,,,,,,resident_refugee_status,"assistant read claim/title, not full-source verification (round 2, 2026-10-04)",ชาวยิวที่มาตั้งถิ่นฐานใน อ.ปาย ไม่ใช่นักท่องเที่ยว แต่เป็นหน่วยรบ,,,pending,2,ชาวยิว
4789,afnc,2025-02-26,2025,misleading,source,โบสถ์ Chabad of Pai ของชาวยิวใน อ.ปาย ห้ามคนไทยเข้าไปเด็ดขาด,cleaned_title,โบสถ์ Chabad of Pai ของชาวยิวใน อ.ปาย ห้ามคนไทยเข้าไปเด็ดขาด,https://www.antifakenewscenter.com/?p=68567,other,False,False,other,25b54f29ed6eacc8e613,-1,keyword_v2_people,,,,,,resident_refugee_status,"assistant read claim/title, not full-source verification (round 2, 2026-10-04)",โบสถ์ Chabad of Pai ของชาวยิวใน อ.ปาย ห้ามคนไทยเข้าไปเด็ดขาด,,,pending,2,ชาวยิว
16856,afp,2025-02-27,2025,false,source,วิดีโอการเฉลิมฉลองในอ.ปาย ดินแดนแห่งเทพเจ้าของชาวยิว,source,วิดีโองานเทศกาลดนตรีถูกแชร์ในโพสต์เท็จว่าเป็นพิธีกรรมของชาวอิสราเอลในไทย,https://factcheckthailand.afp.com/doc.afp.com.36YR7TC,other,False,False,other,37d8de9f2019e13d276c,10,keyword_v2_people,,,,,,resident_refugee_status,"assistant read claim/title, not full-source verification (round 2, 2026-10-04)",วิดีโองานเทศกาลดนตรีถูกแชร์ในโพสต์เท็จว่าเป็นพิธีกรรมของชาวอิสราเอลในไทย,,,pending,2,ชาวอิสราเอล
4706,afnc,2025-03-07,2025,misleading,source,ชาวยิว อิสราเอล สร้างชาบัด 6 แห่ง ทั่วประเทศไทย,cleaned_title,ชาวยิว อิสราเอล สร้างชาบัด 6 แห่ง ทั่วประเทศไทย,https://www.antifakenewscenter.com/?p=68904,T10,False,False,other,ac6dc29ab51d0b0c2841,-1,keyword_v2_people,,,,,,resident_refugee_status,"assistant read claim/title, not full-source verification (round 2, 2026-10-04)",ชาวยิว อิสราเอล สร้างชาบัด 6 แห่ง ทั่วประเทศไทย,,,pending,2,ชาวยิว
4622,afnc,2025-03-16,2025,false,source,เขมรส่งโดรนบินสำรวจตอนมืดและขุดบังเกอร์ขนาดใหญ่จุ 40 คน,cleaned_title,เขมรส่งโดรนบินสำรวจตอนมืดและขุดบังเกอร์ขนาดใหญ่จุ 40 คน,https://www.antifakenewscenter.com/?p=69276,other,False,False,other,ff6fdbec0b2857a1b7c6,6,keyword_v2_nationality,,,,,,out_of_scope,"assistant read claim/title, not full-source verification (round 2, 2026-10-04)",เขมรส่งโดรนบินสำรวจตอนมืดและขุดบังเกอร์ขนาดใหญ่จุ 40 คน,,,pending,2,เขมร
4571,afnc,2025-03-21,2025,false,source,ประชากรพม่าใน จ.สมุทรสาคร มากกว่าประชากรไทยในพื้นที่,cleaned_title,ประชากรพม่าใน จ.สมุทรสาคร มากกว่าประชากรไทยในพื้นที่,https://www.antifakenewscenter.com/?p=69587,other,False,False,other,aacdfb2dace04953f22f,49,keyword_v2_nationality,,,,,,resident_refugee_status,"assistant read claim/title, not full-source verification (round 2, 2026-10-04)",ประชากรพม่าใน จ.สมุทรสาคร มากกว่าประชากรไทยในพื้นที่,,,pending,2,พม่า
4314,afnc,2025-04-17,2025,misleading,source,เปิดปฏิบัติการตรวจร้านคาราโอเกะ-บาร์โฮส 10 แห่ง ใน กทม.,cleaned_title,เปิดปฏิบัติการตรวจร้านคาราโอเกะ-บาร์โฮส 10 แห่ง ใน กทม. พบจ้างแรงงานต่างด้าวบริการลูกค้า,https://www.antifakenewscenter.com/?p=70761,other,False,False,other,e2c1f2fc073afc153ab3,-1,keyword_v2_people,,,,,,unclear,"assistant read claim/title, not full-source verification (round 2, 2026-10-04)",เปิดปฏิบัติการตรวจร้านคาราโอเกะ-บาร์โฮส 10 แห่ง ใน กทม. พบจ้างแรงงานต่างด้าวบริการลูกค้า,,,pending,2,ต่างด้าว
4160,afnc,2025-05-04,2025,misleading,source,ภาษีสหรัฐฯ ทำข้าวไทยแพงกว่าเวียดนามถึง 60%,cleaned_title,ภาษีสหรัฐฯ ทำข้าวไทยแพงกว่าเวียดนามถึง 60%,https://www.antifakenewscenter.com/?p=71431,other,False,False,other,0e2f797773bf2fc31863,51,keyword_v2_nationality,,,,,,out_of_scope,"assistant read claim/title, not full-source verification (round 2, 2026-10-04)",ภาษีสหรัฐฯ ทำข้าวไทยแพงกว่าเวียดนามถึง 60%,,,pending,2,เวียดนาม
4127,afnc,2025-05-08,2025,false,source,ใบขับขี่คนต่างชาติ ทำง่าย ได้จริง! ไม่ต้องสอบเอง ผ่านเพจ ยา มุกทาสี,cleaned_title,ใบขับขี่คนต่างชาติ ทำง่าย ได้จริง! ไม่ต้องสอบเอง ผ่านเพจ ยา มุกทาสี,https://www.antifakenewscenter.com/?p=71558,other,False,False,other,b229edc768f09b38769f,2,keyword_v2_people,,,,,,resident_refugee_status,"assistant read claim/title, not full-source verification (round 2, 2026-10-04)",ใบขับขี่คนต่างชาติ ทำง่าย ได้จริง! ไม่ต้องสอบเอง ผ่านเพจ ยา มุกทาสี,,,pending,2,คนต่างชาติ
4113,afnc,2025-05-09,2025,false,source,ผู้รับจ้างขายงานอาคารสำนักงานเขตลาดกระบังแห่งใหม่ ที่ยังสร้างไม่เสร็จให้ทุนจีน,cleaned_title,ผู้รับจ้างขายงานอาคารสำนักงานเขตลาดกระบังแห่งใหม่ ที่ยังสร้างไม่เสร็จให้ทุนจีน,https://www.antifakenewscenter.com/?p=71607,other,False,False,other,19a113ac93529d3b0bb0,-1,keyword_v2_people,,,,,,out_of_scope,"assistant read claim/title, not full-source verification (round 2, 2026-10-04)",ผู้รับจ้างขายงานอาคารสำนักงานเขตลาดกระบังแห่งใหม่ ที่ยังสร้างไม่เสร็จให้ทุนจีน,,,pending,2,ทุนจีน
16998,afp,2025-05-20,2025,false,source,วิดีโอนักบินชาวอินเดียโดดร่มชูชีพลงในดินแดนปากีสถาน,source,นี่คือวิดีโอนักร่มร่อนชาวปากีสถานในปี 2567 ไม่ใช่นักบินกองทัพอากาศอินเดีย,https://factcheckthailand.afp.com/doc.afp.com.47D7462,other,False,False,other,7ba4c201682305040b28,-1,keyword_v2_people,,,,,,out_of_scope,"assistant read claim/title, not full-source verification (round 2, 2026-10-04)",นี่คือวิดีโอนักร่มร่อนชาวปากีสถานในปี 2567 ไม่ใช่นักบินกองทัพอากาศอินเดีย,,,pending,2,ชาวอินเดีย
3959,afnc,2025-05-26,2025,misleading,source,พบทุเรียนแกะเนื้อจากเวียดนามถูกนำเข้าไทยและส่งต่อไปยังจีน,cleaned_title,พบทุเรียนแกะเนื้อจากเวียดนามถูกนำเข้าไทยและส่งต่อไปยังจีน,https://www.antifakenewscenter.com/?p=72246,other,False,False,other,1af99fea938af8bcb9e3,-1,keyword_v2_nationality,,,,,,out_of_scope,"assistant read claim/title, not full-source verification (round 2, 2026-10-04)",พบทุเรียนแกะเนื้อจากเวียดนามถูกนำเข้าไทยและส่งต่อไปยังจีน,,,pending,2,เวียดนาม
28106,cofact,2025-06-06,2025,misleading,human,ทหารกัมพูชาฝึกซ้อมห่อศพและเคลื่อนย้ายร่างทหาร หลังแชร์คลิปวิดีโอที่ถูกตัดตอนจากคลิปอบรมปฐมพยาบาล,llm,คลิปทหารกัมพูชาอบรมปฐมพยาบาล ถูกคนไทยนำมาล้อเลียนว่าเป็นการ “ซ้อมห่อศพ”,https://blog.cofact.org/th/fact-check-thai-cambodia-06062025-2/,T10,False,True,other,f85274d5ce03432bc3a8,63,keyword_v2_nationality,,,,,,out_of_scope,"assistant read claim/title, not full-source verification (round 2, 2026-10-04)",คลิปทหารกัมพูชาอบรมปฐมพยาบาล ถูกคนไทยนำมาล้อเลียนว่าเป็นการ “ซ้อมห่อศพ”,,,pending,2,กัมพูชา
3690,afnc,2025-06-24,2025,false,source,กรมการขนส่งทางบก เปิดให้บริการทำใบขับขี่สำหรับคนจีน ผ่านเพจ Thai Driver's License,cleaned_title,กรมการขนส่งทางบก เปิดให้บริการทำใบขับขี่สำหรับคนจีน ผ่านเพจ Thai Driver's License,https://www.antifakenewscenter.com/?p=73386,other,False,False,other,897d36516349e21523cb,2,keyword_v2_people,,,,,,resident_refugee_status,"assistant read claim/title, not full-source verification (round 2, 2026-10-04)",กรมการขนส่งทางบก เปิดให้บริการทำใบขับขี่สำหรับคนจีน ผ่านเพจ Thai Driver's License,,,pending,2,คนจีน
3633,afnc,2025-06-30,2025,misleading,source,ด่านคลองลึกเปิดให้นักเรียนกัมพูชาข้ามแดน โดยไม่ใช้เอกสารผ่านแดน,cleaned_title,ด่านคลองลึกเปิดให้นักเรียนกัมพูชาข้ามแดน โดยไม่ใช้เอกสารผ่านแดน,https://www.antifakenewscenter.com/?p=73638,other,False,False,other,141460634060e163cd0d,-1,keyword_v2_nationality,,,,,,crossborder_people_services,"assistant read claim/title, not full-source verification (round 2, 2026-10-04)",ด่านคลองลึกเปิดให้นักเรียนกัมพูชาข้ามแดน โดยไม่ใช้เอกสารผ่านแดน,,,pending,2,กัมพูชา
3614,afnc,2025-07-02,2025,misleading,source,ตำรวจอนุญาตให้ชาวจีนพกใบขับขี่สากลปลอมได้,cleaned_title,ตำรวจอนุญาตให้ชาวจีนพกใบขับขี่สากลปลอมได้,https://www.antifakenewscenter.com/?p=73681,other,False,False,other,698f9765a086800a01ce,19,keyword_v2_people,,,,,,resident_refugee_status,"assistant read claim/title, not full-source verification (round 2, 2026-10-04)",ตำรวจอนุญาตให้ชาวจีนพกใบขับขี่สากลปลอมได้,,,pending,2,ชาวจีน
17162,afp,2025-07-03,2025,false,source,วิดีโอชาวยิวอพยพออกจากอิสราเอล,source,นี่เป็นวิดีโอจากเทศกาลดนตรีในฝรั่งเศส ไม่ใช่ชาวอิสราเอลหนีการโจมตีจากอิหร่าน,https://factcheckthailand.afp.com/doc.afp.com.64CY8T2,T10,False,False,other,02c29b8f27e16da050c5,10,keyword_v2_people,,,,,,out_of_scope,"assistant read claim/title, not full-source verification (round 2, 2026-10-04)",นี่เป็นวิดีโอจากเทศกาลดนตรีในฝรั่งเศส ไม่ใช่ชาวอิสราเอลหนีการโจมตีจากอิหร่าน,,,pending,2,ชาวอิสราเอล
3537,afnc,2025-07-10,2025,false,source,เปิดบริการรับทำใบขับขี่ไทยให้ชาวจีน ผ่าน TikTok ชื่อ qkooytuiw7d,cleaned_title,เปิดบริการรับทำใบขับขี่ไทยให้ชาวจีน ผ่าน TikTok ชื่อ qkooytuiw7d,https://www.antifakenewscenter.com/?p=74067,other,False,False,other,7c2e0e5f64bc4e4b9882,2,keyword_v2_people,,,,,,resident_refugee_status,"assistant read claim/title, not full-source verification (round 2, 2026-10-04)",เปิดบริการรับทำใบขับขี่ไทยให้ชาวจีน ผ่าน TikTok ชื่อ qkooytuiw7d,,,pending,2,ชาวจีน
3445,afnc,2025-07-20,2025,false,source,ชาวจีนสามารถเปิดร้านค้าในไทยได้โดยไม่ต้องมีวีซ่า,cleaned_title,ชาวจีนสามารถเปิดร้านค้าในไทยได้โดยไม่ต้องมีวีซ่า,https://www.antifakenewscenter.com/?p=74460,other,False,False,other,c2fd921855045a27ecbf,49,keyword_v2_people,,,,,,resident_refugee_status,"assistant read claim/title, not full-source verification (round 2, 2026-10-04)",ชาวจีนสามารถเปิดร้านค้าในไทยได้โดยไม่ต้องมีวีซ่า,,,pending,2,ชาวจีน
3412,afnc,2025-07-23,2025,misleading,source,กระทรวงกลาโหม จัดประชุม GBC เซ็นสัญญายอมให้ทหารกัมพูชาเข้ามาประจำการที่ปราสาทตาเมือนธม,cleaned_title,กระทรวงกลาโหม จัดประชุม GBC เซ็นสัญญายอมให้ทหารกัมพูชาเข้ามาประจำการที่ปราสาทตาเมือนธม,https://www.antifakenewscenter.com/?p=74610,T10,False,True,other,aad9c452d6803feda4c8,6,keyword_v2_nationality,,,,,,out_of_scope,"assistant read claim/title, not full-source verification (round 2, 2026-10-04)",กระทรวงกลาโหม จัดประชุม GBC เซ็นสัญญายอมให้ทหารกัมพูชาเข้ามาประจำการที่ปราสาทตาเมือนธม,,,pending,2,กัมพูชา
28109,cofact,2025-07-25,2025,false,human,หยุดคลั่งชาติและหัดดูกัมพูชาเป็นตัวอย่างที่ดี ศ.พวงทองชี้กัมพูชาเคารพกฎหมายระหว่างประเทศ ขณะที่ชาวโลกมองไทยเป็น ‘เด็กเจ้าปัญหา’,llm,“The Structure – เจ๊จุก คลองสาม” กับข้อความที่ถูกบิดเบือนของ ศ.ดร.พวงทอง ภวัครพันธุ์,https://blog.cofact.org/th/thai-cambodia-disinformation-25072025/,other,False,False,other,23da5afa042f21bfaec5,28,keyword_v2_nationality,,,,,,out_of_scope,"assistant read claim/title, not full-source verification (round 2, 2026-10-04)",“The Structure – เจ๊จุก คลองสาม” กับข้อความที่ถูกบิดเบือนของ ศ.ดร.พวงทอง ภวัครพันธุ์,,,pending,2,กัมพูชา
3393,afnc,2025-07-25,2025,false,source,บริเวณภูเขาผี ทหารไทยยังคงยิงปะทะเข้ามาในพื้นที่กัมพูชาอย่างต่อเนื่อง ส่วนปราสาทตาเมือนธม ปราสาทตาควาย และบริเวณมุมเบย กัมพูชาควบคุมได้เต็ม 100% แล้ว,cleaned_title,บริเวณภูเขาผี ทหารไทยยังคงยิงปะทะเข้ามาในพื้นที่กัมพูชาอย่างต่อเนื่อง ส่วนปราสาทตาเมือนธม ปราสาทตาควาย และบริเวณมุมเบย กัมพูชาควบคุมได้เต็ม 100% แล้ว,https://www.antifakenewscenter.com/?p=74712,other,False,True,other,fdf369792c7f7d106fec,6,keyword_v2_nationality,,,,,,out_of_scope,"assistant read claim/title, not full-source verification (round 2, 2026-10-04)",บริเวณภูเขาผี ทหารไทยยังคงยิงปะทะเข้ามาในพื้นที่กัมพูชาอย่างต่อเนื่อง ส่วนปราสาทตาเมือนธม ปราสาทตาควาย และบริเวณมุมเบย กัมพูชาควบคุมได้เต็ม 100% แล้ว,,,pending,2,กัมพูชา
27636,cofact,2025-07-25,2025,false,human,องค์กร-หน่วยงานในไทยปลดธงชาติกัมพูชาจากกลุ่มธงประเทศอาเซียน,human,กระทรวงการต่างประเทศยืนยัน ไม่มีคำสั่งเรื่องการลดธงชาติกัมพูชา,https://blog.cofact.org/th/fact-check-thai-cambodia-25072025-2/,other,False,False,other,9c504cd64411030b7e83,6,keyword_v2_nationality,,,,,,out_of_scope,"assistant read claim/title, not full-source verification (round 2, 2026-10-04)",กระทรวงการต่างประเทศยืนยัน ไม่มีคำสั่งเรื่องการลดธงชาติกัมพูชา,,,pending,2,กัมพูชา
27810,cofact,2025-07-25,2025,false,human,คลิปชาวกรุงบรัสเซลล์บรรเลงเพลงชาติไทย ให้กำลังใจคนไทยในความขัดแย้งไทย-กัมพูชา,llm,คลิปบรรเลงเพลงชาติไทยในกรุงบรัสเซลส์ ถูกบิดเบือนว่าชาวเบลเยียมเข้าข้างไทยในความขัดแย้งกับกัมพูชา,https://blog.cofact.org/th/fact-check-thai-cambodia-25072025-3/,other,False,False,other,fe9d4225e2c6a460d3e3,63,keyword_v2_nationality,,,,,,out_of_scope,"assistant read claim/title, not full-source verification (round 2, 2026-10-04)",คลิปบรรเลงเพลงชาติไทยในกรุงบรัสเซลส์ ถูกบิดเบือนว่าชาวเบลเยียมเข้าข้างไทยในความขัดแย้งกับกัมพูชา,,,pending,2,กัมพูชา
27881,cofact,2025-07-26,2025,false,human,ด่วน! F-16 ทิ้งบอมบ์ 2 กองบัญชาการกัมพูชา กระเจิง หลังยิงปืนใหญ่ใส่บ้านเรือนคนไทย…,llm,โคแฟครวมการตรวจสอบข้อมูล เหตุการณ์ปะทะระหว่างไทยกับกัมพูชา วันที่ 24 – 25 ก.ค. 2568,https://blog.cofact.org/th/thai-cambodia680724-25/,other,False,False,other,b77b070cb51cd2aedff5,6,keyword_v2_nationality,,,,,,out_of_scope,"assistant read claim/title, not full-source verification (round 2, 2026-10-04)",โคแฟครวมการตรวจสอบข้อมูล เหตุการณ์ปะทะระหว่างไทยกับกัมพูชา วันที่ 24 – 25 ก.ค. 2568,,,pending,2,กัมพูชา
26990,thaipbs,2025-07-28,2025,false,source,รวมแล้วตั้งแต่ตี 2 ถึงเช้าตรู่เสียชีวิตเกือบ 140 คน ใกล้วัดพระวิหาร ขอให้พาผีกลับบ้านกันให้หมด เพราะอยากได้แผ่นดินเขมรมากเกินไป,llm,ตรวจสอบพบ: เพจกัมพูชาโพสต์ข่าวปลอม อ้างทหารไทยเสียชีวิต 140 คนใกล้เขาพระวิหาร,https://www.thaipbs.or.th/verify/content/4615,other,False,False,other,38dbb90a3d982a659d31,-1,keyword_v2_nationality,,,,,,out_of_scope,"assistant read claim/title, not full-source verification (round 2, 2026-10-04)",ตรวจสอบพบ: เพจกัมพูชาโพสต์ข่าวปลอม อ้างทหารไทยเสียชีวิต 140 คนใกล้เขาพระวิหาร,,,pending,2,กัมพูชา
26987,thaipbs,2025-07-29,2025,false,source,เครื่องบินของไทยปล่อยควันพิษในพื้นที่พิพาทเมื่อวันที่ 27 ก.ค. ตามรายงานของกระทรวงกลาโหมกัมพูชา,llm,ตรวจสอบแล้ว: กัมพูชาอ้างไทย ใช้เครื่องบินรบปล่อยควันพิษ พบแท้จริงเป็นภาพที่สร้างจาก AI,https://www.thaipbs.or.th/verify/content/4651,other,False,False,other,18cef1ef628a91531b6b,6,keyword_v2_nationality,,,,,,out_of_scope,"assistant read claim/title, not full-source verification (round 2, 2026-10-04)",ตรวจสอบแล้ว: กัมพูชาอ้างไทย ใช้เครื่องบินรบปล่อยควันพิษ พบแท้จริงเป็นภาพที่สร้างจาก AI,,,pending,2,กัมพูชา
27245,cofact,2025-07-30,2025,false,human,มีเพจที่อ้างว่าเป็นของตำรวจให้ประชาชนลงทะเบียนเพื่อรับเงินเยียวยาจากการถูกมิจฉาชีพหลอก,llm,หลอกลวงหรือความจริง? ถอดรหัสเพจตำรวจลงทะเบียนรับเงินคืนจากมิจฉาชีพ ความขัดแย้งไทย-กัมพูชาตัวเลขผู้ถูกหลอกไม่ลดลง,https://blog.cofact.org/th/livetalk680729/,T05,False,False,rights,5276eed6e18f329a5cdc,11,keyword_v2_nationality,,,,,,out_of_scope,"assistant read claim/title, not full-source verification (round 2, 2026-10-04)",หลอกลวงหรือความจริง? ถอดรหัสเพจตำรวจลงทะเบียนรับเงินคืนจากมิจฉาชีพ ความขัดแย้งไทย-กัมพูชาตัวเลขผู้ถูกหลอกไม่ลดลง,,,pending,2,กัมพูชา
3327,afnc,2025-07-30,2025,false,source,รมช.กลาโหม ให้สัมภาษณ์ งดให้ความช่วยเหลือผู้ป่วยกัมพูชา,cleaned_title,รมช.กลาโหม ให้สัมภาษณ์ งดให้ความช่วยเหลือผู้ป่วยกัมพูชา,https://www.antifakenewscenter.com/?p=75015,other,False,False,other,cdd7f07c1e1793174353,-1,keyword_v2_nationality,,,,,,crossborder_people_services,"assistant read claim/title, not full-source verification (round 2, 2026-10-04)",รมช.กลาโหม ให้สัมภาษณ์ งดให้ความช่วยเหลือผู้ป่วยกัมพูชา,,,pending,2,กัมพูชา
26983,thaipbs,2025-07-31,2025,false,source,จีน!!! ขนของใหญ่ไปที่เขมร #ไทยนี่รักสงบแต่ถึงรบไม่ขลาด #คนไทยรู้ทัน #missile,llm,คลิปอ้างจีนส่งขีปนาวุธ DF-26 ช่วยกัมพูชา ตรวจสอบแล้วเป็นคลิปเก่า ถูกนำมาบิดเบือน,https://www.thaipbs.or.th/verify/content/4691,other,False,False,other,2e54ee005f263f1803f7,-1,keyword_v2_nationality,,,,,,out_of_scope,"assistant read claim/title, not full-source verification (round 2, 2026-10-04)",คลิปอ้างจีนส่งขีปนาวุธ DF-26 ช่วยกัมพูชา ตรวจสอบแล้วเป็นคลิปเก่า ถูกนำมาบิดเบือน,,,pending,2,กัมพูชา
3322,afnc,2025-07-31,2025,false,source,ทหารไทย ลักพาตัวทหารกัมพูชา 20 คน ขณะเข้าไปจับมือหลังมีข้อตกลงหยุดยิง,cleaned_title,ทหารไทย ลักพาตัวทหารกัมพูชา 20 คน ขณะเข้าไปจับมือหลังมีข้อตกลงหยุดยิง,https://www.antifakenewscenter.com/?p=75023,T10,False,True,other,37bf7332322b7a0d0662,6,keyword_v2_nationality,,,,,,out_of_scope,"assistant read claim/title, not full-source verification (round 2, 2026-10-04)",ทหารไทย ลักพาตัวทหารกัมพูชา 20 คน ขณะเข้าไปจับมือหลังมีข้อตกลงหยุดยิง,,,pending,2,กัมพูชา
3318,afnc,2025-07-31,2025,false,source,กองทัพอากาศไทยทิ้งระเบิด MK-84 หนัก 1 ตัน ลงหมู่บ้านในกัมพูชา,cleaned_title,กองทัพอากาศไทยทิ้งระเบิด MK-84 หนัก 1 ตัน ลงหมู่บ้านในกัมพูชา,https://www.antifakenewscenter.com/?p=75033,other,False,False,other,42ee34d10eb4471a2724,6,keyword_v2_nationality,,,,,,out_of_scope,"assistant read claim/title, not full-source verification (round 2, 2026-10-04)",กองทัพอากาศไทยทิ้งระเบิด MK-84 หนัก 1 ตัน ลงหมู่บ้านในกัมพูชา,,,pending,2,กัมพูชา
28675,cofact,2025-08-01,2025,false,human,กองทัพอากาศไทยทิ้งระเบิด MK-84 หนัก 1 ตัน ใส่หมู่บ้านในกัมพูชา,human,จริงหรือไม่? กองทัพอากาศไทยทิ้งระเบิด MK-84 หนัก 1 ตัน ใส่หมู่บ้านในกัมพูชา,https://blog.cofact.org/th/info-01082025/,other,False,False,other,766804a9a0fa92c4e306,6,keyword_v2_nationality,,,,,,out_of_scope,"assistant read claim/title, not full-source verification (round 2, 2026-10-04)",จริงหรือไม่? กองทัพอากาศไทยทิ้งระเบิด MK-84 หนัก 1 ตัน ใส่หมู่บ้านในกัมพูชา,,,pending,2,กัมพูชา
3299,afnc,2025-08-02,2025,false,source,ทหารกัมพูชาเสียชีวิตที่โรงพยาบาล เนื่องจากได้รับควันพิษจากการโจมตีทางอากาศของไทย,cleaned_title,ทหารกัมพูชาเสียชีวิตที่โรงพยาบาล เนื่องจากได้รับควันพิษจากการโจมตีทางอากาศของไทย,https://www.antifakenewscenter.com/?p=75133,T10,False,True,health,309c820801cb0ec19d3f,6,keyword_v2_nationality,,,,,,out_of_scope,"assistant read claim/title, not full-source verification (round 2, 2026-10-04)",ทหารกัมพูชาเสียชีวิตที่โรงพยาบาล เนื่องจากได้รับควันพิษจากการโจมตีทางอากาศของไทย,,,pending,2,กัมพูชา
27677,cofact,2025-08-06,2025,false,human,พลทหารกัมพูชาวัย 87 ปีกำลังรอเพื่อลาลูกสาว (ลูกสาวเป็นเภสัชชุมชน) เพื่อไปเสริมกำลังที่แนวหน้าชายแดน,llm,คลิปชายชราชาวกัมพูชาใส่ชุดทหาร ถูกนำมาบิดเบือนว่าเป็นพลทหารวัย 87 ปีที่ถูกส่งไปรบกับไทย,https://blog.cofact.org/th/fact-check-thai-cambodia-06082025/,T10,False,True,other,6e966adca8fd3b534ad2,6,keyword_v2_people,,,,,,out_of_scope,"assistant read claim/title, not full-source verification (round 2, 2026-10-04)",คลิปชายชราชาวกัมพูชาใส่ชุดทหาร ถูกนำมาบิดเบือนว่าเป็นพลทหารวัย 87 ปีที่ถูกส่งไปรบกับไทย,,,pending,2,ชาวกัมพูชา
3209,afnc,2025-08-11,2025,false,source,"ทหารเขมรมากกว่า 40,000 คน รวมตัวกันที่ช่องอานม้า",cleaned_title,"ทหารเขมรมากกว่า 40,000 คน รวมตัวกันที่ช่องอานม้า",https://www.antifakenewscenter.com/?p=75562,other,False,False,other,a414832f8e1063ebccd8,-1,keyword_v2_nationality,,,,,,out_of_scope,"assistant read claim/title, not full-source verification (round 2, 2026-10-04)","ทหารเขมรมากกว่า 40,000 คน รวมตัวกันที่ช่องอานม้า",,,pending,2,เขมร
3204,afnc,2025-08-11,2025,false,source,กองทัพไทยทิ้งระเบิด MK-84 และยิงถล่มใส่บ้านเรือน โรงเรียน และสถานีอนามัยของกัมพูชา,cleaned_title,กองทัพไทยทิ้งระเบิด MK-84 และยิงถล่มใส่บ้านเรือน โรงเรียน และสถานีอนามัยของกัมพูชา,https://www.antifakenewscenter.com/?p=75589,T10,False,False,other,6b8b48fabb0ad644564e,6,keyword_v2_nationality,,,,,,out_of_scope,"assistant read claim/title, not full-source verification (round 2, 2026-10-04)",กองทัพไทยทิ้งระเบิด MK-84 และยิงถล่มใส่บ้านเรือน โรงเรียน และสถานีอนามัยของกัมพูชา,,,pending,2,กัมพูชา
17298,afp,2025-08-12,2025,altered_media,source,ภาพลูกสาวทหารกล้าที่รักษาดินแดน,source,ภาพลูกสาวทหารที่เสียชีวิตจากการปะทะชายแดนไทย-กัมพูชาถูกสร้างขึ้นด้วยเอไอ,https://factcheckthailand.afp.com/doc.afp.com.69BM2ZQ,other,False,False,other,8ea98925c0d203fa128b,-1,keyword_v2_nationality,,,,,,out_of_scope,"assistant read claim/title, not full-source verification (round 2, 2026-10-04)",ภาพลูกสาวทหารที่เสียชีวิตจากการปะทะชายแดนไทย-กัมพูชาถูกสร้างขึ้นด้วยเอไอ,,,pending,2,กัมพูชา
3140,afnc,2025-08-17,2025,misleading,source,ผู้สื่อข่าวประจำทำเนียบขาวของสหรัฐอเมริกา รายงานกองกำลังทหารไทยได้รุกล้ำดินแดนกัมพูชา,cleaned_title,ผู้สื่อข่าวประจำทำเนียบขาวของสหรัฐอเมริกา รายงานกองกำลังทหารไทยได้รุกล้ำดินแดนกัมพูชา,https://www.antifakenewscenter.com/?p=75865,other,False,False,other,06d4538eba90842eb65d,6,keyword_v2_nationality,,,,,,out_of_scope,"assistant read claim/title, not full-source verification (round 2, 2026-10-04)",ผู้สื่อข่าวประจำทำเนียบขาวของสหรัฐอเมริกา รายงานกองกำลังทหารไทยได้รุกล้ำดินแดนกัมพูชา,,,pending,2,กัมพูชา
26969,thaipbs,2025-08-26,2025,misleading,source,ไทยใช้กระสุนฟอสฟอรัสขาวโจมตีทุ่งนาของประชาชนในพื้นที่อำเภอบันเตียอำปึล จังหวัดอุดรมีชัย กัมพูชา พร้อมแนบรูปเหตุการณ์จากหมู่บ้านอัล-บุสตาน ประเทศเลบานอน,llm,ตรวจสอบแล้ว : ภาพที่สื่อกัมพูชาใช้อ้างว่าไทยยิงกระสุนฟอสฟอรัสใส่พื้นที่พลเรือนกัมพูชา แท้จริงเป็นภาพเก่าที่ประเทศเลบานอน ปี 2023,https://www.thaipbs.or.th/verify/content/5050,other,False,False,other,ae7aa1dc307aaceac1d2,6,keyword_v2_nationality,,,,,,out_of_scope,"assistant read claim/title, not full-source verification (round 2, 2026-10-04)",ตรวจสอบแล้ว : ภาพที่สื่อกัมพูชาใช้อ้างว่าไทยยิงกระสุนฟอสฟอรัสใส่พื้นที่พลเรือนกัมพูชา แท้จริงเป็นภาพเก่าที่ประเทศเลบานอน ปี 2023,,,pending,2,กัมพูชา
27481,cofact,2025-09-15,2025,false,human,อ.เฉลิมชัย โฆษิตพิพัฒน์ ด่าคนเสนอเปิดด่านไทย-กัมพูชา “เป็นพวกขายชาติ”,llm,โพสต์เท็จอ้าง อ.เฉลิมชัย โฆษิตพิพัฒน์ วิจารณ์แรง กรณีเปิดด่านไทย-กัมพูชา,https://blog.cofact.org/th/fact-check-thai-cambodia-15092025/,other,False,False,other,ca24666bdd40c22f3263,-1,keyword_v2_nationality,,,,,,out_of_scope,"assistant read claim/title, not full-source verification (round 2, 2026-10-04)",โพสต์เท็จอ้าง อ.เฉลิมชัย โฆษิตพิพัฒน์ วิจารณ์แรง กรณีเปิดด่านไทย-กัมพูชา,,,pending,2,กัมพูชา
26957,thaipbs,2025-09-16,2025,false,source,คลิปอ้างว่าเป็นการไว้อาลัยชาร์ลี เคิร์ก,cleaned_title,ตรวจสอบแล้ว: คลิปอ้างว่าเป็นการไว้อาลัยชาร์ลี เคิร์ก แท้จริงคือภาพการประท้วงต่อต้านผู้อพยพในอังกฤษ,https://www.thaipbs.or.th/verify/content/5456,other,False,False,other,1de9d5f959cc7e81324d,27,keyword_v2_people,,,,,,out_of_scope,"assistant read claim/title, not full-source verification (round 2, 2026-10-04)",ตรวจสอบแล้ว: คลิปอ้างว่าเป็นการไว้อาลัยชาร์ลี เคิร์ก แท้จริงคือภาพการประท้วงต่อต้านผู้อพยพในอังกฤษ,,,pending,2,ผู้อพยพ
2802,afnc,2025-09-22,2025,false,source,เจ้าหน้าที่ไทยบังคับคนต่างชาติไปทำงานแก๊งคอลเซ็นเตอร์ที่เมียนมา,cleaned_title,เจ้าหน้าที่ไทยบังคับคนต่างชาติไปทำงานแก๊งคอลเซ็นเตอร์ที่เมียนมา,https://www.antifakenewscenter.com/?p=77341,T03,False,False,jobs,a590a6b77b0f2180a174,-1,keyword_v2_people,,,,,,crossborder_people_services,"assistant read claim/title, not full-source verification (round 2, 2026-10-04)",เจ้าหน้าที่ไทยบังคับคนต่างชาติไปทำงานแก๊งคอลเซ็นเตอร์ที่เมียนมา,,,pending,2,คนต่างชาติ
2730,afnc,2025-09-30,2025,false,source,พบหลุมขนาดใหญ่ในพื้นที่หมู่บ้านทะมาดา ฝั่งกัมพูชา ที่เกิดจากระเบิดและกระสุนปืนใหญ่ของฝ่ายไทย,cleaned_title,พบหลุมขนาดใหญ่ในพื้นที่หมู่บ้านทะมาดา ฝั่งกัมพูชา ที่เกิดจากระเบิดและกระสุนปืนใหญ่ของฝ่ายไทย,https://www.antifakenewscenter.com/?p=77648,other,False,False,other,b3c8198a69c51df0e93d,-1,keyword_v2_nationality,,,,,,out_of_scope,"assistant read claim/title, not full-source verification (round 2, 2026-10-04)",พบหลุมขนาดใหญ่ในพื้นที่หมู่บ้านทะมาดา ฝั่งกัมพูชา ที่เกิดจากระเบิดและกระสุนปืนใหญ่ของฝ่ายไทย,,,pending,2,กัมพูชา
26941,thaipbs,2025-10-03,2025,false,source,ทหารกัมพูชาตกใจเสียง F-16 วันที่ 29 ก.ย. 68 กองบิน 1 โคราช ขึ้นฝึกบินตามวงรอบ ทำทหารเขมรสติแตกหนีตายกันจ้าละหวั่น,llm,ตรวจสอบแล้ว: คลิป TikTok อ้างทหารกัมพูชาหนีลงหลุมกลัวเสียง F-16 แท้จริงเป็นแค่คอนเทนต์ล้อเล่น ทำสื่อดังหลงเชื่อรายงานข่าว,https://www.thaipbs.or.th/verify/content/5810,T10,False,True,other,1a877db984162d1c2a81,6,keyword_v2_nationality,,,,,,out_of_scope,"assistant read claim/title, not full-source verification (round 2, 2026-10-04)",ตรวจสอบแล้ว: คลิป TikTok อ้างทหารกัมพูชาหนีลงหลุมกลัวเสียง F-16 แท้จริงเป็นแค่คอนเทนต์ล้อเล่น ทำสื่อดังหลงเชื่อรายงานข่าว,,,pending,2,กัมพูชา
27865,cofact,2025-10-05,2025,misleading,human,คลิปภาพมุมสูงน้ำท่วมในไทยวันที่ 4 ต.ค. 2568,llm,ผู้ใช้เฟซบุ๊กชาวกัมพูชานำคลิปน้ำท่วมเชียงรายปี 2567 มาสร้างความเข้าใจผิดว่าเป็นภาพปัจจุบัน,https://blog.cofact.org/th/fact-check-thai-cambodia-05102025/,T08,False,False,other,15587914fe4659c1d0e6,-1,keyword_v2_people,,,,,,out_of_scope,"assistant read claim/title, not full-source verification (round 2, 2026-10-04)",ผู้ใช้เฟซบุ๊กชาวกัมพูชานำคลิปน้ำท่วมเชียงรายปี 2567 มาสร้างความเข้าใจผิดว่าเป็นภาพปัจจุบัน,,,pending,2,ชาวกัมพูชา
2680,afnc,2025-10-05,2025,false,source,ทหารกัมพูชาตรึงกำลังตั้งฐานที่ปราสาทคนา,cleaned_title,ทหารกัมพูชาตรึงกำลังตั้งฐานที่ปราสาทคนา,https://www.antifakenewscenter.com/?p=77884,T10,False,True,other,4ebaed361f8948af8b15,6,keyword_v2_nationality,,,,,,out_of_scope,"assistant read claim/title, not full-source verification (round 2, 2026-10-04)",ทหารกัมพูชาตรึงกำลังตั้งฐานที่ปราสาทคนา,,,pending,2,กัมพูชา
27691,cofact,2025-10-09,2025,false,human,ไล่ฮุนเซน 5/10/68 แชร์ไปให้โลกรู้ว่าเขมรพัง หมดแล้ว,llm,คลิปลูกจ้างประท้วงในกัมพูชา ถูกนำมาบิดเบือนว่าชาวเขมรชุมนุมไล่ “ฮุน เซน”,https://blog.cofact.org/th/fact-check-thai-cambodia-09102025/,other,False,False,other,b9f08d66ea00465045de,-1,keyword_v2_people,,,,,,out_of_scope,"assistant read claim/title, not full-source verification (round 2, 2026-10-04)",คลิปลูกจ้างประท้วงในกัมพูชา ถูกนำมาบิดเบือนว่าชาวเขมรชุมนุมไล่ “ฮุน เซน”,,,pending,2,ชาวเขมร
26934,thaipbs,2025-10-11,2025,false,source,อุบัติเหตุครั้งใหญ่! สะพานกรุงเทพพังถล่ม คร่าชีวิต 76 ราย!!,llm,ตรวจสอบแล้ว: โพสต์อ้างสะพานกรุงเทพถล่ม เสียชีวิต 76 คน แท้จริงเป็นเพจกัมพูชาปั่นข่าวปลอม,https://www.thaipbs.or.th/verify/content/5994,other,False,False,other,aec95428d1934936b199,-1,keyword_v2_nationality,,,,,,out_of_scope,"assistant read claim/title, not full-source verification (round 2, 2026-10-04)",ตรวจสอบแล้ว: โพสต์อ้างสะพานกรุงเทพถล่ม เสียชีวิต 76 คน แท้จริงเป็นเพจกัมพูชาปั่นข่าวปลอม,,,pending,2,กัมพูชา
2603,afnc,2025-10-14,2025,misleading,source,ทหารกัมพูชา ลักลอบตัดลวดหนามของไทย ยาวกว่า 3 กิโลเมตร,cleaned_title,ทหารกัมพูชา ลักลอบตัดลวดหนามของไทย ยาวกว่า 3 กิโลเมตร,https://www.antifakenewscenter.com/?p=78185,T10,False,True,security,7419a9b6fec33d6aa5b7,-1,keyword_v2_nationality,,,,,,out_of_scope,"assistant read claim/title, not full-source verification (round 2, 2026-10-04)",ทหารกัมพูชา ลักลอบตัดลวดหนามของไทย ยาวกว่า 3 กิโลเมตร,,,pending,2,กัมพูชา
27873,cofact,2025-10-21,2025,false,human,คลิป “แก๊งจีนเทา” ในกัมพูชาวิ่งหนีการกวาดล้างของเจ้าหน้าที่,llm,คลิปประท้วงในเคนยา ถูกนำมาอ้างเท็จว่าเป็นภาพแก๊งจีนเทาหนีการกวาดล้างในกัมพูชา,https://blog.cofact.org/th/fact-check-thai-cambodia-21102025/,other,False,False,other,7abd9b3418cebe8f3f6f,63,keyword_v2_people,,,,,,out_of_scope,"assistant read claim/title, not full-source verification (round 2, 2026-10-04)",คลิปประท้วงในเคนยา ถูกนำมาอ้างเท็จว่าเป็นภาพแก๊งจีนเทาหนีการกวาดล้างในกัมพูชา,,,pending,2,จีนเทา
17006,afp,2025-10-30,2025,false,source,ตัวประกันชาวอิสราเอลแถลงเปิดใจหลังได้รับการปล่อยตัวในเดือน ต.ค. 2568,source,โพสต์เท็จเชื่อมโยงคำพูดยกย่องฮามาสที่ถูกแต่งขึ้นกับข้อตกลงหยุดยิงกาซา,https://factcheckthailand.afp.com/doc.afp.com.82C37WE,T10,False,False,other,d553e0ef586310365528,10,keyword_v2_people,,,,,,out_of_scope,"assistant read claim/title, not full-source verification (round 2, 2026-10-04)",โพสต์เท็จเชื่อมโยงคำพูดยกย่องฮามาสที่ถูกแต่งขึ้นกับข้อตกลงหยุดยิงกาซา,,,pending,2,ชาวอิสราเอล
2382,afnc,2025-11-07,2025,misleading,source,ชาวอิสราเอลหลายพันคน ย้ายเข้ามาตั้งถิ่นฐานที่เกาะพะงัน,cleaned_title,ชาวอิสราเอลหลายพันคน ย้ายเข้ามาตั้งถิ่นฐานที่เกาะพะงัน,https://www.antifakenewscenter.com/?p=79156,T10,False,False,other,96820a49f38c7844deb8,-1,keyword_v2_people,,,,,,resident_refugee_status,"assistant read claim/title, not full-source verification (round 2, 2026-10-04)",ชาวอิสราเอลหลายพันคน ย้ายเข้ามาตั้งถิ่นฐานที่เกาะพะงัน,,,pending,2,ชาวอิสราเอล
2379,afnc,2025-11-07,2025,false,source,ชาวยิวในประเทศไทยเป็นทหารรับจ้างฆ่าเด็กและสตรี,cleaned_title,ชาวยิวในประเทศไทยเป็นทหารรับจ้างฆ่าเด็กและสตรี,https://www.antifakenewscenter.com/?p=79164,other,False,False,security,d1790f9508acb8d84c40,-1,keyword_v2_people,,,,,,resident_refugee_status,"assistant read claim/title, not full-source verification (round 2, 2026-10-04)",ชาวยิวในประเทศไทยเป็นทหารรับจ้างฆ่าเด็กและสตรี,,,pending,2,ชาวยิว
27394,cofact,2025-11-08,2025,misleading,human,อังคณาออกมาตำหนิเรื่องที่ฝั่งไทยเปิดเสียงโหยหวนผ่านลำโพงให้ฝั่งเขมรฟัง และโจมตีการกระทำดังกล่าวว่าเป็นการละเมิดสิทธิมนุษยชน,llm,ตรวจสอบ 4 เนื้อหาเท็จ ที่ปลุกปั่นความเกลียดชัง “อังคณา นีละไพจิตร”,https://blog.cofact.org/th/fact-check-thai-cambodia-angkhana-neelapaijit/,other,False,False,rights,da01cc597e8bc5f666ca,-1,keyword_v2_nationality,,,,,,out_of_scope,"assistant read claim/title, not full-source verification (round 2, 2026-10-04)",ตรวจสอบ 4 เนื้อหาเท็จ ที่ปลุกปั่นความเกลียดชัง “อังคณา นีละไพจิตร”,,,pending,2,เขมร
2154,afnc,2025-12-01,2025,false,source,กัมพูชายึดผาอินทรีย์ สายตรี 6 บ้านกรวด ห้ามชาวบ้านกรีดยาง,cleaned_title,กัมพูชายึดผาอินทรีย์ สายตรี 6 บ้านกรวด ห้ามชาวบ้านกรีดยาง ,https://www.antifakenewscenter.com/?p=80112,other,False,False,other,1fdf9e97ce09dd3d200b,-1,keyword_v2_nationality,,,,,,out_of_scope,"assistant read claim/title, not full-source verification (round 2, 2026-10-04)",กัมพูชายึดผาอินทรีย์ สายตรี 6 บ้านกรวด ห้ามชาวบ้านกรีดยาง ,,,pending,2,กัมพูชา
26870,thaipbs,2025-12-14,2025,false,source,กัมพูชายิงจรวด BM-21 ลงใส่ชุมชนบ้านเสาธงชัย อ.กันทรลักษ์ จ.ศรีสะเกษ ทำให้มีประชาชนบาดเจ็บ 10 คน รวมถึงผู้บาดเจ็บสาหัส 1 คน,llm,กระทรวงกลาโหมกัมพูชา โพสต์อ้าง “กองทัพ-สื่อไทย” ลงข่าวปลอม ผลตรวจสอบยันชัดกัมพูชาถล่ม BM-21 เข้าชุมชนไทย,https://www.thaipbs.or.th/verify/content/7619,other,False,False,other,796601c4886a3b973476,6,keyword_v2_nationality,,,,,,out_of_scope,"assistant read claim/title, not full-source verification (round 2, 2026-10-04)",กระทรวงกลาโหมกัมพูชา โพสต์อ้าง “กองทัพ-สื่อไทย” ลงข่าวปลอม ผลตรวจสอบยันชัดกัมพูชาถล่ม BM-21 เข้าชุมชนไทย,,,pending,2,กัมพูชา
2027,afnc,2025-12-14,2025,false,source,เครื่องบิน F-16 ของไทย ทิ้งระเบิดลงในพื้นที่โรงเรียน จังหวัดพระวิหาร กัมพูชา,cleaned_title,เครื่องบิน F-16 ของไทย ทิ้งระเบิดลงในพื้นที่โรงเรียน จังหวัดพระวิหาร กัมพูชา,https://www.antifakenewscenter.com/?p=80629,other,False,False,other,6383dfd92e129b414c50,6,keyword_v2_nationality,,,,,,out_of_scope,"assistant read claim/title, not full-source verification (round 2, 2026-10-04)",เครื่องบิน F-16 ของไทย ทิ้งระเบิดลงในพื้นที่โรงเรียน จังหวัดพระวิหาร กัมพูชา,,,pending,2,กัมพูชา
27495,cofact,2025-12-16,2025,false,human,พระสงฆ์และลูกศิษย์เป็นชาวต่างชาติที่เขมรจ้างมาก่อเหตุ,human,ภาพพระสงฆ์และผู้ติดตามชาวอิตาลี ถูกนำมาอ้างเท็จว่าเป็น “ชาวต่างชาติที่เขมรจ้างมาก่อเหตุ”,https://blog.cofact.org/th/fact-check-thai-cambodia-16122025/,other,False,False,security,2db01fc874c6493ceee7,-1,keyword_v2_people,,,,,,unclear,"assistant read claim/title, not full-source verification (round 2, 2026-10-04)",ภาพพระสงฆ์และผู้ติดตามชาวอิตาลี ถูกนำมาอ้างเท็จว่าเป็น “ชาวต่างชาติที่เขมรจ้างมาก่อเหตุ”,,,pending,2,ชาวต่างชาติ
1955,afnc,2025-12-21,2025,false,source,ไทยโจมตีโรงเรียนประถมศึกษาในเขตเศรษฐกิจพิเศษทมอดา ประเทศกัมพูชา,cleaned_title,ไทยโจมตีโรงเรียนประถมศึกษาในเขตเศรษฐกิจพิเศษทมอดา ประเทศกัมพูชา,https://www.antifakenewscenter.com/?p=80930,other,False,False,other,6786aab74bc7232d528f,-1,keyword_v2_nationality,,,,,,out_of_scope,"assistant read claim/title, not full-source verification (round 2, 2026-10-04)",ไทยโจมตีโรงเรียนประถมศึกษาในเขตเศรษฐกิจพิเศษทมอดา ประเทศกัมพูชา,,,pending,2,กัมพูชา
27454,cofact,2025-12-22,2025,false,human,ภาพทหารหญิงกัมพูชาเข้าแถวเตรียมถูกส่งไปรบที่ชายแดนไทย-กัมพูชา,human,ภาพ “ทหารหมวกฟ้า” รักษาสันติภาพ ถูกนำมาบิดเบือน ว่าเป็นทหารหญิงกัมพูชาที่ถูกส่งไปรบกับไทย,https://blog.cofact.org/th/fact-check-thai-cambodia-bluehelmet-22122025/,T10,False,True,other,7187715cb9be6722a589,63,keyword_v2_nationality,,,,,,out_of_scope,"assistant read claim/title, not full-source verification (round 2, 2026-10-04)",ภาพ “ทหารหมวกฟ้า” รักษาสันติภาพ ถูกนำมาบิดเบือน ว่าเป็นทหารหญิงกัมพูชาที่ถูกส่งไปรบกับไทย,,,pending,2,กัมพูชา
17201,afp,2025-12-26,2025,false,source,"ภาพโปรไฟล์เฟซบุ๊กของผู้ก่อเหตุกราดยิงที่หาดบอนดีชื่อ ""เดวิด โคเฮน""",source,โพสต์เท็จแชร์ภาพตัดต่อและอ้างว่าผู้ก่อเหตุกราดยิงที่หาดบอนไดเป็นชาวอิสราเอล,https://factcheckthailand.afp.com/doc.afp.com.88ZP3WE,other,False,False,security,345964d585ec94ec8feb,-1,keyword_v2_people,,,,,,out_of_scope,"assistant read claim/title, not full-source verification (round 2, 2026-10-04)",โพสต์เท็จแชร์ภาพตัดต่อและอ้างว่าผู้ก่อเหตุกราดยิงที่หาดบอนไดเป็นชาวอิสราเอล,,,pending,2,ชาวอิสราเอล
28016,cofact,2026-01-06,2026,misleading,human,เขื่อนแตก ทำให้เกิดน้ำท่วมรุนแรงในประเทศไทย,llm,ผู้ใช้เฟซบุ๊กชาวกัมพูชานำคลิปพนังกั้นน้ำพังมาให้ข้อมูลคลาดเคลื่อนว่าเป็นเหตุ “เขื่อนแตก” ในไทย,https://blog.cofact.org/th/fact-check-thai-cambodia-06012026/,T08,False,False,other,989b5798e044a98321c0,32,keyword_v2_people,,,,,,out_of_scope,"assistant read claim/title, not full-source verification (round 2, 2026-10-04)",ผู้ใช้เฟซบุ๊กชาวกัมพูชานำคลิปพนังกั้นน้ำพังมาให้ข้อมูลคลาดเคลื่อนว่าเป็นเหตุ “เขื่อนแตก” ในไทย,,,pending,2,ชาวกัมพูชา
1599,afnc,2026-01-28,2026,false,source,รถบรรทุกจากไทยลักลอบนำเข้ามันสำปะหลังของเขมร ที่ผ่านทางด่านเขมร-ลาว ทำให้ราคามันสำปะหลังในประเทศปรับลดลง,cleaned_title,รถบรรทุกจากไทยลักลอบนำเข้ามันสำปะหลังของเขมร ที่ผ่านทางด่านเขมร-ลาว ทำให้ราคามันสำปะหลังในประเทศปรับลดลง,https://www.antifakenewscenter.com/?p=82434,other,False,False,security,2ecd01f88e8ecd0921d8,-1,keyword_v2_nationality,,,,,,out_of_scope,"assistant read claim/title, not full-source verification (round 2, 2026-10-04)",รถบรรทุกจากไทยลักลอบนำเข้ามันสำปะหลังของเขมร ที่ผ่านทางด่านเขมร-ลาว ทำให้ราคามันสำปะหลังในประเทศปรับลดลง,,,pending,2,เขมร
1595,afnc,2026-01-28,2026,false,source,พบชาวอินเดีย 7 คน ติดเชื้อไวรัสนิปาห์ กักตัวที่โรงพยาบาลสิริโรจน์,cleaned_title,พบชาวอินเดีย 7 คน ติดเชื้อไวรัสนิปาห์ กักตัวที่โรงพยาบาลสิริโรจน์,https://www.antifakenewscenter.com/?p=82451,other,False,False,health,eefe9b4a5b7200c5d1b5,7,keyword_v2_people,,,,,,unclear,"assistant read claim/title, not full-source verification (round 2, 2026-10-04)",พบชาวอินเดีย 7 คน ติดเชื้อไวรัสนิปาห์ กักตัวที่โรงพยาบาลสิริโรจน์,,,pending,2,ชาวอินเดีย
1482,afnc,2026-02-09,2026,false,source,ผัดไทย มีรากเหง้ามาจากอาหารชาววังดั้งเดิมของกัมพูชา,cleaned_title,ผัดไทย มีรากเหง้ามาจากอาหารชาววังดั้งเดิมของกัมพูชา,https://www.antifakenewscenter.com/?p=82935,T01,False,False,other,93808499926af7488e76,52,keyword_v2_nationality,,,,,,out_of_scope,"assistant read claim/title, not full-source verification (round 2, 2026-10-04)",ผัดไทย มีรากเหง้ามาจากอาหารชาววังดั้งเดิมของกัมพูชา,,,pending,2,กัมพูชา
17294,afp,2026-02-10,2026,false,source,ภาพอนุทิน ชาญวีรกูลกับนักธุรกิจชาวต่างชาติ เบนจามิน เมาเออร์เบอร์เกอร์,source,ภาพนายกฯ อนุทินนั่งร่วมโต๊ะกับนักธุรกิจ 'เบน สมิธ' เป็นภาพเอไอ,https://factcheckthailand.afp.com/doc.afp.com.96RX2G3,other,False,False,other,d4f706b4d1e51c033e41,27,keyword_v2_people,,,,,,out_of_scope,"assistant read claim/title, not full-source verification (round 2, 2026-10-04)",ภาพนายกฯ อนุทินนั่งร่วมโต๊ะกับนักธุรกิจ 'เบน สมิธ' เป็นภาพเอไอ,,,pending,2,ชาวต่างชาติ
27924,cofact,2026-02-18,2026,misleading,human,นายกฯ ญี่ปุ่นจ่อเนรเทศชาวต่างชาติที่ปรับตัวกับวัฒนธรรมไม่ได้ หลังมุสลิมแห่ละหมาดกลางปราสาทฮิเมจิ,llm,เพจเฟซบุ๊กโพสต์คลิปสร้างความเข้าใจผิดเกี่ยวกับนโยบายคนเข้าเมืองและการกำกับดูแลชาวต่างชาติของรัฐบาลญี่ปุ่น,https://blog.cofact.org/th/fact-check-japan-policy-18022026/,other,False,False,other,9d37a633883317304228,28,keyword_v2_people,,,,,,out_of_scope,"assistant read claim/title, not full-source verification (round 2, 2026-10-04)",เพจเฟซบุ๊กโพสต์คลิปสร้างความเข้าใจผิดเกี่ยวกับนโยบายคนเข้าเมืองและการกำกับดูแลชาวต่างชาติของรัฐบาลญี่ปุ่น,,,pending,2,ชาวต่างชาติ
26807,thaipbs,2026-02-24,2026,misleading,source,กัมพูชาทวงสัญญา MOU 7 ฉบับ ขอรักษาฟรี-ทุนเรียน 800 ล้านบาท จี้รัฐบาลทบทวนหวั่นไทยเสียเปรียบ,llm,คลิปอ้าง “กัมพูชาทวงสัญญา 7 ฉบับ” ขอรักษาฟรี-ทุนเรียน 800 ล้าน แท้จริงบิดเบือน-ไม่มีอยู่จริงใน MOU,https://www.thaipbs.or.th/verify/content/9292,other,False,False,rights,f9ddf280991db1cad22f,-1,keyword_v2_nationality,,,,,,crossborder_people_services,"assistant read claim/title, not full-source verification (round 2, 2026-10-04)",คลิปอ้าง “กัมพูชาทวงสัญญา 7 ฉบับ” ขอรักษาฟรี-ทุนเรียน 800 ล้าน แท้จริงบิดเบือน-ไม่มีอยู่จริงใน MOU,,,pending,2,กัมพูชา
26809,thaipbs,2026-02-24,2026,false,source,“อันวาร์” นายกมาเลเซีย ออกมาเรียกร้องให้ไทยหยุดเล่นสงกรานต์ เพราะสงกรานต์เกิดขึ้นที่กัมพูชาเป็นที่แรกของโลก ไทยจึงไม่มีสิทธิ์เล่นสงกรานต์ ถ้าเขมรไม่อนุญาต,llm,โพสต์อ้าง “อันวาร์” วอนไทยหยุดเล่นสงกรานต์เพราะเป็นของเขมร แท้จริงเพียงเพจปลอมกุข่าว,https://www.thaipbs.or.th/verify/content/9281,other,False,False,rights,b7beb52648071f6b2a24,-1,keyword_v2_nationality,,,,,,out_of_scope,"assistant read claim/title, not full-source verification (round 2, 2026-10-04)",โพสต์อ้าง “อันวาร์” วอนไทยหยุดเล่นสงกรานต์เพราะเป็นของเขมร แท้จริงเพียงเพจปลอมกุข่าว,,,pending,2,เขมร
1308,afnc,2026-02-27,2026,false,source,ไฟป่าที่ลุกลามในกัมพูชา มีต้นตอมาจากการกระทำของทหารไทยที่ลักลอบจุดไฟเผาป่า,cleaned_title,ไฟป่าที่ลุกลามในกัมพูชา มีต้นตอมาจากการกระทำของทหารไทยที่ลักลอบจุดไฟเผาป่า,https://www.antifakenewscenter.com/?p=83724,other,False,False,security,3f332b50e03451e2561b,6,keyword_v2_nationality,,,,,,out_of_scope,"assistant read claim/title, not full-source verification (round 2, 2026-10-04)",ไฟป่าที่ลุกลามในกัมพูชา มีต้นตอมาจากการกระทำของทหารไทยที่ลักลอบจุดไฟเผาป่า,,,pending,2,กัมพูชา
27505,cofact,2026-03-01,2026,misleading,human,นฤมล ภิญโญสินวัฒน์ รมว. ศึกษาธิการ ระบุสะเทือนใจมากที่นักเรียนเขมรถูกส่งกลับ สงสารที่ถูกปิดโอกาสในการเรียน,llm,โฆษก ศธ. ยืนยัน “นฤมล ภิญโญสินวัฒน์” ไม่ได้ให้สัมภาษณ์ว่า “สะเทือนใจที่นักเรียนเขมรถูกส่งกลับ”,https://blog.cofact.org/th/fact-check-thai-cambodia-01032026/,other,False,False,security,1b49c07c942d541172b3,-1,keyword_v2_nationality,,,,,,crossborder_people_services,"assistant read claim/title, not full-source verification (round 2, 2026-10-04)",โฆษก ศธ. ยืนยัน “นฤมล ภิญโญสินวัฒน์” ไม่ได้ให้สัมภาษณ์ว่า “สะเทือนใจที่นักเรียนเขมรถูกส่งกลับ”,,,pending,2,เขมร
1266,afnc,2026-03-03,2026,false,source,ชาวต่างชาติสามารถต่อวีซ่าเข้าไทยแบบออนไลน์ ได้ที่บัญชี X : @JustMikeMcKay รับรองโดย ตม.,cleaned_title,ชาวต่างชาติสามารถต่อวีซ่าเข้าไทยแบบออนไลน์ ได้ที่บัญชี X : @JustMikeMcKay รับรองโดย ตม.,https://www.antifakenewscenter.com/?p=83906,other,False,False,other,02a87960cbe9dd711e06,-1,keyword_v2_people,,,,,,resident_refugee_status,"assistant read claim/title, not full-source verification (round 2, 2026-10-04)",ชาวต่างชาติสามารถต่อวีซ่าเข้าไทยแบบออนไลน์ ได้ที่บัญชี X : @JustMikeMcKay รับรองโดย ตม.,,,pending,2,ชาวต่างชาติ
27414,cofact,2026-03-04,2026,misleading,human,ไม่มีรัฐบาลของประเทศไหนใช้งบประมาณช่วยเหลือชาวต่างชาติที่ตกค้างจากสถานการณ์ในตะวันออกกลาง ยกเว้นรัฐบาลไทย,llm,ผู้ใช้เฟซบุ๊กเผยแพร่ข้อมูลบิดเบือนเกี่ยวกับการช่วยเหลือชาวต่างชาติที่ตกค้างจากสถานการณ์ตะวันออกกลาง,https://blog.cofact.org/th/fact-check-middle-east-04032026/,other,False,False,other,568a94894a64fa0f8661,-1,keyword_v2_people,,,,,,unclear,"assistant read claim/title, not full-source verification (round 2, 2026-10-04)",ผู้ใช้เฟซบุ๊กเผยแพร่ข้อมูลบิดเบือนเกี่ยวกับการช่วยเหลือชาวต่างชาติที่ตกค้างจากสถานการณ์ตะวันออกกลาง,,,pending,2,ชาวต่างชาติ
16735,afp,2026-03-10,2026,false,source,นายกฯ ญี่ปุ่นจ่อเนรเทศต่างชาติที่ปรับตัวเข้ากับวัฒนธรรมไม่ได้,source,โพสต์เท็จแชร์คลิปเก่าและอ้างว่านายกฯ ญี่ปุ่นประกาศนโยบายเนรเทศชาวต่างชาติ,https://factcheckthailand.afp.com/doc.afp.com.A2LK766,other,False,False,other,861f7df83ce31704c8aa,28,keyword_v2_people,,,,,,out_of_scope,"assistant read claim/title, not full-source verification (round 2, 2026-10-04)",โพสต์เท็จแชร์คลิปเก่าและอ้างว่านายกฯ ญี่ปุ่นประกาศนโยบายเนรเทศชาวต่างชาติ,,,pending,2,ชาวต่างชาติ
16740,afp,2026-03-10,2026,false,source,คลิปชาวอิสราเอลวิ่งหนีหาที่หลบภัยหลังอิหร่านโจมตีอิสราเอล,source,คลิปเหตุชุลมุนเก่าจากปี 2568 ถูกแชร์พร้อมคำกล่าวอ้างเท็จว่าเป็นภาพชาวอิสราเอลวิ่งหนีขีปนาวุธของอิหร่าน,https://factcheckthailand.afp.com/doc.afp.com.A27B4T3,T10,False,False,other,c439e1e6693378c8c93f,10,keyword_v2_people,,,,,,out_of_scope,"assistant read claim/title, not full-source verification (round 2, 2026-10-04)",คลิปเหตุชุลมุนเก่าจากปี 2568 ถูกแชร์พร้อมคำกล่าวอ้างเท็จว่าเป็นภาพชาวอิสราเอลวิ่งหนีขีปนาวุธของอิหร่าน,,,pending,2,ชาวอิสราเอล
1126,afnc,2026-03-17,2026,false,source,นักท่องเที่ยวชาวอิสราเอลถูกทำร้ายร่างกาย โดยนักท่องเที่ยวชาวไทยที่เกาะพะงัน,cleaned_title,นักท่องเที่ยวชาวอิสราเอลถูกทำร้ายร่างกาย โดยนักท่องเที่ยวชาวไทยที่เกาะพะงัน,https://www.antifakenewscenter.com/?p=84566,T10,False,False,security,554218993c8e76658f19,-1,keyword_v2_people,,,,,,unclear,"assistant read claim/title, not full-source verification (round 2, 2026-10-04)",นักท่องเที่ยวชาวอิสราเอลถูกทำร้ายร่างกาย โดยนักท่องเที่ยวชาวไทยที่เกาะพะงัน,,,pending,2,ชาวอิสราเอล
1117,afnc,2026-03-18,2026,false,source,ไทยเตรียมรับผู้อพยพชาวยิว เนื่องจากระบบป้องกันภัยอิสราเอลใกล้หมด,cleaned_title,ไทยเตรียมรับผู้อพยพชาวยิว เนื่องจากระบบป้องกันภัยอิสราเอลใกล้หมด,https://www.antifakenewscenter.com/?p=84600,T10,False,False,other,63b2b1d4ec3916490fd9,-1,keyword_v2_people,,,,,,crossborder_people_services,"assistant read claim/title, not full-source verification (round 2, 2026-10-04)",ไทยเตรียมรับผู้อพยพชาวยิว เนื่องจากระบบป้องกันภัยอิสราเอลใกล้หมด,,,pending,2,ผู้อพยพ
16731,afp,2026-03-18,2026,false,source,วิดีโอชาวอิสราเอลอพยพข้ามภูเขา 08/03/69,source,นี่คือวิดีโอการเก็บเกี่ยวสมุนไพร ไม่ใช่คนพลัดถิ่นจากสงครามตะวันออกกลาง,https://factcheckthailand.afp.com/doc.afp.com.A3PJ7NQ,T10,False,False,other,44fda23fc1398bae19e9,10,keyword_v2_people,,,,,,out_of_scope,"assistant read claim/title, not full-source verification (round 2, 2026-10-04)",นี่คือวิดีโอการเก็บเกี่ยวสมุนไพร ไม่ใช่คนพลัดถิ่นจากสงครามตะวันออกกลาง,,,pending,2,ชาวอิสราเอล
26771,thaipbs,2026-03-19,2026,misleading,source,อนุทินยังส่งน้ำมันไป สปป.ลาว แจ้งพอใช้ แต่จำกัดการซื้อของคนไทย,llm,“อนุทิน” ส่งออกน้ำมันให้ลาว แต่จำกัดคนไทย,https://www.thaipbs.or.th/verify/content/10174,other,False,False,other,253f02bd6a1f3616a04b,-1,keyword_v2_nationality,,,,,,out_of_scope,"assistant read claim/title, not full-source verification (round 2, 2026-10-04)",“อนุทิน” ส่งออกน้ำมันให้ลาว แต่จำกัดคนไทย,,,pending,2,ลาว
26772,thaipbs,2026-03-19,2026,false,source,รัฐบาลญี่ปุ่นได้ประกาศห้ามนักท่องเที่ยวชาวอิสราเอลทั้งหมดอย่างเป็นทางการ ซึ่งเป็นมาตรการสำคัญของนายกรัฐมนตรีซานาเอะ ทาคาอิจิ เพื่อให้กรุงโตเกียววางตัวห่างจากสงครามในภูมิภาค,llm,ข่าวปลอม ! ญี่ปุ่นห้ามนักท่องเที่ยวอิสราเอลเข้าประเทศ,https://www.thaipbs.or.th/verify/content/10160,T09;T10,False,False,other,d954cd0e552903412266,-1,keyword_v2_people,,,,,,out_of_scope,"assistant read claim/title, not full-source verification (round 2, 2026-10-04)",ข่าวปลอม ! ญี่ปุ่นห้ามนักท่องเที่ยวอิสราเอลเข้าประเทศ,,,pending,2,ชาวอิสราเอล
1108,afnc,2026-03-19,2026,false,source,รัฐบาลจัดสรรพื้นที่ให้กับชาวยิวที่อพยพมาอยู่ในไทยเพิ่มเติม,cleaned_title,รัฐบาลจัดสรรพื้นที่ให้กับชาวยิวที่อพยพมาอยู่ในไทยเพิ่มเติม,https://www.antifakenewscenter.com/?p=84633,other,False,False,other,1bbed4872d5651a21a49,-1,keyword_v2_people,,,,,,resident_refugee_status,"assistant read claim/title, not full-source verification (round 2, 2026-10-04)",รัฐบาลจัดสรรพื้นที่ให้กับชาวยิวที่อพยพมาอยู่ในไทยเพิ่มเติม,,,pending,2,ชาวยิว
1099,afnc,2026-03-20,2026,misleading,source,ชาวยิวและอิสราเอล มาตั้งหลักปักฐาน อยู่ตามสถานที่ท่องเที่ยวของไทย,cleaned_title,ชาวยิวและอิสราเอล มาตั้งหลักปักฐาน อยู่ตามสถานที่ท่องเที่ยวของไทย,https://www.antifakenewscenter.com/?p=84670,T10,False,False,other,0676a2c30f8f32c247cb,-1,keyword_v2_people,,,,,,resident_refugee_status,"assistant read claim/title, not full-source verification (round 2, 2026-10-04)",ชาวยิวและอิสราเอล มาตั้งหลักปักฐาน อยู่ตามสถานที่ท่องเที่ยวของไทย,,,pending,2,ชาวยิว
16725,afp,2026-03-25,2026,false,source,คลิปแสดงภาพชาวยิวในอิสราเอลพยายามเดินทางออกจากสนามบิน,source,เหตุชุลมุนในโรงภาพยนตร์ถูกแชร์ในโพสต์เท็จว่าเป็นภาพชาวอิสราเอลพยายามหนีออกนอกประเทศ,https://factcheckthailand.afp.com/doc.afp.com.A4LE49E,T10,False,False,other,d5c6b086188948b4d37c,10,keyword_v2_people,,,,,,out_of_scope,"assistant read claim/title, not full-source verification (round 2, 2026-10-04)",เหตุชุลมุนในโรงภาพยนตร์ถูกแชร์ในโพสต์เท็จว่าเป็นภาพชาวอิสราเอลพยายามหนีออกนอกประเทศ,,,pending,2,ชาวอิสราเอล
1022,afnc,2026-03-28,2026,false,source,"ชาวอิสราเอล 425,000 คน เตรียมอพยพเดินทางเข้าไทย",cleaned_title,"ชาวอิสราเอล 425,000 คน เตรียมอพยพเดินทางเข้าไทย",https://www.antifakenewscenter.com/?p=85013,T10,False,False,other,797b76da3469300ee9d9,-1,keyword_v2_people,,,,,,crossborder_people_services,"assistant read claim/title, not full-source verification (round 2, 2026-10-04)","ชาวอิสราเอล 425,000 คน เตรียมอพยพเดินทางเข้าไทย",,,pending,2,ชาวอิสราเอล
16722,afp,2026-03-31,2026,false,source,"ชาวอิสราเอล 425,000 คนอพยพมาประเทศไทย",source,"โพสต์เท็จบิดเบือนตัวเลขนักท่องเที่ยวอิสราเอล โดยอ้างว่าหนีสงครามมาประเทศไทย 425,000 คน",https://factcheckthailand.afp.com/doc.afp.com.A66D2T4,T10,False,False,other,db6a2757ef3b0c3f5f52,-1,keyword_v2_people,,,,,,crossborder_people_services,"assistant read claim/title, not full-source verification (round 2, 2026-10-04)","โพสต์เท็จบิดเบือนตัวเลขนักท่องเที่ยวอิสราเอล โดยอ้างว่าหนีสงครามมาประเทศไทย 425,000 คน",,,pending,2,ชาวอิสราเอล
940,afnc,2026-04-06,2026,false,source,"นายกฯ มาเลเซีย เรียกร้องให้ไทยจ่ายค่ารักษาพยาบาลตามที่กัมพูชาร้องขอ 5,000 ล้านบาท",cleaned_title,"นายกฯ มาเลเซีย เรียกร้องให้ไทยจ่ายค่ารักษาพยาบาลตามที่กัมพูชาร้องขอ 5,000 ล้านบาท",https://www.antifakenewscenter.com/?p=85346,other,False,False,other,008acce5e3f958d5707a,28,keyword_v2_nationality,,,,,,unclear,"assistant read claim/title, not full-source verification (round 2, 2026-10-04)","นายกฯ มาเลเซีย เรียกร้องให้ไทยจ่ายค่ารักษาพยาบาลตามที่กัมพูชาร้องขอ 5,000 ล้านบาท",,,pending,2,กัมพูชา
783,afnc,2026-04-21,2026,false,source,พบหมู่บ้านปริศนาเกือบ 400 หลัง ใน จ.สระแก้ว ยังถูกรุกล้ำอธิปไตย บ้านป่าไร่ ถูกกัมพูชาย้ายหลักเขต,cleaned_title,พบหมู่บ้านปริศนาเกือบ 400 หลัง ใน จ.สระแก้ว ยังถูกรุกล้ำอธิปไตย บ้านป่าไร่ ถูกกัมพูชาย้ายหลักเขต,https://www.antifakenewscenter.com/?p=86088,other,False,False,other,cb852130be75a8548bf9,6,keyword_v2_nationality,,,,,,unclear,"assistant read claim/title, not full-source verification (round 2, 2026-10-04)",พบหมู่บ้านปริศนาเกือบ 400 หลัง ใน จ.สระแก้ว ยังถูกรุกล้ำอธิปไตย บ้านป่าไร่ ถูกกัมพูชาย้ายหลักเขต,,,pending,2,กัมพูชา
726,afnc,2026-04-27,2026,false,source,ไทยไม่มีสิทธิซ่อมแซมปราสาทตาควาย หากจะซ่อมแซมต้องขออนุญาตกัมพูชาก่อน,cleaned_title,ไทยไม่มีสิทธิซ่อมแซมปราสาทตาควาย หากจะซ่อมแซมต้องขออนุญาตกัมพูชาก่อน,https://www.antifakenewscenter.com/?p=86391,other,False,False,rights,0d9cf34fd4d68c3468b7,6,keyword_v2_nationality,,,,,,out_of_scope,"assistant read claim/title, not full-source verification (round 2, 2026-10-04)",ไทยไม่มีสิทธิซ่อมแซมปราสาทตาควาย หากจะซ่อมแซมต้องขออนุญาตกัมพูชาก่อน,,,pending,2,กัมพูชา
723,afnc,2026-04-27,2026,false,source,นายกฯ วอนคนไทยอย่าใช้คำแรงกับกัมพูชา,cleaned_title,นายกฯ วอนคนไทยอย่าใช้คำแรงกับกัมพูชา,https://www.antifakenewscenter.com/?p=86399,other,False,False,other,314d7f4cf8e3114f9660,-1,keyword_v2_nationality,,,,,,out_of_scope,"assistant read claim/title, not full-source verification (round 2, 2026-10-04)",นายกฯ วอนคนไทยอย่าใช้คำแรงกับกัมพูชา,,,pending,2,กัมพูชา
28041,cofact,2026-04-28,2026,false,human,คลิป 3 นักปกป้องสิทธิมนุษยชน อังคณา-อัญชนา-พรเพ็ญ พูดปกป้องเขมรและกลุ่มบีอาร์เอ็น,llm,เพจเฟซบุ๊ก “เรื่องราวชายแดนใต้” โพสต์คลิป AI ใช้เนื้อหาเท็จโจมตีใส่ร้ายนักปกป้องสิทธิมนุษยชน,https://blog.cofact.org/th/fact-check-deepfake-28042026/,other,False,False,rights,077d005990902603c426,-1,keyword_v2_nationality,,,,,,out_of_scope,"assistant read claim/title, not full-source verification (round 2, 2026-10-04)",เพจเฟซบุ๊ก “เรื่องราวชายแดนใต้” โพสต์คลิป AI ใช้เนื้อหาเท็จโจมตีใส่ร้ายนักปกป้องสิทธิมนุษยชน,,,pending,2,เขมร
26726,thaipbs,2026-04-29,2026,false,source,นายกฯ วอนคนไทย ขอเคารพเพื่อนบ้าน อย่าใช้คำรุนแรงกับชาวเขมร,llm,โพสต์อ้าง “อนุทิน” วอนคนไทยเคารพ-หยุดใช้คำแรงกับกัมพูชา แท้จริงบิดเบือนคำพูดเก่าปี 68,https://www.thaipbs.or.th/verify/content/11471,other,False,False,other,1731a93b6ff5da7448c5,28,keyword_v2_people,,,,,,out_of_scope,"assistant read claim/title, not full-source verification (round 2, 2026-10-04)",โพสต์อ้าง “อนุทิน” วอนคนไทยเคารพ-หยุดใช้คำแรงกับกัมพูชา แท้จริงบิดเบือนคำพูดเก่าปี 68,,,pending,2,ชาวเขมร
26721,thaipbs,2026-05-05,2026,misleading,source,โครงการเชื่อมอ่าวไทย- อันดามัน (แลนด์บริดจ์) ต้องให้นักลงทุนชาวต่างชาติเช่าที่ดินระยะยาว (50-99 ปี) ให้คุ้มกับการลงทุนแสนล้าน ใจแม่งมีจะให้เช่า,llm,ข่าวบิดเบือน แลนด์บริดจ์ต้องให้ต่างชาติเช่า 55–99 ปี แท้จริงเป็นเพียงกำหนดเพดานไม่เกิน 99 ปี,https://www.thaipbs.or.th/verify/content/11814,other,False,False,other,397a942e8bb0e5e31f54,-1,keyword_v2_people,,,,,,unclear,"assistant read claim/title, not full-source verification (round 2, 2026-10-04)",ข่าวบิดเบือน แลนด์บริดจ์ต้องให้ต่างชาติเช่า 55–99 ปี แท้จริงเป็นเพียงกำหนดเพดานไม่เกิน 99 ปี,,,pending,2,ชาวต่างชาติ
637,afnc,2026-05-06,2026,false,source,มีการลักลอบซื้อทุเรียนไทย ไปขายในกัมพูชา วันละ 1 ตัน,cleaned_title,มีการลักลอบซื้อทุเรียนไทย ไปขายในกัมพูชา วันละ 1 ตัน,https://www.antifakenewscenter.com/?p=86743,other,False,False,security,827b9e5e9d68762c4e70,-1,keyword_v2_nationality,,,,,,out_of_scope,"assistant read claim/title, not full-source verification (round 2, 2026-10-04)",มีการลักลอบซื้อทุเรียนไทย ไปขายในกัมพูชา วันละ 1 ตัน,,,pending,2,กัมพูชา
629,afnc,2026-05-07,2026,misleading,source,พบชาวอิสราเอล ในภูเก็ต ถือโบชัวร์เดินขายทัวร์ ทั่วป่าตอง ลักษณะทำเป็นธุรกิจท่องเที่ยวนอมินี,cleaned_title,พบชาวอิสราเอล ในภูเก็ต ถือโบชัวร์เดินขายทัวร์ ทั่วป่าตอง ลักษณะทำเป็นธุรกิจท่องเที่ยวนอมินี,https://www.antifakenewscenter.com/?p=86782,T10,False,False,jobs,926ea29429a4c729f415,-1,keyword_v2_people,,,,,,resident_refugee_status,"assistant read claim/title, not full-source verification (round 2, 2026-10-04)",พบชาวอิสราเอล ในภูเก็ต ถือโบชัวร์เดินขายทัวร์ ทั่วป่าตอง ลักษณะทำเป็นธุรกิจท่องเที่ยวนอมินี,,,pending,2,ชาวอิสราเอล
618,afnc,2026-05-08,2026,false,source,(8 พ.ค.69) กองทัพไทยยิงขู่ ทหารกัมพูชาขยับเข้ามาประชิดห่างเพียง 20 เมตร ที่ตาเมือนธม,cleaned_title,(8 พ.ค.69) กองทัพไทยยิงขู่ ทหารกัมพูชาขยับเข้ามาประชิดห่างเพียง 20 เมตร ที่ตาเมือนธม,https://www.antifakenewscenter.com/?p=86827,T10,False,True,other,272331b428d48745d9c1,6,keyword_v2_nationality,,,,,,out_of_scope,"assistant read claim/title, not full-source verification (round 2, 2026-10-04)",(8 พ.ค.69) กองทัพไทยยิงขู่ ทหารกัมพูชาขยับเข้ามาประชิดห่างเพียง 20 เมตร ที่ตาเมือนธม,,,pending,2,กัมพูชา
582,afnc,2026-05-12,2026,false,source,ทหารกัมพูชาพร้อมอาวุธสงคราม เข้ามาในพื้นที่ไทยบริเวณช่องดาระกา ใกล้กับช่องสะงำ อ.บัวเชด จ.สุรินทร์,cleaned_title,ทหารกัมพูชาพร้อมอาวุธสงคราม เข้ามาในพื้นที่ไทยบริเวณช่องดาระกา ใกล้กับช่องสะงำ อ.บัวเชด จ.สุรินทร์,https://www.antifakenewscenter.com/?p=86980,T10,False,True,other,da5d82f758e297d692eb,6,keyword_v2_nationality,,,,,,out_of_scope,"assistant read claim/title, not full-source verification (round 2, 2026-10-04)",ทหารกัมพูชาพร้อมอาวุธสงคราม เข้ามาในพื้นที่ไทยบริเวณช่องดาระกา ใกล้กับช่องสะงำ อ.บัวเชด จ.สุรินทร์,,,pending,2,กัมพูชา
544,afnc,2026-05-16,2026,false,source,4 เดือนที่ผ่านมา พบชาวอิสราเอลแห่เข้าไทยพุ่งเป็นอันดับ 3 รองจากรัสเซีย - อินเดีย,cleaned_title,4 เดือนที่ผ่านมา พบชาวอิสราเอลแห่เข้าไทยพุ่งเป็นอันดับ 3 รองจากรัสเซีย - อินเดีย,https://www.antifakenewscenter.com/?p=87132,T10,False,False,other,dad99edd140f1188b8eb,-1,keyword_v2_people,,,,,,crossborder_people_services,"assistant read claim/title, not full-source verification (round 2, 2026-10-04)",4 เดือนที่ผ่านมา พบชาวอิสราเอลแห่เข้าไทยพุ่งเป็นอันดับ 3 รองจากรัสเซีย - อินเดีย,,,pending,2,ชาวอิสราเอล
542,afnc,2026-05-16,2026,misleading,source,คนไทยอีกกว่า 40 คน ยังติดคุกอยู่ที่กัมพูชา,cleaned_title,คนไทยอีกกว่า 40 คน ยังติดคุกอยู่ที่กัมพูชา,https://www.antifakenewscenter.com/?p=87140,other,False,False,other,8b79cd32bf90c960b4f1,-1,keyword_v2_nationality,,,,,,out_of_scope,"assistant read claim/title, not full-source verification (round 2, 2026-10-04)",คนไทยอีกกว่า 40 คน ยังติดคุกอยู่ที่กัมพูชา,,,pending,2,กัมพูชา
533,afnc,2026-05-17,2026,false,source,กระทรวงวัฒนธรรมของกัมพูชา อ้างปราสาทคนาอยู่ในอธิปไตยของกัมพูชา,cleaned_title,กระทรวงวัฒนธรรมของกัมพูชา อ้างปราสาทคนาอยู่ในอธิปไตยของกัมพูชา,https://www.antifakenewscenter.com/?p=87181,other,False,False,other,0a635cc3668f632eea06,52,keyword_v2_nationality,,,,,,out_of_scope,"assistant read claim/title, not full-source verification (round 2, 2026-10-04)",กระทรวงวัฒนธรรมของกัมพูชา อ้างปราสาทคนาอยู่ในอธิปไตยของกัมพูชา,,,pending,2,กัมพูชา
513,afnc,2026-05-19,2026,false,source,ชาวอิสราเอลติดธงชาติประเทศตนเองบนเกาะพะงัน,cleaned_title,ชาวอิสราเอลติดธงชาติประเทศตนเองบนเกาะพะงัน,https://www.antifakenewscenter.com/?p=87284,T10,False,False,other,826ad496859f2b3b9a08,-1,keyword_v2_people,,,,,,resident_refugee_status,"assistant read claim/title, not full-source verification (round 2, 2026-10-04)",ชาวอิสราเอลติดธงชาติประเทศตนเองบนเกาะพะงัน,,,pending,2,ชาวอิสราเอล
508,afnc,2026-05-20,2026,misleading,source,ไทยต้องงดใช้พื้นที่เกษตรเหมือนกัมพูชา ในพื้นที่อ้างสิทธิและพื้นที่นอกเส้นแดงอธิปไตยไทย,cleaned_title,ไทยต้องงดใช้พื้นที่เกษตรเหมือนกัมพูชา ในพื้นที่อ้างสิทธิและพื้นที่นอกเส้นแดงอธิปไตยไทย,https://www.antifakenewscenter.com/?p=87279,other,False,False,rights,f67db10fa12f467ad41a,6,keyword_v2_nationality,,,,,,out_of_scope,"assistant read claim/title, not full-source verification (round 2, 2026-10-04)",ไทยต้องงดใช้พื้นที่เกษตรเหมือนกัมพูชา ในพื้นที่อ้างสิทธิและพื้นที่นอกเส้นแดงอธิปไตยไทย,,,pending,2,กัมพูชา
505,afnc,2026-05-20,2026,false,source,ชาวอิสราเอลในไทย สามารถรับทำวีซ่า เอกสาร ให้ชาวอิสราเอลย้ายมาอยู่ถาวรในไทยได้,cleaned_title,ชาวอิสราเอลในไทย สามารถรับทำวีซ่า เอกสาร ให้ชาวอิสราเอลย้ายมาอยู่ถาวรในไทยได้,https://www.antifakenewscenter.com/?p=87295,T10,False,False,other,4977f68837b09e02aa7b,49,keyword_v2_people,,,,,,resident_refugee_status,"assistant read claim/title, not full-source verification (round 2, 2026-10-04)",ชาวอิสราเอลในไทย สามารถรับทำวีซ่า เอกสาร ให้ชาวอิสราเอลย้ายมาอยู่ถาวรในไทยได้,,,pending,2,ชาวอิสราเอล
501,afnc,2026-05-21,2026,false,source,ทหารไทย​ได้​ลักลอบ​ปัก​เสา​เขต​ใหม่ รุก​ล้ำ​เข้า​ไป​ใน​อธิปไตย​ของ​กัมพูชา,cleaned_title,ทหารไทย​ได้​ลักลอบ​ปัก​เสา​เขต​ใหม่ รุก​ล้ำ​เข้า​ไป​ใน​อธิปไตย​ของ​กัมพูชา,https://www.antifakenewscenter.com/?p=87309,other,False,False,security,7b54cc82123479cae68b,6,keyword_v2_nationality,,,,,,out_of_scope,"assistant read claim/title, not full-source verification (round 2, 2026-10-04)",ทหารไทย​ได้​ลักลอบ​ปัก​เสา​เขต​ใหม่ รุก​ล้ำ​เข้า​ไป​ใน​อธิปไตย​ของ​กัมพูชา,,,pending,2,กัมพูชา
480,afnc,2026-05-23,2026,false,source,ชาวอิสราเอล อพยพเข้าไทยปีละ 5 หมื่นคน ยึดปาย พะงัน และนราธิวาส ผ่านนอมินี ยึดที่ดินทำศาสนสถาน,cleaned_title,ชาวอิสราเอล อพยพเข้าไทยปีละ 5 หมื่นคน ยึดปาย พะงัน และนราธิวาส ผ่านนอมินี ยึดที่ดินทำศาสนสถาน,https://www.antifakenewscenter.com/?p=87396,T10,False,False,jobs,c023f79dfef71361c6ca,-1,keyword_v2_people,,,,,,resident_refugee_status,"assistant read claim/title, not full-source verification (round 2, 2026-10-04)",ชาวอิสราเอล อพยพเข้าไทยปีละ 5 หมื่นคน ยึดปาย พะงัน และนราธิวาส ผ่านนอมินี ยึดที่ดินทำศาสนสถาน,,,pending,2,ชาวอิสราเอล
478,afnc,2026-05-23,2026,misleading,source,ทหารไทยตกลงกับทหารกัมพูชา สั่งให้ชาวไทยหยุดทำนาในพื้นที่บ้านหนองจาน เพื่อรอการประชุม JBC,cleaned_title,ทหารไทยตกลงกับทหารกัมพูชา สั่งให้ชาวไทยหยุดทำนาในพื้นที่บ้านหนองจาน เพื่อรอการประชุม JBC,https://www.antifakenewscenter.com/?p=87409,T10,False,True,other,31a01d6f5b55ec784bde,6,keyword_v2_nationality,,,,,,out_of_scope,"assistant read claim/title, not full-source verification (round 2, 2026-10-04)",ทหารไทยตกลงกับทหารกัมพูชา สั่งให้ชาวไทยหยุดทำนาในพื้นที่บ้านหนองจาน เพื่อรอการประชุม JBC,,,pending,2,กัมพูชา
462,afnc,2026-05-25,2026,misleading,source,แม่ทัพภาคที่ 2 นำกำลังบุกป่าตัดถนน เพื่อชิงปักธงนารายณ์พันปี ก่อนกัมพูชาจะอ้างสิทธิ์,cleaned_title,แม่ทัพภาคที่ 2 นำกำลังบุกป่าตัดถนน เพื่อชิงปักธงนารายณ์พันปี ก่อนกัมพูชาจะอ้างสิทธิ์,https://www.antifakenewscenter.com/?p=87469,other,False,False,rights,f4525da8f5f319ff4d4b,6,keyword_v2_nationality,,,,,,out_of_scope,"assistant read claim/title, not full-source verification (round 2, 2026-10-04)",แม่ทัพภาคที่ 2 นำกำลังบุกป่าตัดถนน เพื่อชิงปักธงนารายณ์พันปี ก่อนกัมพูชาจะอ้างสิทธิ์,,,pending,2,กัมพูชา
27541,cofact,2026-05-26,2026,misleading,human,อาวุธปืนสงครามที่ยึดได้จากชายชาวจีนในคดี “หมิง ซีโฟร์” เป็นปืนปลอม,llm,อาวุธปืนยาวที่ตำรวจยึดได้ในคดี “หมิง ซีโฟร์” ไม่ใช่ “ปืนปลอม” แต่เป็น “อาวุธปืนดัดแปลงสภาพ”,https://blog.cofact.org/th/fact-check-crime-26052026/,other,False,False,other,b3e5da837c604d623b27,-1,keyword_v2_people,,,,,,unclear,"assistant read claim/title, not full-source verification (round 2, 2026-10-04)",อาวุธปืนยาวที่ตำรวจยึดได้ในคดี “หมิง ซีโฟร์” ไม่ใช่ “ปืนปลอม” แต่เป็น “อาวุธปืนดัดแปลงสภาพ”,,,pending,2,ชาวจีน
27503,cofact,2026-05-26,2026,misleading,human,กองทัพเรือเปิดด่านชายแดนไทย-กัมพูชาที่ จ.จันทบุรี มีประชาชนและรถบรรทุกสินค้ารอข้ามแดนจำนวนมาก,llm,ภาพรถและผู้คนติดค้างที่ด่านไทย-กัมพูชาปี 68 ถูกนำมาประกอบเนื้อหาเท็จว่ากองทัพเรือเปิดด่านที่ จ.จันทบุรี,https://blog.cofact.org/th/fact-check-thai-cambodia-26052026/,T10,False,True,other,56f92be1999938a10aca,28,keyword_v2_nationality,,,,,,crossborder_people_services,"assistant read claim/title, not full-source verification (round 2, 2026-10-04)",ภาพรถและผู้คนติดค้างที่ด่านไทย-กัมพูชาปี 68 ถูกนำมาประกอบเนื้อหาเท็จว่ากองทัพเรือเปิดด่านที่ จ.จันทบุรี,,,pending,2,กัมพูชา
392,afnc,2026-06-01,2026,false,source,ทางการไทยและกัมพูชามีมาตรการผ่อนปรนให้เปิดด่านพรมแดนบ้านคลองลึก ให้เด็กมาเรียน,cleaned_title,ทางการไทยและกัมพูชามีมาตรการผ่อนปรนให้เปิดด่านพรมแดนบ้านคลองลึก ให้เด็กมาเรียน,https://www.antifakenewscenter.com/?p=87789,other,False,False,other,523dc6768c4d8e0b317c,-1,keyword_v2_nationality,,,,,,crossborder_people_services,"assistant read claim/title, not full-source verification (round 2, 2026-10-04)",ทางการไทยและกัมพูชามีมาตรการผ่อนปรนให้เปิดด่านพรมแดนบ้านคลองลึก ให้เด็กมาเรียน,,,pending,2,กัมพูชา
391,afnc,2026-06-01,2026,false,source,รัฐมนตรีว่าการกระทรวงศึกษาธิการ แจ้งให้ทุนการศึกษาเด็กกัมพูชา 800 ล้านบาท,cleaned_title,รัฐมนตรีว่าการกระทรวงศึกษาธิการ แจ้งให้ทุนการศึกษาเด็กกัมพูชา 800 ล้านบาท,https://www.antifakenewscenter.com/?p=87793,other,False,False,other,1848ad690fd3371fb563,-1,keyword_v2_nationality,,,,,,resident_refugee_status,"assistant read claim/title, not full-source verification (round 2, 2026-10-04)",รัฐมนตรีว่าการกระทรวงศึกษาธิการ แจ้งให้ทุนการศึกษาเด็กกัมพูชา 800 ล้านบาท,,,pending,2,กัมพูชา
26689,thaipbs,2026-06-02,2026,altered_media,source,ภาพกู้ภัยไทยช่วยชาว สปป.ลาว ติดถ้ำ พร้อมถ่ายภาพร่วมผู้ประสบภัย,llm,ภาพอ้าง “กู้ภัยไทยถ่ายภาพร่วมกับผู้ประสบภัยติดถ้ำชาวลาว” แท้จริงสร้างจาก AI,https://www.thaipbs.or.th/verify/content/12880,other,False,False,other,6aeb2a3c1eededa77fd4,57,keyword_v2_people,,,,,,out_of_scope,"assistant read claim/title, not full-source verification (round 2, 2026-10-04)",ภาพอ้าง “กู้ภัยไทยถ่ายภาพร่วมกับผู้ประสบภัยติดถ้ำชาวลาว” แท้จริงสร้างจาก AI,,,pending,2,ชาวลาว
26687,thaipbs,2026-06-03,2026,false,source,สระแก้วเปิดด่านให้เด็กกัมพูชาข้ามมาเรียนได้แล้ว พร้อมรัฐมนตรีว่าการกระทรวงศึกษาธิการสั่งแจกทุนนักเรียนกัมพูชา 800 ล้านบาท,llm,โพสต์อ้าง “สระแก้วเปิดด่าน – รมต.ศึกษาฯ ให้ทุนเด็กกัมพูชา 800 ล้านบาท” แท้จริง Fake News ปั่นดรามา,https://www.thaipbs.or.th/verify/content/12931,other,False,False,other,c1a1c35424c93c5f8bf7,-1,keyword_v2_nationality,,,,,,crossborder_people_services,"assistant read claim/title, not full-source verification (round 2, 2026-10-04)",โพสต์อ้าง “สระแก้วเปิดด่าน – รมต.ศึกษาฯ ให้ทุนเด็กกัมพูชา 800 ล้านบาท” แท้จริง Fake News ปั่นดรามา,,,pending,2,กัมพูชา
334,afnc,2026-06-07,2026,false,source,กระทรวงแรงงาน เปิดรับแรงงานไปทำงานเกษตรที่ประเทศออสเตรเลีย ผ่านเฟซบุ๊ก ศุภลักษณ์ ลาวเครือ,cleaned_title,กระทรวงแรงงาน เปิดรับแรงงานไปทำงานเกษตรที่ประเทศออสเตรเลีย ผ่านเฟซบุ๊ก ศุภลักษณ์ ลาวเครือ,https://www.antifakenewscenter.com/?p=88037,other,False,False,jobs,6438530ca75f3ef0a9f8,31,keyword_v2_nationality,,,,,,out_of_scope,"assistant read claim/title, not full-source verification (round 2, 2026-10-04)",กระทรวงแรงงาน เปิดรับแรงงานไปทำงานเกษตรที่ประเทศออสเตรเลีย ผ่านเฟซบุ๊ก ศุภลักษณ์ ลาวเครือ,,,pending,2,ลาว
318,afnc,2026-06-09,2026,false,source,"วันที่ 5 มิ.ย. 69 ทหารไทยจุดไฟเผาบันไดไม้ทางขึ้นสู่ปราสาทคนาของกัมพูชากว่า 1,000 ขั้น",cleaned_title,"วันที่ 5 มิ.ย. 69 ทหารไทยจุดไฟเผาบันไดไม้ทางขึ้นสู่ปราสาทคนาของกัมพูชากว่า 1,000 ขั้น",https://www.antifakenewscenter.com/?p=88070,other,False,False,other,e3a58f6a5af02d35d2d5,6,keyword_v2_nationality,,,,,,out_of_scope,"assistant read claim/title, not full-source verification (round 2, 2026-10-04)","วันที่ 5 มิ.ย. 69 ทหารไทยจุดไฟเผาบันไดไม้ทางขึ้นสู่ปราสาทคนาของกัมพูชากว่า 1,000 ขั้น",,,pending,2,กัมพูชา
315,afnc,2026-06-09,2026,false,source,ชาวต่างชาติ เกาะพะงัน ข่มขู่ สั่งปิด-แจ้งจับคนไทยจัดงานบุญเสียงดัง,cleaned_title,ชาวต่างชาติ เกาะพะงัน ข่มขู่ สั่งปิด-แจ้งจับคนไทยจัดงานบุญเสียงดัง,https://www.antifakenewscenter.com/?p=88103,other,False,False,other,fd11efba648176aa3403,-1,keyword_v2_people,,,,,,resident_refugee_status,"assistant read claim/title, not full-source verification (round 2, 2026-10-04)",ชาวต่างชาติ เกาะพะงัน ข่มขู่ สั่งปิด-แจ้งจับคนไทยจัดงานบุญเสียงดัง,,,pending,2,ชาวต่างชาติ
27293,cofact,2026-06-09,2026,false,human,เด็กเขมรเรียนฟรีแต่เด็กไทยต้องกู้ กยศ,llm,ผู้ใช้เฟซบุ๊กโพสต์เนื้อหาที่สร้างความเข้าใจผิดเกี่ยวกับสิทธิด้านการศึกษาของเด็กไทย และการกู้เงิน กยศ.,https://blog.cofact.org/th/fact-check-thai-cambodia-09062026/,other,False,False,other,0c13de41dc526862df02,-1,keyword_v2_nationality,,,,,,resident_refugee_status,"assistant read claim/title, not full-source verification (round 2, 2026-10-04)",ผู้ใช้เฟซบุ๊กโพสต์เนื้อหาที่สร้างความเข้าใจผิดเกี่ยวกับสิทธิด้านการศึกษาของเด็กไทย และการกู้เงิน กยศ.,,,pending,2,เขมร
308,afnc,2026-06-10,2026,false,source,ทหารกัมพูชา นำกำลังพลเจาะทางขึ้น ปราสาทคนา,cleaned_title,ทหารกัมพูชา นำกำลังพลเจาะทางขึ้น ปราสาทคนา,https://www.antifakenewscenter.com/?p=88125,T10,False,True,other,3fd317bd438d6654cef6,6,keyword_v2_nationality,,,,,,out_of_scope,"assistant read claim/title, not full-source verification (round 2, 2026-10-04)",ทหารกัมพูชา นำกำลังพลเจาะทางขึ้น ปราสาทคนา,,,pending,2,กัมพูชา
292,afnc,2026-06-12,2026,false,source,ด่านชายแดนจังหวัดตราด เปิดให้นักเรียนกัมพูชา เข้ามาเรียนได้,cleaned_title,ด่านชายแดนจังหวัดตราด เปิดให้นักเรียนกัมพูชา เข้ามาเรียนได้,https://www.antifakenewscenter.com/?p=88181,other,False,True,other,3873c6e1932f971071b7,-1,keyword_v2_nationality,,,,,,crossborder_people_services,"assistant read claim/title, not full-source verification (round 2, 2026-10-04)",ด่านชายแดนจังหวัดตราด เปิดให้นักเรียนกัมพูชา เข้ามาเรียนได้,,,pending,2,กัมพูชา
26667,thaipbs,2026-06-23,2026,false,source,นี่คือสภาพของระบบรถไฟฟ้าใต้ดินของประเทศจีน เวลาฝนตก ทั้งที่ชาวจีนอ้างว่าประเทศของตนมีเทคโนโลยีก้าวหน้ากว่าโลกถึง 30 ปี,llm,ข่าวปลอม ตรวจสอบแล้ว คลิปน้ำท่วมรถไฟฟ้าใต้ดินจีนประชดเทคโนโลยีล้ำโลก แท้จริงเป็นเหตุการณ์เก่าปี 64,https://www.thaipbs.or.th/verify/content/13460,other,False,False,other,3c01df384ab5ef6144cd,32,keyword_v2_people,,,,,,out_of_scope,"assistant read claim/title, not full-source verification (round 2, 2026-10-04)",ข่าวปลอม ตรวจสอบแล้ว คลิปน้ำท่วมรถไฟฟ้าใต้ดินจีนประชดเทคโนโลยีล้ำโลก แท้จริงเป็นเหตุการณ์เก่าปี 64,,,pending,2,ชาวจีน
174,afnc,2026-06-24,2026,false,source,จีนใช้นโยบายโจมตีผ่านสื่อ เพื่อไม่ให้ชาวจีนเดินทางมาประเทศไทย,cleaned_title,จีนใช้นโยบายโจมตีผ่านสื่อ เพื่อไม่ให้ชาวจีนเดินทางมาประเทศไทย,https://www.antifakenewscenter.com/?p=88761,other,False,False,other,70fb0ccbf5072e30aa31,-1,keyword_v2_people,,,,,,out_of_scope,"assistant read claim/title, not full-source verification (round 2, 2026-10-04)",จีนใช้นโยบายโจมตีผ่านสื่อ เพื่อไม่ให้ชาวจีนเดินทางมาประเทศไทย,,,pending,2,ชาวจีน
98,afnc,2026-07-02,2026,false,source,พบแก๊งชาวอิสราเอลครอบครองอาวุธสงครามและวัตถุระเบิดบนเกาะสมุย ถูกตำรวจสากลตามจับ หลังหลบหนีมาอยู่ในไทย,cleaned_title,พบแก๊งชาวอิสราเอลครอบครองอาวุธสงครามและวัตถุระเบิดบนเกาะสมุย ถูกตำรวจสากลตามจับ หลังหลบหนีมาอยู่ในไทย,https://www.antifakenewscenter.com/?p=89095,T10,False,False,security,d99d947df580c5564d31,10,keyword_v2_people,,,,,,resident_refugee_status,"assistant read claim/title, not full-source verification (round 2, 2026-10-04)",พบแก๊งชาวอิสราเอลครอบครองอาวุธสงครามและวัตถุระเบิดบนเกาะสมุย ถูกตำรวจสากลตามจับ หลังหลบหนีมาอยู่ในไทย,,,pending,2,ชาวอิสราเอล
26655,thaipbs,2026-07-05,2026,false,source,เพจเวียดนามปลอมชื่อสวนไทย ยิงโฆษณา AI ขายพันธุ์เงาะโรงเรียนนาสาร ต้นละ 59 บาท คนหลงเชื่อสนใจนับพันคน,llm,เพจเวียดนามปลอมชื่อสวนไทย ยิงโฆษณา AI ขายพันธุ์เงาะโรงเรียน พบคนหลงเชื่อสนใจนับพันคน,https://www.thaipbs.or.th/verify/content/13488,other,False,False,other,04834fb173516f81ea7b,-1,keyword_v2_nationality,,,,,,out_of_scope,"assistant read claim/title, not full-source verification (round 2, 2026-10-04)",เพจเวียดนามปลอมชื่อสวนไทย ยิงโฆษณา AI ขายพันธุ์เงาะโรงเรียน พบคนหลงเชื่อสนใจนับพันคน,,,pending,2,เวียดนาม
19,cofact,2026-07-10,2026,false,human,ทหารบ้านเขมร พร้อม BHQ ฝึกให้ชาวเขมรชายแดนแถวศรีโสภณ ตรงข้ามสระแก้ว,llm,คลิปคนกัมพูชาถ่ายคอนเทนต์หารายได้ออนไลน์ ถูกบิดเบือนว่าเป็นคลิปทหาร BHQ ฝึกชาวบ้านบินโดรน,https://blog.cofact.org/th/report-thai-cambodia-mmo-072026/,other,False,True,other,fbf1ea606234ce688fa5,6,keyword_v2_people,,,,,,out_of_scope,"assistant read claim/title, not full-source verification (round 2, 2026-10-04)",คลิปคนกัมพูชาถ่ายคอนเทนต์หารายได้ออนไลน์ ถูกบิดเบือนว่าเป็นคลิปทหาร BHQ ฝึกชาวบ้านบินโดรน,,,pending,2,คนกัมพูชา
17,cofact,2026-07-10,2026,false,human,รัฐมนตรีต่างประเทศ “สีหศักดิ์ พวงเกตุแก้ว” ระบุ “ไม่เห็นด้วย เอาเงินภาษีคนไทยไปให้เด็กเขมร”,llm,เพจเฟซบุ๊กเผยแพร่คำพูดปลอมของ “สีหศักดิ์” กต. ยืนยันไม่ใช่คำพูดของรัฐมนตรี,https://blog.cofact.org/th/fact-check-sihasak-10072026/,other,False,False,other,46463eab7dba913eebd3,-1,keyword_v2_nationality,,,,,,resident_refugee_status,"assistant read claim/title, not full-source verification (round 2, 2026-10-04)",เพจเฟซบุ๊กเผยแพร่คำพูดปลอมของ “สีหศักดิ์” กต. ยืนยันไม่ใช่คำพูดของรัฐมนตรี,,,pending,2,เขมร
14,afnc,2026-07-10,2026,false,source,รมว. กระทรวงการต่างประเทศ ไม่เห็นด้วยกรณีนำเงินภาษีคนไทยให้เด็กเขมร,cleaned_title,รมว. กระทรวงการต่างประเทศ ไม่เห็นด้วยกรณีนำเงินภาษีคนไทยให้เด็กเขมร,https://www.antifakenewscenter.com/?p=89588,other,False,False,other,d5ada7b7548d6f772546,-1,keyword_v2_nationality,,,,,,resident_refugee_status,"assistant read claim/title, not full-source verification (round 2, 2026-10-04)",รมว. กระทรวงการต่างประเทศ ไม่เห็นด้วยกรณีนำเงินภาษีคนไทยให้เด็กเขมร,,,pending,2,เขมร
28736,thaipbs,2026-08-18,2026,misleading,human,“จีนเทา” ช่วย “กัมพูชา” ใช้แอนตี้โดรนโจมตีฝ่ายไทย,cleaned_title,“จีนเทา” ช่วย “กัมพูชา” ใช้แอนตี้โดรนโจมตีฝ่ายไทย,https://www.thaipbs.or.th/verify/content/15136,other,False,False,other,22b9f013aa2c9d88de72,-1,keyword_v2_people,,,,,,out_of_scope,"assistant read claim/title, not full-source verification (round 2, 2026-10-04)",“จีนเทา” ช่วย “กัมพูชา” ใช้แอนตี้โดรนโจมตีฝ่ายไทย,,,pending,2,จีนเทา
